image_id,image_path,image_filename,split,method,city_name,predicted_class_index,predicted_class_label,predicted_probability,gdino_model_id,sam_model_id,grounding_text_prompt,gdino_box_threshold,gdino_text_threshold,gdino_num_boxes,sam_num_masks,used_full_image_fallback,combined_mask_area,attribution_percentile,threshold_value,attribution_density,attribution_map_height,attribution_map_width,mask_height,mask_width,attribution_mass_inside,attribution_mass_outside,combined_iou,inside_ratio,coverage_ratio,attribution_area,intersection_area,union_area,sam_mask_area,runtime_seconds,status
PolycarbonateSheetMaterials__Valletta_Malta_heightNA_numstoriesNA_roofshapeNA_fpArea1207_imsat_36.744908012.88693898.jpg,/scratch/yd3288/RoofNet-xAI/RoofNet-Images/PolycarbonateSheetMaterials/Valletta_Malta_heightNA_numstoriesNA_roofshapeNA_fpArea1207_imsat_36.744908012.88693898.jpg,Valletta_Malta_heightNA_numstoriesNA_roofshapeNA_fpArea1207_imsat_36.744908012.88693898.jpg,holdout,transformer_explainability,Valletta Malta,7,PolycarbonateSheetMaterials,0.999789297580719,IDEA-Research/grounding-dino-base,facebook/sam-vit-huge,building . rooftop . roof,0.2,0.15,2,2,False,310734,80.0,0.05507099032402039,0.20000053312861193,224,224,588,638,0.5983675623643917,0.4016324376356083,0.1244669346446571,0.5691132761998694,0.13741656851197487,75029,42700,343063,310734,4.733,success
PolycarbonateSheetMaterials__Lima_Peru_heightNA_numstories1_roofshapeNA_fpArea23776_imsat_-12.56833145-76.68236145.jpg,/scratch/yd3288/RoofNet-xAI/RoofNet-Images/PolycarbonateSheetMaterials/Lima_Peru_heightNA_numstories1_roofshapeNA_fpArea23776_imsat_-12.56833145-76.68236145.jpg,Lima_Peru_heightNA_numstories1_roofshapeNA_fpArea23776_imsat_-12.56833145-76.68236145.jpg,holdout,transformer_explainability,Lima Peru Heightna Numstories1 Roofshapena Fparea23776 Imsat ,6,MetalSheetMaterials,0.9972602128982544,IDEA-Research/grounding-dino-base,facebook/sam-vit-huge,building . rooftop . roof,0.2,0.15,3,3,False,102608,80.0,0.04243946820497513,0.20000620751730344,224,224,202,638,0.8604566237742891,0.13954337622571092,0.20632176347884915,0.8518777157045313,0.21399890846717604,25776,21958,106426,102608,0.706,success
PolycarbonateSheetMaterials__Sarajevo_Bosnia_and_Herzegovina_heightNA_numstoriesNA_roofshapeNA_fpArea1324_imsat_43.8488911318.31734536.jpg,/scratch/yd3288/RoofNet-xAI/RoofNet-Images/PolycarbonateSheetMaterials/Sarajevo_Bosnia_and_Herzegovina_heightNA_numstoriesNA_roofshapeNA_fpArea1324_imsat_43.8488911318.31734536.jpg,Sarajevo_Bosnia_and_Herzegovina_heightNA_numstoriesNA_roofshapeNA_fpArea1324_imsat_43.8488911318.31734536.jpg,holdout,transformer_explainability,Sarajevo Bosnia And Herzegovina,7,PolycarbonateSheetMaterials,0.6278399229049683,IDEA-Research/grounding-dino-base,facebook/sam-vit-huge,building . rooftop . roof,0.2,0.15,2,2,False,265428,80.0,0.030785739421844482,0.20000249784560817,224,224,638,502,0.613467889269014,0.386532110730986,0.17050399838004326,0.7492662670163607,0.18082116430821163,64056,47995,281489,265428,0.741,success
PolycarbonateSheetMaterials__Lima_Peru_heightNA_numstories2_roofshapeNA_fpArea44096_imsat_-11.29392935-77.3445416.jpg,/scratch/yd3288/RoofNet-xAI/RoofNet-Images/PolycarbonateSheetMaterials/Lima_Peru_heightNA_numstories2_roofshapeNA_fpArea44096_imsat_-11.29392935-77.3445416.jpg,Lima_Peru_heightNA_numstories2_roofshapeNA_fpArea44096_imsat_-11.29392935-77.3445416.jpg,holdout,transformer_explainability,Lima Peru Heightna Numstories2 Roofshapena Fparea44096 Imsat ,6,MetalSheetMaterials,0.9896461367607117,IDEA-Research/grounding-dino-base,facebook/sam-vit-huge,building . rooftop . roof,0.2,0.15,5,5,False,92082,80.0,0.04777729287743575,0.20000211810556637,224,224,148,638,0.9904020515024734,0.009597948497526619,0.2042127424063202,0.9964522107492719,0.20436133011880714,18885,18818,92149,92082,0.642,success
PolycarbonateSheetMaterials__Lima_Peru_heightNA_numstoriesNA_roofshapeNA_fpArea41780_imsat_-10.61361005-77.84910445.jpg,/scratch/yd3288/RoofNet-xAI/RoofNet-Images/PolycarbonateSheetMaterials/Lima_Peru_heightNA_numstoriesNA_roofshapeNA_fpArea41780_imsat_-10.61361005-77.84910445.jpg,Lima_Peru_heightNA_numstoriesNA_roofshapeNA_fpArea41780_imsat_-10.61361005-77.84910445.jpg,holdout,transformer_explainability,Lima Peru Heightna Numstoriesna Roofshapena Fparea41780 Imsat ,6,MetalSheetMaterials,0.9961822628974915,IDEA-Research/grounding-dino-base,facebook/sam-vit-huge,building . rooftop . roof,0.2,0.15,4,4,False,73033,80.0,0.06547259241342544,0.2000059147098835,224,224,159,638,0.834760083908318,0.16523991609168198,0.22064536381829358,0.8314357533638917,0.23097777716922488,20289,16869,76453,73033,0.679,success
PolycarbonateSheetMaterials__Lima_Peru_heightNA_numstoriesNA_roofshapeNA_fpArea34428_imsat_-11.61893955-77.1522215.jpg,/scratch/yd3288/RoofNet-xAI/RoofNet-Images/PolycarbonateSheetMaterials/Lima_Peru_heightNA_numstoriesNA_roofshapeNA_fpArea34428_imsat_-11.61893955-77.1522215.jpg,Lima_Peru_heightNA_numstoriesNA_roofshapeNA_fpArea34428_imsat_-11.61893955-77.1522215.jpg,holdout,transformer_explainability,Lima Peru Heightna Numstoriesna Roofshapena Fparea34428 Imsat ,6,MetalSheetMaterials,0.9984630346298218,IDEA-Research/grounding-dino-base,facebook/sam-vit-huge,building . rooftop . roof,0.2,0.15,8,8,False,22443,80.0,0.047260512411594395,0.2,224,224,175,635,0.1756674142349347,0.8243325857650653,0.09231408798571883,0.16985376827896512,0.16820389431002986,22225,3775,40893,22443,0.688,success
PolycarbonateSheetMaterials__Hanoi_Vietnam_heightNA_numstoriesNA_roofshapeNA_fpArea1302_imsat_21.1100559105.46076125.jpg,/scratch/yd3288/RoofNet-xAI/RoofNet-Images/PolycarbonateSheetMaterials/Hanoi_Vietnam_heightNA_numstoriesNA_roofshapeNA_fpArea1302_imsat_21.1100559105.46076125.jpg,Hanoi_Vietnam_heightNA_numstoriesNA_roofshapeNA_fpArea1302_imsat_21.1100559105.46076125.jpg,holdout,transformer_explainability,Hanoi Vietnam,6,MetalSheetMaterials,0.9928774237632751,IDEA-Research/grounding-dino-base,facebook/sam-vit-huge,building . rooftop . roof,0.2,0.15,1,1,False,193264,80.0,0.04647478088736534,0.20000324009947104,224,224,638,387,0.6685177445011766,0.3314822554988234,0.17404052720199734,0.7284030618443967,0.18611847007202584,49382,35970,206676,193264,0.784,success
AmorphousAsphalt__Sofia_Bulgaria_heightNA_numstoriesNA_roofshapeNA_fpArea3423_imsat_42.6910689523.3639081.jpg,/scratch/yd3288/RoofNet-xAI/RoofNet-Images/AmorphousAsphalt/Sofia_Bulgaria_heightNA_numstoriesNA_roofshapeNA_fpArea3423_imsat_42.6910689523.3639081.jpg,Sofia_Bulgaria_heightNA_numstoriesNA_roofshapeNA_fpArea3423_imsat_42.6910689523.3639081.jpg,holdout,transformer_explainability,Sofia Bulgaria,10,AmorphousAsphalt,0.7645173072814941,IDEA-Research/grounding-dino-base,facebook/sam-vit-huge,building . rooftop . roof,0.2,0.15,4,4,False,340335,80.0,0.04587818756699562,0.20000153128804293,224,224,619,633,0.6897117565139393,0.3102882434860607,0.17165043653458698,0.7827501722685859,0.18023711930891623,78366,61341,357360,340335,0.694,success
AmorphousAsphalt__Bucharest_Romania_heightNA_numstoriesNA_roofshapeNA_fpArea6415_imsat_44.4448829726.05566014.jpg,/scratch/yd3288/RoofNet-xAI/RoofNet-Images/AmorphousAsphalt/Bucharest_Romania_heightNA_numstoriesNA_roofshapeNA_fpArea6415_imsat_44.4448829726.05566014.jpg,Bucharest_Romania_heightNA_numstoriesNA_roofshapeNA_fpArea6415_imsat_44.4448829726.05566014.jpg,holdout,transformer_explainability,Bucharest Romania,10,AmorphousAsphalt,0.9903625845909119,IDEA-Research/grounding-dino-base,facebook/sam-vit-huge,building . rooftop . roof,0.2,0.15,3,3,False,218420,80.0,0.05513691157102585,0.2000010143325185,224,224,634,622,0.49223939358800767,0.5077606064119924,0.19543363572025993,0.6162292379865602,0.22251625309037634,78870,48602,248688,218420,0.695,success
AmorphousAsphalt__New_York_United_States_height27.2_numstoriesNA_roofshapeNA_fpArea1080_imsat_40.70240791-73.77863916.jpg,/scratch/yd3288/RoofNet-xAI/RoofNet-Images/AmorphousAsphalt/New_York_United_States_height27.2_numstoriesNA_roofshapeNA_fpArea1080_imsat_40.70240791-73.77863916.jpg,New_York_United_States_height27.2_numstoriesNA_roofshapeNA_fpArea1080_imsat_40.70240791-73.77863916.jpg,holdout,transformer_explainability,New York United States Height27.2 Numstoriesna Roofshapena Fparea1080 Imsat 40.70240791,10,AmorphousAsphalt,0.7596723437309265,IDEA-Research/grounding-dino-base,facebook/sam-vit-huge,building . rooftop . roof,0.2,0.15,4,4,False,289217,80.0,0.04523892700672151,0.20000115888955203,224,224,638,541,0.6894056640054597,0.31059433599454034,0.18080060647011323,0.7946169892223897,0.1896638164423253,69032,54854,303395,289217,0.703,success
AmorphousAsphalt__Los_Angeles_California_height34.1_numstoriesNA_roofshapeNA_fpArea7037_imsat_33.99753555-118.43925121_2.jpg,/scratch/yd3288/RoofNet-xAI/RoofNet-Images/AmorphousAsphalt/Los_Angeles_California_height34.1_numstoriesNA_roofshapeNA_fpArea7037_imsat_33.99753555-118.43925121_2.jpg,Los_Angeles_California_height34.1_numstoriesNA_roofshapeNA_fpArea7037_imsat_33.99753555-118.43925121_2.jpg,holdout,transformer_explainability,Los Angeles California Height34.1 Numstoriesna Roofshapena Fparea7037 Imsat 33.99753555,9,AmorphousConcrete,0.9592410326004028,IDEA-Research/grounding-dino-base,facebook/sam-vit-huge,building . rooftop . roof,0.2,0.15,8,8,False,284056,80.0,0.06324180215597153,0.2,224,224,622,615,0.6120978731427607,0.3879021268572394,0.12905316753770954,0.5386897759652838,0.14508758836285804,76506,41213,319349,284056,0.695,success
AmorphousAsphalt__Minsk_Belarus_heightNA_numstories1_roofshapeNA_fpArea12443_imsat_53.8563908927.55988223_5.jpg,/scratch/yd3288/RoofNet-xAI/RoofNet-Images/AmorphousAsphalt/Minsk_Belarus_heightNA_numstories1_roofshapeNA_fpArea12443_imsat_53.8563908927.55988223_5.jpg,Minsk_Belarus_heightNA_numstories1_roofshapeNA_fpArea12443_imsat_53.8563908927.55988223_5.jpg,holdout,transformer_explainability,Minsk Belarus,6,MetalSheetMaterials,0.9755207300186157,IDEA-Research/grounding-dino-base,facebook/sam-vit-huge,building . rooftop . roof,0.2,0.15,5,5,False,196379,80.0,0.05497887358069421,0.20000211810556637,224,224,444,638,0.5042128480996397,0.4957871519003603,0.1264178493206788,0.5012443738416733,0.14460813019722069,56655,28398,224636,196379,0.714,success
AmorphousAsphalt__Minsk_Belarus_heightNA_numstories2_roofshapeNA_fpArea33000_imsat_53.9062932327.51374917.jpg,/scratch/yd3288/RoofNet-xAI/RoofNet-Images/AmorphousAsphalt/Minsk_Belarus_heightNA_numstories2_roofshapeNA_fpArea33000_imsat_53.9062932327.51374917.jpg,Minsk_Belarus_heightNA_numstories2_roofshapeNA_fpArea33000_imsat_53.9062932327.51374917.jpg,holdout,transformer_explainability,Minsk Belarus,10,AmorphousAsphalt,0.9998918771743774,IDEA-Research/grounding-dino-base,facebook/sam-vit-huge,building . rooftop . roof,0.2,0.15,4,4,False,235049,80.0,0.06376277655363083,0.20000277415596304,224,224,452,638,0.6004209054749752,0.39957909452502477,0.14398433653011936,0.6387925653651432,0.15674604018736518,57676,36843,255882,235049,0.722,success
AmorphousAsphalt__Budapest_Hungary_heightNA_numstoriesNA_roofshapeNA_fpArea242_imsat_47.4437795219.02945875.jpg,/scratch/yd3288/RoofNet-xAI/RoofNet-Images/AmorphousAsphalt/Budapest_Hungary_heightNA_numstoriesNA_roofshapeNA_fpArea242_imsat_47.4437795219.02945875.jpg,Budapest_Hungary_heightNA_numstoriesNA_roofshapeNA_fpArea242_imsat_47.4437795219.02945875.jpg,holdout,transformer_explainability,Budapest Hungary,10,AmorphousAsphalt,0.957248866558075,IDEA-Research/grounding-dino-base,facebook/sam-vit-huge,building . rooftop . roof,0.2,0.15,1,1,False,364474,80.0,0.041430465131998065,0.20000049134737277,224,224,638,638,0.9182041743298478,0.08179582567015221,0.2017016895615872,0.91930867594492,0.20533700620620401,81409,74840,371043,364474,0.678,success
AmorphousAsphalt__Muscat_Oman_heightNA_numstoriesNA_roofshapeNA_fpArea142_imsat_23.6399240858.22000217.jpg,/scratch/yd3288/RoofNet-xAI/RoofNet-Images/AmorphousAsphalt/Muscat_Oman_heightNA_numstoriesNA_roofshapeNA_fpArea142_imsat_23.6399240858.22000217.jpg,Muscat_Oman_heightNA_numstoriesNA_roofshapeNA_fpArea142_imsat_23.6399240858.22000217.jpg,holdout,transformer_explainability,Muscat Oman,6,MetalSheetMaterials,0.9470957517623901,IDEA-Research/grounding-dino-base,facebook/sam-vit-huge,building . rooftop . roof,0.2,0.15,2,2,False,341331,80.0,0.06183988079428677,0.20000049917137552,224,224,638,628,0.9204950873509834,0.07950491264901657,0.21270296166495464,0.9225038373703718,0.2165727695404168,80133,73923,347541,341331,0.692,success
AmorphousAsphalt__Minsk_Belarus_heightNA_numstoriesNA_roofshapeflat_fpArea6822_imsat_53.850852127.4652055.jpg,/scratch/yd3288/RoofNet-xAI/RoofNet-Images/AmorphousAsphalt/Minsk_Belarus_heightNA_numstoriesNA_roofshapeflat_fpArea6822_imsat_53.850852127.4652055.jpg,Minsk_Belarus_heightNA_numstoriesNA_roofshapeflat_fpArea6822_imsat_53.850852127.4652055.jpg,holdout,transformer_explainability,Minsk Belarus,10,AmorphousAsphalt,0.9829126596450806,IDEA-Research/grounding-dino-base,facebook/sam-vit-huge,building . rooftop . roof,0.2,0.15,2,2,False,160416,80.0,0.07094288170337679,0.20000092745450834,224,224,638,338,0.7469269914118776,0.2530730085881224,0.19776035966058209,0.7792204781005819,0.20949905246359465,43129,33607,169938,160416,0.72,success
AmorphousAsphalt__Warsaw_Poland_heightNA_numstories4_roofshapeNA_fpArea18809_imsat_52.2096811320.89209873_0.jpg,/scratch/yd3288/RoofNet-xAI/RoofNet-Images/AmorphousAsphalt/Warsaw_Poland_heightNA_numstories4_roofshapeNA_fpArea18809_imsat_52.2096811320.89209873_0.jpg,Warsaw_Poland_heightNA_numstories4_roofshapeNA_fpArea18809_imsat_52.2096811320.89209873_0.jpg,holdout,transformer_explainability,Warsaw Poland,10,AmorphousAsphalt,0.9997575879096985,IDEA-Research/grounding-dino-base,facebook/sam-vit-huge,building . rooftop . roof,0.2,0.15,8,8,False,214388,80.0,0.1021052658557892,0.2000018659501418,224,224,504,638,0.5512610409965476,0.44873895900345245,0.14115672023748593,0.5360513753479187,0.16080191055469523,64311,34474,244225,214388,0.704,success
AmorphousAsphalt__Valletta_Malta_heightNA_numstoriesNA_roofshapeNA_fpArea52526_imsat_35.9003797314.51696956_10.jpg,/scratch/yd3288/RoofNet-xAI/RoofNet-Images/AmorphousAsphalt/Valletta_Malta_heightNA_numstoriesNA_roofshapeNA_fpArea52526_imsat_35.9003797314.51696956_10.jpg,Valletta_Malta_heightNA_numstoriesNA_roofshapeNA_fpArea52526_imsat_35.9003797314.51696956_10.jpg,holdout,transformer_explainability,Valletta Malta,9,AmorphousConcrete,0.9619348049163818,IDEA-Research/grounding-dino-base,facebook/sam-vit-huge,building . rooftop . roof,0.2,0.15,3,3,False,391487,80.0,0.06821546405553824,0.20000049134737277,224,224,638,638,0.9259757377432445,0.07402426225675551,0.1884377026191589,0.9210529548330038,0.19153126412882165,81409,74982,397914,391487,0.683,success
AmorphousAsphalt__Valletta_Malta_heightNA_numstoriesNA_roofshapeNA_fpArea23513_imsat_35.9017214414.51347047_0.jpg,/scratch/yd3288/RoofNet-xAI/RoofNet-Images/AmorphousAsphalt/Valletta_Malta_heightNA_numstoriesNA_roofshapeNA_fpArea23513_imsat_35.9017214414.51347047_0.jpg,Valletta_Malta_heightNA_numstoriesNA_roofshapeNA_fpArea23513_imsat_35.9017214414.51347047_0.jpg,holdout,transformer_explainability,Valletta Malta,9,AmorphousConcrete,0.9975739121437073,IDEA-Research/grounding-dino-base,facebook/sam-vit-huge,building . rooftop . roof,0.2,0.15,4,4,False,331951,80.0,0.13141435384750366,0.20000201594613393,224,224,622,638,0.7522469392594053,0.2477530607405947,0.1536276027643152,0.6901396028626147,0.16500929354031169,79368,54775,356544,331951,0.721,success
AmorphousAsphalt__Kyiv_Ukraine_heightNA_numstoriesNA_roofshapeflat_fpArea15158_imsat_50.5056543230.60651986_1.jpg,/scratch/yd3288/RoofNet-xAI/RoofNet-Images/AmorphousAsphalt/Kyiv_Ukraine_heightNA_numstoriesNA_roofshapeflat_fpArea15158_imsat_50.5056543230.60651986_1.jpg,Kyiv_Ukraine_heightNA_numstoriesNA_roofshapeflat_fpArea15158_imsat_50.5056543230.60651986_1.jpg,holdout,transformer_explainability,Kyiv Ukraine,10,AmorphousAsphalt,0.9999194145202637,IDEA-Research/grounding-dino-base,facebook/sam-vit-huge,building . rooftop . roof,0.2,0.15,6,6,False,81052,80.0,0.08769690990447998,0.20000386518243662,224,224,616,336,0.36889712633825794,0.631102873661742,0.12102097428338628,0.3193303700840661,0.16309282929477373,41396,13219,109229,81052,0.72,success
AmorphousAsphalt__Dublin_Ireland_heightNA_numstoriesNA_roofshapeNA_fpArea19659_imsat_53.3393693-6.23513877.jpg,/scratch/yd3288/RoofNet-xAI/RoofNet-Images/AmorphousAsphalt/Dublin_Ireland_heightNA_numstoriesNA_roofshapeNA_fpArea19659_imsat_53.3393693-6.23513877.jpg,Dublin_Ireland_heightNA_numstoriesNA_roofshapeNA_fpArea19659_imsat_53.3393693-6.23513877.jpg,holdout,transformer_explainability,Dublin Ireland Heightna Numstoriesna Roofshapena Fparea19659 Imsat 53.3393693,10,AmorphousAsphalt,0.9906772375106812,IDEA-Research/grounding-dino-base,facebook/sam-vit-huge,building . rooftop . roof,0.2,0.15,23,23,False,133289,80.0,0.07725774049758911,0.20000125335664576,224,224,509,627,0.332405934835972,0.667594065164028,0.09744731787434234,0.2742170486769337,0.1313161626240725,63829,17503,179615,133289,0.73,success
AmorphousAsphalt__Kyiv_Ukraine_heightNA_numstoriesNA_roofshapeNA_fpArea22044_imsat_50.4478776330.49382326_3.jpg,/scratch/yd3288/RoofNet-xAI/RoofNet-Images/AmorphousAsphalt/Kyiv_Ukraine_heightNA_numstoriesNA_roofshapeNA_fpArea22044_imsat_50.4478776330.49382326_3.jpg,Kyiv_Ukraine_heightNA_numstoriesNA_roofshapeNA_fpArea22044_imsat_50.4478776330.49382326_3.jpg,holdout,transformer_explainability,Kyiv Ukraine,10,AmorphousAsphalt,0.9994480013847351,IDEA-Research/grounding-dino-base,facebook/sam-vit-huge,building . rooftop . roof,0.2,0.15,10,10,False,220586,80.0,0.09158590137958526,0.20000059371140877,224,224,638,528,0.7394679111783166,0.26053208882168344,0.21726136378047287,0.7628575245276298,0.23299756104195188,67373,51396,236563,220586,0.714,success
AmorphousAsphalt__Kuala_Lumpur_Malaysia_heightNA_numstoriesNA_roofshapeNA_fpArea8533_imsat_3.17004971101.63958358_0.jpg,/scratch/yd3288/RoofNet-xAI/RoofNet-Images/AmorphousAsphalt/Kuala_Lumpur_Malaysia_heightNA_numstoriesNA_roofshapeNA_fpArea8533_imsat_3.17004971101.63958358_0.jpg,Kuala_Lumpur_Malaysia_heightNA_numstoriesNA_roofshapeNA_fpArea8533_imsat_3.17004971101.63958358_0.jpg,holdout,transformer_explainability,Kuala Lumpur Malaysia,6,MetalSheetMaterials,0.998015284538269,IDEA-Research/grounding-dino-base,facebook/sam-vit-huge,building . rooftop . roof,0.2,0.15,3,3,False,148923,80.0,0.09225889891386035,0.20000097052515117,224,224,638,323,0.7336187433656295,0.2663812566343705,0.20697250734766684,0.7910954749484411,0.2189386461459949,41215,32605,157533,148923,0.707,success
AmorphousAsphalt__Helsinki_Finland_heightNA_numstoriesNA_roofshapeNA_fpArea8277_imsat_60.2376989224.99164489_1.jpg,/scratch/yd3288/RoofNet-xAI/RoofNet-Images/AmorphousAsphalt/Helsinki_Finland_heightNA_numstoriesNA_roofshapeNA_fpArea8277_imsat_60.2376989224.99164489_1.jpg,Helsinki_Finland_heightNA_numstoriesNA_roofshapeNA_fpArea8277_imsat_60.2376989224.99164489_1.jpg,holdout,transformer_explainability,Helsinki Finland,10,AmorphousAsphalt,0.9996644258499146,IDEA-Research/grounding-dino-base,facebook/sam-vit-huge,building . rooftop . roof,0.2,0.15,19,19,False,91726,80.0,0.04027610942721367,0.2,224,224,625,473,0.2540412152498653,0.7459587847501347,0.14789788075942625,0.3287272727272727,0.2118919390358241,59125,19436,131415,91726,0.724,success
AmorphousAsphalt__Dubai_United_Arab_Emirates_heightNA_numstoriesNA_roofshapeNA_fpArea1722_imsat_25.1039740555.22294176_1.jpg,/scratch/yd3288/RoofNet-xAI/RoofNet-Images/AmorphousAsphalt/Dubai_United_Arab_Emirates_heightNA_numstoriesNA_roofshapeNA_fpArea1722_imsat_25.1039740555.22294176_1.jpg,Dubai_United_Arab_Emirates_heightNA_numstoriesNA_roofshapeNA_fpArea1722_imsat_25.1039740555.22294176_1.jpg,holdout,transformer_explainability,Dubai United Arab Emirates,6,MetalSheetMaterials,0.9999728202819824,IDEA-Research/grounding-dino-base,facebook/sam-vit-huge,building . rooftop . roof,0.2,0.15,2,2,False,360600,80.0,0.03660455644130708,0.20000049134737277,224,224,638,638,0.8873192405102741,0.11268075948972583,0.2024739990695979,0.9142232431303664,0.2063948973932335,81409,74426,367583,360600,0.682,success
AmorphousAsphalt__Chicago_Illinois_heightNA_numstories1_roofshapeNA_fpArea1364_imsat_41.80880971-87.70549451.jpg,/scratch/yd3288/RoofNet-xAI/RoofNet-Images/AmorphousAsphalt/Chicago_Illinois_heightNA_numstories1_roofshapeNA_fpArea1364_imsat_41.80880971-87.70549451.jpg,Chicago_Illinois_heightNA_numstories1_roofshapeNA_fpArea1364_imsat_41.80880971-87.70549451.jpg,holdout,transformer_explainability,Chicago Illinois Heightna Numstories1 Roofshapena Fparea1364 Imsat 41.80880971,10,AmorphousAsphalt,0.9934219717979431,IDEA-Research/grounding-dino-base,facebook/sam-vit-huge,building . rooftop . roof,0.2,0.15,4,4,False,141808,80.0,0.05498448759317398,0.20000366642834883,224,224,342,638,0.5194885590947385,0.48051144090526154,0.1657237685750924,0.6041246562786434,0.18591334762495768,43640,26364,159084,141808,0.717,success
AmorphousAsphalt__Kyiv_Ukraine_heightNA_numstories5_roofshapeNA_fpArea2861_imsat_50.5174805530.4916414.jpg,/scratch/yd3288/RoofNet-xAI/RoofNet-Images/AmorphousAsphalt/Kyiv_Ukraine_heightNA_numstories5_roofshapeNA_fpArea2861_imsat_50.5174805530.4916414.jpg,Kyiv_Ukraine_heightNA_numstories5_roofshapeNA_fpArea2861_imsat_50.5174805530.4916414.jpg,holdout,transformer_explainability,Kyiv Ukraine,10,AmorphousAsphalt,0.694714367389679,IDEA-Research/grounding-dino-base,facebook/sam-vit-huge,building . rooftop . roof,0.2,0.15,2,2,False,214999,80.0,0.06968091130256655,0.20000074108658114,224,224,638,423,0.836343584813011,0.16365641518698906,0.19843342036553524,0.8251227420101899,0.20714514951232332,53975,44536,224438,214999,0.724,success
AmorphousAsphalt__Riga_Latvia_heightNA_numstoriesNA_roofshapeNA_fpArea11256_imsat_56.9359521924.06968576.jpg,/scratch/yd3288/RoofNet-xAI/RoofNet-Images/AmorphousAsphalt/Riga_Latvia_heightNA_numstoriesNA_roofshapeNA_fpArea11256_imsat_56.9359521924.06968576.jpg,Riga_Latvia_heightNA_numstoriesNA_roofshapeNA_fpArea11256_imsat_56.9359521924.06968576.jpg,holdout,transformer_explainability,Riga Latvia,10,AmorphousAsphalt,0.9987315535545349,IDEA-Research/grounding-dino-base,facebook/sam-vit-huge,building . rooftop . roof,0.2,0.15,3,3,False,270544,80.0,0.02725464291870594,0.20000244905956113,224,224,638,512,0.7759925901743921,0.22400740982560788,0.17792951557299722,0.776571970856548,0.18752957005145188,65332,50735,285141,270544,0.711,success
AmorphousAsphalt__Tallinn_Estonia_height52.5_numstoriesNA_roofshapeflat_fpArea7133_imsat_59.4079167524.7061855.jpg,/scratch/yd3288/RoofNet-xAI/RoofNet-Images/AmorphousAsphalt/Tallinn_Estonia_height52.5_numstoriesNA_roofshapeflat_fpArea7133_imsat_59.4079167524.7061855.jpg,Tallinn_Estonia_height52.5_numstoriesNA_roofshapeflat_fpArea7133_imsat_59.4079167524.7061855.jpg,holdout,transformer_explainability,Tallinn Estonia,6,MetalSheetMaterials,0.6803466081619263,IDEA-Research/grounding-dino-base,facebook/sam-vit-huge,building . rooftop . roof,0.2,0.15,4,4,False,198760,80.0,0.07343768030405044,0.20000102611988158,224,224,638,611,0.4407501907162013,0.5592498092837986,0.19674782683907796,0.5835257298240213,0.2288891124974844,77964,45494,231230,198760,0.696,success
AmorphousAsphalt__Toronto_Canada_heightNA_numstoriesNA_roofshapeNA_fpArea21000_imsat_43.75951446-79.4888111.jpg,/scratch/yd3288/RoofNet-xAI/RoofNet-Images/AmorphousAsphalt/Toronto_Canada_heightNA_numstoriesNA_roofshapeNA_fpArea21000_imsat_43.75951446-79.4888111.jpg,Toronto_Canada_heightNA_numstoriesNA_roofshapeNA_fpArea21000_imsat_43.75951446-79.4888111.jpg,holdout,transformer_explainability,Toronto Canada Heightna Numstoriesna Roofshapena Fparea21000 Imsat 43.75951446,10,AmorphousAsphalt,0.9320749044418335,IDEA-Research/grounding-dino-base,facebook/sam-vit-huge,building . rooftop . roof,0.2,0.15,3,3,False,179342,80.0,0.04125269949436188,0.2000006064575601,224,224,604,546,0.47585129427787215,0.5241487057221278,0.12426038214925729,0.41105568779659474,0.15117485028604566,65957,27112,218187,179342,0.731,success
AmorphousAsphalt__Chicago_Illinois_heightNA_numstories2_roofshapeNA_fpArea1487_imsat_41.84337095-87.63327926.jpg,/scratch/yd3288/RoofNet-xAI/RoofNet-Images/AmorphousAsphalt/Chicago_Illinois_heightNA_numstories2_roofshapeNA_fpArea1487_imsat_41.84337095-87.63327926.jpg,Chicago_Illinois_heightNA_numstories2_roofshapeNA_fpArea1487_imsat_41.84337095-87.63327926.jpg,holdout,transformer_explainability,Chicago Illinois Heightna Numstories2 Roofshapena Fparea1487 Imsat 41.84337095,11,AmorphousMembrane,0.9998396635055542,IDEA-Research/grounding-dino-base,facebook/sam-vit-huge,building . rooftop . roof,0.2,0.15,4,4,False,153151,80.0,0.07212357223033905,0.2000192910537738,224,224,325,638,0.6503950490457425,0.3496049509542575,0.17551308843603156,0.7006558325698028,0.1897408440036304,41474,29059,165566,153151,0.712,success
AmorphousAsphalt__Kyiv_Ukraine_heightNA_numstoriesNA_roofshapeNA_fpArea7147_imsat_50.4380478530.39168765.jpg,/scratch/yd3288/RoofNet-xAI/RoofNet-Images/AmorphousAsphalt/Kyiv_Ukraine_heightNA_numstoriesNA_roofshapeNA_fpArea7147_imsat_50.4380478530.39168765.jpg,Kyiv_Ukraine_heightNA_numstoriesNA_roofshapeNA_fpArea7147_imsat_50.4380478530.39168765.jpg,holdout,transformer_explainability,Kyiv Ukraine,10,AmorphousAsphalt,0.9998732805252075,IDEA-Research/grounding-dino-base,facebook/sam-vit-huge,building . rooftop . roof,0.2,0.15,6,6,False,274781,80.0,0.03392626196146012,0.20000141039745,224,224,468,606,0.9715633708327394,0.02843662916726059,0.20436619667140174,0.9917139734141955,0.20471575545616327,56722,56252,275251,274781,0.719,success
AmorphousAsphalt__Tallinn_Estonia_height13.1_numstoriesNA_roofshapeNA_fpArea1630_imsat_59.4590214424.66804832.jpg,/scratch/yd3288/RoofNet-xAI/RoofNet-Images/AmorphousAsphalt/Tallinn_Estonia_height13.1_numstoriesNA_roofshapeNA_fpArea1630_imsat_59.4590214424.66804832.jpg,Tallinn_Estonia_height13.1_numstoriesNA_roofshapeNA_fpArea1630_imsat_59.4590214424.66804832.jpg,holdout,transformer_explainability,Tallinn Estonia,6,MetalSheetMaterials,0.9998993873596191,IDEA-Research/grounding-dino-base,facebook/sam-vit-huge,building . rooftop . roof,0.2,0.15,1,1,False,360074,80.0,0.02059028409421445,0.20000049134737277,224,224,638,638,0.6298407706880126,0.37015922931198736,0.16118010952072845,0.7527546094412165,0.17019001649660903,81409,61281,380202,360074,0.688,success
AmorphousAsphalt__Chicago_Illinois_heightNA_numstoriesNA_roofshapeNA_fpArea488_imsat_41.92654868-87.73243101.jpg,/scratch/yd3288/RoofNet-xAI/RoofNet-Images/AmorphousAsphalt/Chicago_Illinois_heightNA_numstoriesNA_roofshapeNA_fpArea488_imsat_41.92654868-87.73243101.jpg,Chicago_Illinois_heightNA_numstoriesNA_roofshapeNA_fpArea488_imsat_41.92654868-87.73243101.jpg,holdout,transformer_explainability,Chicago Illinois Heightna Numstoriesna Roofshapena Fparea488 Imsat 41.92654868,9,AmorphousConcrete,0.5753899812698364,IDEA-Research/grounding-dino-base,facebook/sam-vit-huge,building . rooftop . roof,0.2,0.15,3,3,False,370255,80.0,0.06588120162487031,0.20000049134737277,224,224,638,638,0.9013273974703634,0.09867260252963662,0.19534948961363077,0.9066933631416674,0.19935719976772764,81409,73813,377851,370255,0.681,success
AmorphousAsphalt__Tirana_Albania_heightNA_numstoriesNA_roofshapeNA_fpArea5968_imsat_41.3204335619.82359468.jpg,/scratch/yd3288/RoofNet-xAI/RoofNet-Images/AmorphousAsphalt/Tirana_Albania_heightNA_numstoriesNA_roofshapeNA_fpArea5968_imsat_41.3204335619.82359468.jpg,Tirana_Albania_heightNA_numstoriesNA_roofshapeNA_fpArea5968_imsat_41.3204335619.82359468.jpg,holdout,transformer_explainability,Tirana Albania,10,AmorphousAsphalt,0.9917182922363281,IDEA-Research/grounding-dino-base,facebook/sam-vit-huge,building . rooftop . roof,0.2,0.15,5,5,False,267920,80.0,0.13222654163837433,0.20000249784560817,224,224,502,638,0.7136366443948923,0.28636335560510773,0.15027806171064256,0.677079430498314,0.16188041206330248,64056,43371,288605,267920,0.71,success
AmorphousAsphalt__Auckland_New_Zealand_heightNA_numstoriesNA_roofshapeNA_fpArea2444_imsat_-36.79048708174.61446001.jpg,/scratch/yd3288/RoofNet-xAI/RoofNet-Images/AmorphousAsphalt/Auckland_New_Zealand_heightNA_numstoriesNA_roofshapeNA_fpArea2444_imsat_-36.79048708174.61446001.jpg,Auckland_New_Zealand_heightNA_numstoriesNA_roofshapeNA_fpArea2444_imsat_-36.79048708174.61446001.jpg,holdout,transformer_explainability,Auckland New Zealand Heightna Numstoriesna Roofshapena Fparea2444 Imsat ,10,AmorphousAsphalt,0.9515509009361267,IDEA-Research/grounding-dino-base,facebook/sam-vit-huge,building . rooftop . roof,0.2,0.15,3,3,False,314836,80.0,0.09195619076490405,0.20000054235229037,224,224,578,638,0.7495763435525525,0.25042365644744746,0.17151444989116607,0.7713720119859531,0.1807004281594227,73753,56891,331698,314836,0.701,success
AmorphousAsphalt__Tallinn_Estonia_heightNA_numstoriesNA_roofshapeNA_fpArea11805_imsat_59.3981464524.64694588.jpg,/scratch/yd3288/RoofNet-xAI/RoofNet-Images/AmorphousAsphalt/Tallinn_Estonia_heightNA_numstoriesNA_roofshapeNA_fpArea11805_imsat_59.3981464524.64694588.jpg,Tallinn_Estonia_heightNA_numstoriesNA_roofshapeNA_fpArea11805_imsat_59.3981464524.64694588.jpg,holdout,transformer_explainability,Tallinn Estonia,10,AmorphousAsphalt,0.9711264967918396,IDEA-Research/grounding-dino-base,facebook/sam-vit-huge,building . rooftop . roof,0.2,0.15,5,5,False,57879,80.0,0.030049964785575867,0.20000689322396084,224,224,356,326,0.566145490741996,0.43385450925800395,0.2733339614345833,0.7499138376701706,0.3007481124414727,23212,17407,63684,57879,0.697,success
AmorphousConcrete__Tripoli_Libya_heightNA_numstoriesNA_roofshapeNA_fpArea807_imsat_32.804703113.31668743.jpg,/scratch/yd3288/RoofNet-xAI/RoofNet-Images/AmorphousConcrete/Tripoli_Libya_heightNA_numstoriesNA_roofshapeNA_fpArea807_imsat_32.804703113.31668743.jpg,Tripoli_Libya_heightNA_numstoriesNA_roofshapeNA_fpArea807_imsat_32.804703113.31668743.jpg,holdout,transformer_explainability,Tripoli Libya,9,AmorphousConcrete,0.9067620635032654,IDEA-Research/grounding-dino-base,facebook/sam-vit-huge,building . rooftop . roof,0.2,0.15,2,2,False,379764,80.0,0.07211137562990189,0.20001768850541957,224,224,638,638,0.9453772981513019,0.05462270184869811,0.19893515798449532,0.9398889653139432,0.20149882558641682,81416,76522,384658,379764,5.331,success
AmorphousConcrete__Lynn_Haven_Florida-hurricane-michael_00000261_pre_disaster_8529bc12-a1b7-49d6-a84e-557953c48650.png,/scratch/yd3288/RoofNet-xAI/RoofNet-Images/AmorphousConcrete/Lynn_Haven_Florida-hurricane-michael_00000261_pre_disaster_8529bc12-a1b7-49d6-a84e-557953c48650.png,Lynn_Haven_Florida-hurricane-michael_00000261_pre_disaster_8529bc12-a1b7-49d6-a84e-557953c48650.png,holdout,transformer_explainability,Lynn Haven Florida,9,AmorphousConcrete,0.8854845762252808,IDEA-Research/grounding-dino-base,facebook/sam-vit-huge,building . rooftop . roof,0.2,0.15,6,6,False,212212,80.0,0.11904600411653528,0.20000072019128282,224,224,348,798,0.7295371723014846,0.27046282769851543,0.18566064137876065,0.7548837795502422,0.1975712966279004,55541,41927,225826,212212,0.902,success
AmorphousAsphalt__Casablanca_Morocco_heightNA_numstoriesNA_roofshapeNA_fpArea3881_imsat_33.55810257-7.61730449.jpg,/scratch/yd3288/RoofNet-xAI/RoofNet-Images/AmorphousAsphalt/Casablanca_Morocco_heightNA_numstoriesNA_roofshapeNA_fpArea3881_imsat_33.55810257-7.61730449.jpg,Casablanca_Morocco_heightNA_numstoriesNA_roofshapeNA_fpArea3881_imsat_33.55810257-7.61730449.jpg,holdout,transformer_explainability,Casablanca Morocco Heightna Numstoriesna Roofshapena Fparea3881 Imsat 33.55810257,10,AmorphousAsphalt,0.5072599053382874,IDEA-Research/grounding-dino-base,facebook/sam-vit-huge,building . rooftop . roof,0.2,0.15,3,3,False,262739,80.0,0.10211280286312104,0.20000123904989653,224,224,638,506,0.7716163410735756,0.22838365892642443,0.1846643864125812,0.7901991760369235,0.19418510384830573,64566,51020,276285,262739,5.936,success
AmorphousConcrete__Lynn_Haven_Florida-hurricane-michael_00000422_pre_disaster_9430c5cc-c20a-4d0b-af46-bb97a8e1057b.png,/scratch/yd3288/RoofNet-xAI/RoofNet-Images/AmorphousConcrete/Lynn_Haven_Florida-hurricane-michael_00000422_pre_disaster_9430c5cc-c20a-4d0b-af46-bb97a8e1057b.png,Lynn_Haven_Florida-hurricane-michael_00000422_pre_disaster_9430c5cc-c20a-4d0b-af46-bb97a8e1057b.png,holdout,transformer_explainability,Lynn Haven Florida,6,MetalSheetMaterials,0.4991651475429535,IDEA-Research/grounding-dino-base,facebook/sam-vit-huge,building . rooftop . roof,0.2,0.15,6,6,False,7138,80.0,0.03807337433099747,0.20005603810591202,224,224,83,86,1.0,0.0,0.20005603810591202,1.0,0.20005603810591202,1428,1428,7138,7138,0.674,success
AmorphousAsphalt__Vilnius_Lithuania_heightNA_numstoriesNA_roofshapeNA_fpArea1065_imsat_54.703337125.3901935.jpg,/scratch/yd3288/RoofNet-xAI/RoofNet-Images/AmorphousAsphalt/Vilnius_Lithuania_heightNA_numstoriesNA_roofshapeNA_fpArea1065_imsat_54.703337125.3901935.jpg,Vilnius_Lithuania_heightNA_numstoriesNA_roofshapeNA_fpArea1065_imsat_54.703337125.3901935.jpg,holdout,transformer_explainability,Vilnius Lithuania,10,AmorphousAsphalt,0.6302652359008789,IDEA-Research/grounding-dino-base,facebook/sam-vit-huge,building . rooftop . roof,0.2,0.15,4,4,False,377565,80.0,0.15370015799999243,0.20000049134737277,224,224,638,638,0.9725715311590046,0.02742846884099538,0.21093012088880447,0.9820535812993649,0.21174632182538106,81409,79948,379026,377565,0.696,success
AmorphousConcrete__Mexico_City_Mexico-mexico-earthquake_00000000_pre_disaster_3361ba8e-e92e-4b07-af7c-c0305a6320ea.png,/scratch/yd3288/RoofNet-xAI/RoofNet-Images/AmorphousConcrete/Mexico_City_Mexico-mexico-earthquake_00000000_pre_disaster_3361ba8e-e92e-4b07-af7c-c0305a6320ea.png,Mexico_City_Mexico-mexico-earthquake_00000000_pre_disaster_3361ba8e-e92e-4b07-af7c-c0305a6320ea.png,holdout,transformer_explainability,Mexico City Mexico,4,ConcreteTiles,0.8774416446685791,IDEA-Research/grounding-dino-base,facebook/sam-vit-huge,building . rooftop . roof,0.2,0.15,6,6,False,3843,80.0,0.06927180141210562,0.200104085349987,224,224,61,63,1.0,0.0,0.200104085349987,1.0,0.200104085349987,769,769,3843,3843,0.73,success
AmorphousConcrete__Mexico_City_Mexico-mexico-earthquake_00000008_pre_disaster_8a912e3a-5d3c-4918-b72d-9f0d1f0f29a8.png,/scratch/yd3288/RoofNet-xAI/RoofNet-Images/AmorphousConcrete/Mexico_City_Mexico-mexico-earthquake_00000008_pre_disaster_8a912e3a-5d3c-4918-b72d-9f0d1f0f29a8.png,Mexico_City_Mexico-mexico-earthquake_00000008_pre_disaster_8a912e3a-5d3c-4918-b72d-9f0d1f0f29a8.png,holdout,transformer_explainability,Mexico City Mexico,2,ClayTiles,0.9998561143875122,IDEA-Research/grounding-dino-base,facebook/sam-vit-huge,building . rooftop . roof,0.2,0.15,4,4,False,3995,80.0,0.06565926969051361,0.20010744023636853,224,224,102,73,0.5902367025564618,0.4097632974435383,0.21780639431616342,0.6583892617449665,0.24555694618272841,1490,981,4504,3995,0.769,success
AmorphousAsphalt__Minsk_Belarus_heightNA_numstories16_roofshapeNA_fpArea998_imsat_53.861420427.62406195.jpg,/scratch/yd3288/RoofNet-xAI/RoofNet-Images/AmorphousAsphalt/Minsk_Belarus_heightNA_numstories16_roofshapeNA_fpArea998_imsat_53.861420427.62406195.jpg,Minsk_Belarus_heightNA_numstories16_roofshapeNA_fpArea998_imsat_53.861420427.62406195.jpg,holdout,transformer_explainability,Minsk Belarus,6,MetalSheetMaterials,0.5505753755569458,IDEA-Research/grounding-dino-base,facebook/sam-vit-huge,building . rooftop . roof,0.2,0.15,3,3,False,381569,80.0,0.040278770774602894,0.20000049134737277,224,224,638,638,0.9656713796943903,0.03432862030560964,0.20450501077081576,0.9655689174415605,0.20600730143172008,81409,78606,384372,381569,0.684,success
AmorphousConcrete__Mexico_City_Mexico-mexico-earthquake_00000020_pre_disaster_cb4692f4-36b0-428e-87fc-34ef76ccedcd.png,/scratch/yd3288/RoofNet-xAI/RoofNet-Images/AmorphousConcrete/Mexico_City_Mexico-mexico-earthquake_00000020_pre_disaster_cb4692f4-36b0-428e-87fc-34ef76ccedcd.png,Mexico_City_Mexico-mexico-earthquake_00000020_pre_disaster_cb4692f4-36b0-428e-87fc-34ef76ccedcd.png,holdout,transformer_explainability,Mexico City Mexico,2,ClayTiles,0.9996753931045532,IDEA-Research/grounding-dino-base,facebook/sam-vit-huge,building . rooftop . roof,0.2,0.15,6,6,False,13866,80.0,0.07768585532903674,0.2000287604256543,224,224,122,114,0.9980429298355241,0.0019570701644758422,0.20028839221341024,0.9985621854780733,0.2003461704889658,2782,2778,13870,13866,0.74,success
AmorphousAsphalt__Bucharest_Romania_heightNA_numstories5_roofshapeNA_fpArea13571_imsat_44.4416115326.17869412.jpg,/scratch/yd3288/RoofNet-xAI/RoofNet-Images/AmorphousAsphalt/Bucharest_Romania_heightNA_numstories5_roofshapeNA_fpArea13571_imsat_44.4416115326.17869412.jpg,Bucharest_Romania_heightNA_numstories5_roofshapeNA_fpArea13571_imsat_44.4416115326.17869412.jpg,holdout,transformer_explainability,Bucharest Romania,10,AmorphousAsphalt,0.9977926015853882,IDEA-Research/grounding-dino-base,facebook/sam-vit-huge,building . rooftop . roof,0.2,0.15,4,4,False,139617,80.0,0.09423964619636546,0.2000007876372458,224,224,398,638,0.2476815576249393,0.7523184423750607,0.013757999765730654,0.05088116569853303,0.018507774841172636,50785,2584,187818,139617,0.745,success
AmorphousConcrete__Mexico_City_Mexico-mexico-earthquake_00000039_pre_disaster_faa4d83f-409a-4f80-92c4-f08f04be73db.png,/scratch/yd3288/RoofNet-xAI/RoofNet-Images/AmorphousConcrete/Mexico_City_Mexico-mexico-earthquake_00000039_pre_disaster_faa4d83f-409a-4f80-92c4-f08f04be73db.png,Mexico_City_Mexico-mexico-earthquake_00000039_pre_disaster_faa4d83f-409a-4f80-92c4-f08f04be73db.png,holdout,transformer_explainability,Mexico City Mexico,2,ClayTiles,0.9991549253463745,IDEA-Research/grounding-dino-base,facebook/sam-vit-huge,building . rooftop . roof,0.2,0.15,1,1,False,7259,80.0,0.03262306079268457,0.20005439956480348,224,224,129,57,0.9949396324140358,0.0050603675859641865,0.20264499242319878,1.0,0.20264499242319878,1471,1471,7259,7259,0.744,success
AmorphousAsphalt__Sofia_Bulgaria_heightNA_numstoriesNA_roofshapeNA_fpArea8035_imsat_42.6515597523.36080355.jpg,/scratch/yd3288/RoofNet-xAI/RoofNet-Images/AmorphousAsphalt/Sofia_Bulgaria_heightNA_numstoriesNA_roofshapeNA_fpArea8035_imsat_42.6515597523.36080355.jpg,Sofia_Bulgaria_heightNA_numstoriesNA_roofshapeNA_fpArea8035_imsat_42.6515597523.36080355.jpg,holdout,transformer_explainability,Sofia Bulgaria,10,AmorphousAsphalt,0.5091776251792908,IDEA-Research/grounding-dino-base,facebook/sam-vit-huge,building . rooftop . roof,0.2,0.15,15,15,False,273142,80.0,0.11295736730098725,0.20000049134737277,224,224,638,638,0.6590194659176735,0.34098053408232654,0.1773235928939067,0.6559594148067167,0.1955063666517782,81409,53401,301150,273142,0.695,success
AmorphousConcrete__Mexico_City_Mexico-mexico-earthquake_00000067_pre_disaster_93244c80-6586-40fe-a3b3-bbe798493c9d.png,/scratch/yd3288/RoofNet-xAI/RoofNet-Images/AmorphousConcrete/Mexico_City_Mexico-mexico-earthquake_00000067_pre_disaster_93244c80-6586-40fe-a3b3-bbe798493c9d.png,Mexico_City_Mexico-mexico-earthquake_00000067_pre_disaster_93244c80-6586-40fe-a3b3-bbe798493c9d.png,holdout,transformer_explainability,Mexico City Mexico,11,AmorphousMembrane,0.9841697216033936,IDEA-Research/grounding-dino-base,facebook/sam-vit-huge,building . rooftop . roof,0.2,0.15,8,8,False,6991,80.0,0.03614197149872782,0.2,224,224,110,66,0.9587415019906318,0.04125849800936815,0.19775854731167541,0.9600550964187328,0.19939922757831496,1452,1394,7049,6991,0.797,success
AmorphousAsphalt__Helsinki_Finland_heightNA_numstoriesNA_roofshapeNA_fpArea5032_imsat_60.1880865325.06003038.jpg,/scratch/yd3288/RoofNet-xAI/RoofNet-Images/AmorphousAsphalt/Helsinki_Finland_heightNA_numstoriesNA_roofshapeNA_fpArea5032_imsat_60.1880865325.06003038.jpg,Helsinki_Finland_heightNA_numstoriesNA_roofshapeNA_fpArea5032_imsat_60.1880865325.06003038.jpg,holdout,transformer_explainability,Helsinki Finland,10,AmorphousAsphalt,0.9989249110221863,IDEA-Research/grounding-dino-base,facebook/sam-vit-huge,building . rooftop . roof,0.2,0.15,9,9,False,78461,80.0,0.04582046717405321,0.20000066316515466,224,224,488,618,0.31491375290968715,0.6850862470903128,0.2611022763414967,0.47636653016562497,0.3662074151489275,60317,28733,110045,78461,0.715,success
AmorphousConcrete__Mexico_City_Mexico-mexico-earthquake_00000088_pre_disaster_1f4b4265-8575-448f-b134-d263cd59f540.png,/scratch/yd3288/RoofNet-xAI/RoofNet-Images/AmorphousConcrete/Mexico_City_Mexico-mexico-earthquake_00000088_pre_disaster_1f4b4265-8575-448f-b134-d263cd59f540.png,Mexico_City_Mexico-mexico-earthquake_00000088_pre_disaster_1f4b4265-8575-448f-b134-d263cd59f540.png,holdout,transformer_explainability,Mexico City Mexico,11,AmorphousMembrane,0.9233251810073853,IDEA-Research/grounding-dino-base,facebook/sam-vit-huge,building . rooftop . roof,0.2,0.15,4,4,False,1252,80.0,0.0663395091891289,0.20003806623524933,224,224,71,74,0.31994537844780024,0.6800546215521998,0.250271444082519,0.4386298763082778,0.3682108626198083,1051,461,1842,1252,0.74,success
AmorphousConcrete__Mexico_City_Mexico-mexico-earthquake_00000107_pre_disaster_bddb96e4-bf4d-45eb-95f3-aa9fcd7a8464.png,/scratch/yd3288/RoofNet-xAI/RoofNet-Images/AmorphousConcrete/Mexico_City_Mexico-mexico-earthquake_00000107_pre_disaster_bddb96e4-bf4d-45eb-95f3-aa9fcd7a8464.png,Mexico_City_Mexico-mexico-earthquake_00000107_pre_disaster_bddb96e4-bf4d-45eb-95f3-aa9fcd7a8464.png,holdout,transformer_explainability,Mexico City Mexico,9,AmorphousConcrete,0.9383789896965027,IDEA-Research/grounding-dino-base,facebook/sam-vit-huge,building . rooftop . roof,0.2,0.15,2,2,False,5041,80.0,0.03283179551362991,0.20015869867089864,224,224,71,71,1.0,0.0,0.20015869867089864,1.0,0.20015869867089864,1009,1009,5041,5041,0.697,success
AmorphousAsphalt__Stockholm_Sweden_heightNA_numstoriesNA_roofshapeNA_fpArea1434_imsat_59.3767554417.92112982.jpg,/scratch/yd3288/RoofNet-xAI/RoofNet-Images/AmorphousAsphalt/Stockholm_Sweden_heightNA_numstoriesNA_roofshapeNA_fpArea1434_imsat_59.3767554417.92112982.jpg,Stockholm_Sweden_heightNA_numstoriesNA_roofshapeNA_fpArea1434_imsat_59.3767554417.92112982.jpg,holdout,transformer_explainability,Stockholm Sweden,6,MetalSheetMaterials,0.995179295539856,IDEA-Research/grounding-dino-base,facebook/sam-vit-huge,building . rooftop . roof,0.2,0.15,8,8,False,139999,80.0,0.050861555337905894,0.2,224,224,475,495,0.6908010790720682,0.30919892092793183,0.19030313830565862,0.6358532695374801,0.21358009700069286,47025,29901,157123,139999,0.691,success
AmorphousConcrete__Mexico_City_Mexico-mexico-earthquake_00000127_pre_disaster_8c2d8f2f-fb16-4ad8-a732-178e692c78b6.png,/scratch/yd3288/RoofNet-xAI/RoofNet-Images/AmorphousConcrete/Mexico_City_Mexico-mexico-earthquake_00000127_pre_disaster_8c2d8f2f-fb16-4ad8-a732-178e692c78b6.png,Mexico_City_Mexico-mexico-earthquake_00000127_pre_disaster_8c2d8f2f-fb16-4ad8-a732-178e692c78b6.png,holdout,transformer_explainability,Mexico City Mexico,2,ClayTiles,0.7186012268066406,IDEA-Research/grounding-dino-base,facebook/sam-vit-huge,building . rooftop . roof,0.2,0.15,6,6,False,4152,80.0,0.09504532217979435,0.2,224,224,65,64,0.9992809000668861,0.0007190999331139727,0.2003853564547206,1.0,0.2003853564547206,832,832,4152,4152,0.724,success
AmorphousAsphalt__Tokyo_Japan_heightNA_numstories1_roofshapeNA_fpArea802_imsat_35.7533487139.7189306.jpg,/scratch/yd3288/RoofNet-xAI/RoofNet-Images/AmorphousAsphalt/Tokyo_Japan_heightNA_numstories1_roofshapeNA_fpArea802_imsat_35.7533487139.7189306.jpg,Tokyo_Japan_heightNA_numstories1_roofshapeNA_fpArea802_imsat_35.7533487139.7189306.jpg,holdout,transformer_explainability,Tokyo Japan,10,AmorphousAsphalt,0.8756833076477051,IDEA-Research/grounding-dino-base,facebook/sam-vit-huge,building . rooftop . roof,0.2,0.15,2,2,False,158756,80.0,0.04219024628400805,0.20000113788944265,224,224,582,604,0.4521667174611836,0.5478332825388165,0.207674300898393,0.5602651267317157,0.24811660661644283,70306,39390,189672,158756,0.689,success
AmorphousConcrete__Mexico_City_Mexico-mexico-earthquake_00000151_pre_disaster_673ea513-7cb4-4532-857d-5eecd3a5ee4e.png,/scratch/yd3288/RoofNet-xAI/RoofNet-Images/AmorphousConcrete/Mexico_City_Mexico-mexico-earthquake_00000151_pre_disaster_673ea513-7cb4-4532-857d-5eecd3a5ee4e.png,Mexico_City_Mexico-mexico-earthquake_00000151_pre_disaster_673ea513-7cb4-4532-857d-5eecd3a5ee4e.png,holdout,transformer_explainability,Mexico City Mexico,9,AmorphousConcrete,0.8260613083839417,IDEA-Research/grounding-dino-base,facebook/sam-vit-huge,building . rooftop . roof,0.2,0.15,5,5,False,3762,80.0,0.031427580118179345,0.20015948963317384,224,224,57,66,1.0,0.0,0.20015948963317384,1.0,0.20015948963317384,753,753,3762,3762,0.739,success
AmorphousAsphalt__Baltimore_Maryland_heightNA_numstoriesNA_roofshapeNA_fpArea797_imsat_39.33516213-76.60801038.jpg,/scratch/yd3288/RoofNet-xAI/RoofNet-Images/AmorphousAsphalt/Baltimore_Maryland_heightNA_numstoriesNA_roofshapeNA_fpArea797_imsat_39.33516213-76.60801038.jpg,Baltimore_Maryland_heightNA_numstoriesNA_roofshapeNA_fpArea797_imsat_39.33516213-76.60801038.jpg,holdout,transformer_explainability,Baltimore Maryland Heightna Numstoriesna Roofshapena Fparea797 Imsat 39.33516213,10,AmorphousAsphalt,0.9984764456748962,IDEA-Research/grounding-dino-base,facebook/sam-vit-huge,building . rooftop . roof,0.2,0.15,4,4,False,87064,80.0,0.03986867368221284,0.2,224,224,638,225,0.5131383961255033,0.4868616038744968,0.18505552996570962,0.6297109021246953,0.2076518423228889,28710,18079,97695,87064,0.677,success
AmorphousConcrete__Mexico_City_Mexico-mexico-earthquake_00000159_pre_disaster_b6628b22-3db8-4d3c-9a67-2975258f6926.png,/scratch/yd3288/RoofNet-xAI/RoofNet-Images/AmorphousConcrete/Mexico_City_Mexico-mexico-earthquake_00000159_pre_disaster_b6628b22-3db8-4d3c-9a67-2975258f6926.png,Mexico_City_Mexico-mexico-earthquake_00000159_pre_disaster_b6628b22-3db8-4d3c-9a67-2975258f6926.png,holdout,transformer_explainability,Mexico City Mexico,9,AmorphousConcrete,0.8857003450393677,IDEA-Research/grounding-dino-base,facebook/sam-vit-huge,building . rooftop . roof,0.2,0.15,3,3,False,7367,80.0,0.07205656170845035,0.2,224,224,78,95,0.9967228822158697,0.0032771177841302993,0.20116736799239854,1.0,0.20116736799239854,1482,1482,7367,7367,0.745,success
AmorphousAsphalt__San_Juan_PR_height12.1_numstoriesNA_roofshapeNA_fpArea2645_imsat_18.37643775-66.06433575.jpg,/scratch/yd3288/RoofNet-xAI/RoofNet-Images/AmorphousAsphalt/San_Juan_PR_height12.1_numstoriesNA_roofshapeNA_fpArea2645_imsat_18.37643775-66.06433575.jpg,San_Juan_PR_height12.1_numstoriesNA_roofshapeNA_fpArea2645_imsat_18.37643775-66.06433575.jpg,holdout,transformer_explainability,San Juan Pr Height12.1 Numstoriesna Roofshapena Fparea2645 Imsat 18.37643775,4,ConcreteTiles,0.591545045375824,IDEA-Research/grounding-dino-base,facebook/sam-vit-huge,building . rooftop . roof,0.2,0.15,8,8,False,332132,80.0,0.06147233173251152,0.2000029480842366,224,224,638,638,0.8589038812560353,0.14109611874396463,0.20730909812805812,0.872251566146665,0.21380053713583755,81410,71010,342532,332132,0.685,success
AmorphousConcrete__Mexico_City_Mexico-mexico-earthquake_00000171_pre_disaster_c3c61e42-f14e-41fa-99ea-d146e84fc6e3.png,/scratch/yd3288/RoofNet-xAI/RoofNet-Images/AmorphousConcrete/Mexico_City_Mexico-mexico-earthquake_00000171_pre_disaster_c3c61e42-f14e-41fa-99ea-d146e84fc6e3.png,Mexico_City_Mexico-mexico-earthquake_00000171_pre_disaster_c3c61e42-f14e-41fa-99ea-d146e84fc6e3.png,holdout,transformer_explainability,Mexico City Mexico,2,ClayTiles,0.9782708287239075,IDEA-Research/grounding-dino-base,facebook/sam-vit-huge,building . rooftop . roof,0.2,0.15,4,4,False,3875,80.0,0.03288223221898079,0.2002063983488132,224,224,57,68,0.9999395017316415,6.0498268358498986e-05,0.20025806451612904,1.0,0.20025806451612904,776,776,3875,3875,0.683,success
AmorphousAsphalt__Bucharest_Romania_heightNA_numstories9_roofshapeNA_fpArea7096_imsat_44.4617567526.11664038.jpg,/scratch/yd3288/RoofNet-xAI/RoofNet-Images/AmorphousAsphalt/Bucharest_Romania_heightNA_numstories9_roofshapeNA_fpArea7096_imsat_44.4617567526.11664038.jpg,Bucharest_Romania_heightNA_numstories9_roofshapeNA_fpArea7096_imsat_44.4617567526.11664038.jpg,holdout,transformer_explainability,Bucharest Romania,10,AmorphousAsphalt,0.9959255456924438,IDEA-Research/grounding-dino-base,facebook/sam-vit-huge,building . rooftop . roof,0.2,0.15,4,4,False,102835,80.0,0.05697800964117051,0.2,224,224,426,590,0.3371662634371745,0.6628337365628255,0.1468647235518401,0.39002944218986235,0.19065493265911412,50268,19606,133497,102835,0.725,success
AmorphousConcrete__Mexico_City_Mexico-mexico-earthquake_00000177_pre_disaster_16718b03-cedf-4220-a933-df629849adc2.png,/scratch/yd3288/RoofNet-xAI/RoofNet-Images/AmorphousConcrete/Mexico_City_Mexico-mexico-earthquake_00000177_pre_disaster_16718b03-cedf-4220-a933-df629849adc2.png,Mexico_City_Mexico-mexico-earthquake_00000177_pre_disaster_16718b03-cedf-4220-a933-df629849adc2.png,holdout,transformer_explainability,Mexico City Mexico,9,AmorphousConcrete,0.7955144643783569,IDEA-Research/grounding-dino-base,facebook/sam-vit-huge,building . rooftop . roof,0.2,0.15,2,2,False,4420,80.0,0.06758805960416796,0.2,224,224,65,68,1.0,0.0,0.2,1.0,0.2,884,884,4420,4420,0.727,success
AmorphousConcrete__Mexico_City_Mexico-mexico-earthquake_00000184_pre_disaster_d7a758f7-2c6e-4c63-a3b7-6bedded7b060.png,/scratch/yd3288/RoofNet-xAI/RoofNet-Images/AmorphousConcrete/Mexico_City_Mexico-mexico-earthquake_00000184_pre_disaster_d7a758f7-2c6e-4c63-a3b7-6bedded7b060.png,Mexico_City_Mexico-mexico-earthquake_00000184_pre_disaster_d7a758f7-2c6e-4c63-a3b7-6bedded7b060.png,holdout,transformer_explainability,Mexico City Mexico,9,AmorphousConcrete,0.9207445383071899,IDEA-Research/grounding-dino-base,facebook/sam-vit-huge,building . rooftop . roof,0.2,0.15,2,2,False,5450,80.0,0.07298016399145127,0.2,224,224,65,86,0.9462553567111891,0.053744643288810956,0.1857736053439249,0.9203935599284436,0.18880733944954128,1118,1029,5539,5450,0.749,success
AmorphousAsphalt__Kyiv_Ukraine_height19.7_numstoriesNA_roofshapeNA_fpArea1819_imsat_50.4559485330.40903621.jpg,/scratch/yd3288/RoofNet-xAI/RoofNet-Images/AmorphousAsphalt/Kyiv_Ukraine_height19.7_numstoriesNA_roofshapeNA_fpArea1819_imsat_50.4559485330.40903621.jpg,Kyiv_Ukraine_height19.7_numstoriesNA_roofshapeNA_fpArea1819_imsat_50.4559485330.40903621.jpg,holdout,transformer_explainability,Kyiv Ukraine,6,MetalSheetMaterials,0.7305437922477722,IDEA-Research/grounding-dino-base,facebook/sam-vit-huge,building . rooftop . roof,0.2,0.15,2,2,False,382388,80.0,0.039337491244077684,0.20000049134737277,224,224,638,638,0.9781727349318453,0.021827265068154654,0.20822001312951327,0.9818201918706777,0.20902591085494315,81409,79929,383868,382388,0.682,success
AmorphousAsphalt__Lisbon_Portugal_heightNA_numstoriesNA_roofshapeNA_fpArea54492_imsat_38.72475186-9.16414568_3.jpg,/scratch/yd3288/RoofNet-xAI/RoofNet-Images/AmorphousAsphalt/Lisbon_Portugal_heightNA_numstoriesNA_roofshapeNA_fpArea54492_imsat_38.72475186-9.16414568_3.jpg,Lisbon_Portugal_heightNA_numstoriesNA_roofshapeNA_fpArea54492_imsat_38.72475186-9.16414568_3.jpg,holdout,transformer_explainability,Lisbon Portugal Heightna Numstoriesna Roofshapena Fparea54492 Imsat 38.72475186,12,AmorphousFabric,0.9673900604248047,IDEA-Research/grounding-dino-base,facebook/sam-vit-huge,building . rooftop . roof,0.2,0.15,10,10,False,277850,80.0,0.08484202474355701,0.2,224,224,605,638,0.7012658809738536,0.2987341190261464,0.1691247896683098,0.6653151636052748,0.184851538599964,77198,51361,303687,277850,0.695,success
AmorphousAsphalt__Baltimore_Maryland_heightNA_numstoriesNA_roofshapeNA_fpArea350_imsat_39.23667938-76.60530125.jpg,/scratch/yd3288/RoofNet-xAI/RoofNet-Images/AmorphousAsphalt/Baltimore_Maryland_heightNA_numstoriesNA_roofshapeNA_fpArea350_imsat_39.23667938-76.60530125.jpg,Baltimore_Maryland_heightNA_numstoriesNA_roofshapeNA_fpArea350_imsat_39.23667938-76.60530125.jpg,holdout,transformer_explainability,Baltimore Maryland Heightna Numstoriesna Roofshapena Fparea350 Imsat 39.23667938,10,AmorphousAsphalt,0.9976400136947632,IDEA-Research/grounding-dino-base,facebook/sam-vit-huge,building . rooftop . roof,0.2,0.15,2,2,False,281170,80.0,0.08503994643688204,0.20000118071421402,224,224,638,531,0.8827699825310235,0.11723001746897656,0.2027368929026921,0.8680559655233485,0.20918305651385283,67756,58816,290110,281170,0.712,success
AmorphousAsphalt__Chicago_Illinois_heightNA_numstoriesNA_roofshapeNA_fpArea1393_imsat_42.02019785-87.67221939.jpg,/scratch/yd3288/RoofNet-xAI/RoofNet-Images/AmorphousAsphalt/Chicago_Illinois_heightNA_numstoriesNA_roofshapeNA_fpArea1393_imsat_42.02019785-87.67221939.jpg,Chicago_Illinois_heightNA_numstoriesNA_roofshapeNA_fpArea1393_imsat_42.02019785-87.67221939.jpg,holdout,transformer_explainability,Chicago Illinois Heightna Numstoriesna Roofshapena Fparea1393 Imsat 42.02019785,10,AmorphousAsphalt,0.9978806972503662,IDEA-Research/grounding-dino-base,facebook/sam-vit-huge,building . rooftop . roof,0.2,0.15,5,5,False,145898,80.0,0.06635742634534836,0.2000039555788495,224,224,317,638,0.6161540419996099,0.3838459580003901,0.16049721004384218,0.637132262051916,0.1766439567368984,40450,25772,160576,145898,0.715,success
AmorphousFabric__Ulaanbaatar_Mongolia_heightNA_numstoriesNA_roofshapeNA_fpArea276_imsat_47.94719771106.96908124.jpg,/scratch/yd3288/RoofNet-xAI/RoofNet-Images/AmorphousFabric/Ulaanbaatar_Mongolia_heightNA_numstoriesNA_roofshapeNA_fpArea276_imsat_47.94719771106.96908124.jpg,Ulaanbaatar_Mongolia_heightNA_numstoriesNA_roofshapeNA_fpArea276_imsat_47.94719771106.96908124.jpg,holdout,transformer_explainability,Ulaanbaatar Mongolia,12,AmorphousFabric,0.9989922642707825,IDEA-Research/grounding-dino-base,facebook/sam-vit-huge,building . rooftop . roof,0.2,0.15,1,1,False,406176,80.0,0.10715756118297579,0.20000049134737277,224,224,638,638,0.9981932243806939,0.0018067756193060698,0.20042789332703065,1.0,0.20042789332703065,81409,81409,406176,406176,0.682,success
MetalSheetMaterials__Jerusalem_Israel_heightNA_numstoriesNA_roofshapeNA_fpArea9347_imsat_31.815207735.1936084.jpg,/scratch/yd3288/RoofNet-xAI/RoofNet-Images/MetalSheetMaterials/Jerusalem_Israel_heightNA_numstoriesNA_roofshapeNA_fpArea9347_imsat_31.815207735.1936084.jpg,Jerusalem_Israel_heightNA_numstoriesNA_roofshapeNA_fpArea9347_imsat_31.815207735.1936084.jpg,holdout,transformer_explainability,Jerusalem Israel,6,MetalSheetMaterials,0.6816316843032837,IDEA-Research/grounding-dino-base,facebook/sam-vit-huge,building . rooftop . roof,0.2,0.15,5,5,False,100186,80.0,0.07192972898483277,0.20000121503730164,224,224,638,258,0.4861433385200572,0.5138566614799428,0.1355217921703449,0.48254913277239453,0.1585650689717126,32921,15886,117221,100186,4.956,success
AmorphousAsphalt__Los_Angeles_California_height9.5_numstoriesNA_roofshapeNA_fpArea326_imsat_34.00855865-118.32346485.jpg,/scratch/yd3288/RoofNet-xAI/RoofNet-Images/AmorphousAsphalt/Los_Angeles_California_height9.5_numstoriesNA_roofshapeNA_fpArea326_imsat_34.00855865-118.32346485.jpg,Los_Angeles_California_height9.5_numstoriesNA_roofshapeNA_fpArea326_imsat_34.00855865-118.32346485.jpg,holdout,transformer_explainability,Los Angeles California Height9.5 Numstoriesna Roofshapena Fparea326 Imsat 34.00855865,10,AmorphousAsphalt,0.9196007251739502,IDEA-Research/grounding-dino-base,facebook/sam-vit-huge,building . rooftop . roof,0.2,0.15,2,2,False,284925,80.0,0.047480151802301425,0.20000058267588072,224,224,638,538,0.8803234904766395,0.1196765095233605,0.2131923785603261,0.9050823755626447,0.21806791260858122,68649,62133,291441,284925,0.696,success
AmorphousFabric__Ulaanbaatar_Mongolia_heightNA_numstoriesNA_roofshapeNA_fpArea313_imsat_47.8654258106.75685383.jpg,/scratch/yd3288/RoofNet-xAI/RoofNet-Images/AmorphousFabric/Ulaanbaatar_Mongolia_heightNA_numstoriesNA_roofshapeNA_fpArea313_imsat_47.8654258106.75685383.jpg,Ulaanbaatar_Mongolia_heightNA_numstoriesNA_roofshapeNA_fpArea313_imsat_47.8654258106.75685383.jpg,holdout,transformer_explainability,Ulaanbaatar Mongolia,12,AmorphousFabric,0.9850741624832153,IDEA-Research/grounding-dino-base,facebook/sam-vit-huge,building . rooftop . roof,0.2,0.15,1,1,False,395945,80.0,0.048837848007679,0.20000049134737277,224,224,638,638,0.9893859795285989,0.010614020471401189,0.20449040150184702,0.9954918989300937,0.20467994292136535,81409,81042,396312,395945,0.694,success
AmorphousAsphalt__Beijing_China_heightNA_numstoriesNA_roofshapeNA_fpArea11452_imsat_40.03037157116.29115573_1.jpg,/scratch/yd3288/RoofNet-xAI/RoofNet-Images/AmorphousAsphalt/Beijing_China_heightNA_numstoriesNA_roofshapeNA_fpArea11452_imsat_40.03037157116.29115573_1.jpg,Beijing_China_heightNA_numstoriesNA_roofshapeNA_fpArea11452_imsat_40.03037157116.29115573_1.jpg,holdout,transformer_explainability,Beijing China,6,MetalSheetMaterials,0.9547557234764099,IDEA-Research/grounding-dino-base,facebook/sam-vit-huge,building . rooftop . roof,0.2,0.15,2,2,False,65635,80.0,0.07864702939987184,0.20000497586704483,224,224,189,638,0.46857907301303076,0.5314209269869692,0.1677335415040333,0.5345606833354065,0.19641959320484498,24117,12892,76860,65635,0.711,success
AmorphousAsphalt__San_Juan_PR_height20.0_numstoriesNA_roofshapeNA_fpArea2242_imsat_18.39212421-66.07014369.jpg,/scratch/yd3288/RoofNet-xAI/RoofNet-Images/AmorphousAsphalt/San_Juan_PR_height20.0_numstoriesNA_roofshapeNA_fpArea2242_imsat_18.39212421-66.07014369.jpg,San_Juan_PR_height20.0_numstoriesNA_roofshapeNA_fpArea2242_imsat_18.39212421-66.07014369.jpg,holdout,transformer_explainability,San Juan Pr Height20.0 Numstoriesna Roofshapena Fparea2242 Imsat 18.39212421,10,AmorphousAsphalt,0.9974040389060974,IDEA-Research/grounding-dino-base,facebook/sam-vit-huge,building . rooftop . roof,0.2,0.15,6,6,False,236034,80.0,0.07022982090711594,0.2000005773105411,224,224,543,638,0.5054652097724724,0.49453479022752755,0.14031693625794114,0.542237360543825,0.15917198369726396,69287,37570,267751,236034,0.71,success
AmorphousFabric__Ulaanbaatar_Mongolia_heightNA_numstoriesNA_roofshapeNA_fpArea254_imsat_47.8741504106.81063668.jpg,/scratch/yd3288/RoofNet-xAI/RoofNet-Images/AmorphousFabric/Ulaanbaatar_Mongolia_heightNA_numstoriesNA_roofshapeNA_fpArea254_imsat_47.8741504106.81063668.jpg,Ulaanbaatar_Mongolia_heightNA_numstoriesNA_roofshapeNA_fpArea254_imsat_47.8741504106.81063668.jpg,holdout,transformer_explainability,Ulaanbaatar Mongolia,12,AmorphousFabric,0.9991023540496826,IDEA-Research/grounding-dino-base,facebook/sam-vit-huge,building . rooftop . roof,0.2,0.15,1,1,False,407044,80.0,0.08313555419445039,0.20000049134737277,224,224,638,638,1.0,0.0,0.20000049134737277,1.0,0.20000049134737277,81409,81409,407044,407044,0.696,success
AmorphousConcrete__Baghdad_Iraq_heightNA_numstoriesNA_roofshapeNA_fpArea4340_imsat_33.230686544.34250973_0.jpg,/scratch/yd3288/RoofNet-xAI/RoofNet-Images/AmorphousConcrete/Baghdad_Iraq_heightNA_numstoriesNA_roofshapeNA_fpArea4340_imsat_33.230686544.34250973_0.jpg,Baghdad_Iraq_heightNA_numstoriesNA_roofshapeNA_fpArea4340_imsat_33.230686544.34250973_0.jpg,holdout,transformer_explainability,Baghdad Iraq,9,AmorphousConcrete,0.9923262596130371,IDEA-Research/grounding-dino-base,facebook/sam-vit-huge,building . rooftop . roof,0.2,0.15,1,1,False,401169,80.0,0.039263068884611146,0.20000049134737277,224,224,638,638,0.988405830897113,0.011594169102886985,0.20184194534931213,0.9955410335466595,0.20202458315572738,81409,81046,401532,401169,0.717,success
AmorphousAsphalt__Tallinn_Estonia_height23.0_numstoriesNA_roofshapeNA_fpArea1404_imsat_59.4398711524.5836347.jpg,/scratch/yd3288/RoofNet-xAI/RoofNet-Images/AmorphousAsphalt/Tallinn_Estonia_height23.0_numstoriesNA_roofshapeNA_fpArea1404_imsat_59.4398711524.5836347.jpg,Tallinn_Estonia_height23.0_numstoriesNA_roofshapeNA_fpArea1404_imsat_59.4398711524.5836347.jpg,holdout,transformer_explainability,Tallinn Estonia,6,MetalSheetMaterials,0.9792167544364929,IDEA-Research/grounding-dino-base,facebook/sam-vit-huge,building . rooftop . roof,0.2,0.15,3,3,False,107875,80.0,0.06779950857162476,0.200004879060293,224,224,257,638,0.6091698711617424,0.39083012883825763,0.17720555006945957,0.6456973836677441,0.19629200463499422,32794,21175,119494,107875,0.726,success
AmorphousFabric__Riyadh_Saudi_Arabia_heightNA_numstoriesNA_roofshapeNA_fpArea13046_imsat_24.7656787446.64065462.jpg,/scratch/yd3288/RoofNet-xAI/RoofNet-Images/AmorphousFabric/Riyadh_Saudi_Arabia_heightNA_numstoriesNA_roofshapeNA_fpArea13046_imsat_24.7656787446.64065462.jpg,Riyadh_Saudi_Arabia_heightNA_numstoriesNA_roofshapeNA_fpArea13046_imsat_24.7656787446.64065462.jpg,holdout,transformer_explainability,Riyadh Saudi Arabia,6,MetalSheetMaterials,0.9998666048049927,IDEA-Research/grounding-dino-base,facebook/sam-vit-huge,building . rooftop . roof,0.2,0.15,4,4,False,305141,80.0,0.025263070687651663,0.20000109800218502,224,224,638,571,0.7983868964825578,0.2016131035174422,0.21395011256306581,0.9143562997529509,0.21832529879629417,72860,66620,311381,305141,0.698,success
AmorphousConcrete__Beijing_China_heightNA_numstoriesNA_roofshapeNA_fpArea10325_imsat_39.91161231116.15488262.jpg,/scratch/yd3288/RoofNet-xAI/RoofNet-Images/AmorphousConcrete/Beijing_China_heightNA_numstoriesNA_roofshapeNA_fpArea10325_imsat_39.91161231116.15488262.jpg,Beijing_China_heightNA_numstoriesNA_roofshapeNA_fpArea10325_imsat_39.91161231116.15488262.jpg,holdout,transformer_explainability,Beijing China,9,AmorphousConcrete,0.8194605708122253,IDEA-Research/grounding-dino-base,facebook/sam-vit-huge,building . rooftop . roof,0.2,0.15,2,2,False,253716,80.0,0.10218193084001545,0.2,224,224,638,485,0.7962784309013043,0.20372156909869568,0.17689043353743578,0.766506156481272,0.18696495293950716,61886,47436,268166,253716,0.73,success
AmorphousAsphalt__Helsinki_Finland_heightNA_numstoriesNA_roofshapeNA_fpArea5178_imsat_60.2260772225.12201349.jpg,/scratch/yd3288/RoofNet-xAI/RoofNet-Images/AmorphousAsphalt/Helsinki_Finland_heightNA_numstoriesNA_roofshapeNA_fpArea5178_imsat_60.2260772225.12201349.jpg,Helsinki_Finland_heightNA_numstoriesNA_roofshapeNA_fpArea5178_imsat_60.2260772225.12201349.jpg,holdout,transformer_explainability,Helsinki Finland,10,AmorphousAsphalt,0.991071879863739,IDEA-Research/grounding-dino-base,facebook/sam-vit-huge,building . rooftop . roof,0.2,0.15,11,11,False,137622,80.0,0.0516326017677784,0.20000232405454557,224,224,557,618,0.46123991408785553,0.5387600859121445,0.1647683359565838,0.4242367022049211,0.2122262428972112,68846,29207,177261,137622,0.71,success
AmorphousFabric__Baltimore_Maryland_heightNA_numstoriesNA_roofshapeNA_fpArea718_imsat_39.36198641-76.71074484.jpg,/scratch/yd3288/RoofNet-xAI/RoofNet-Images/AmorphousFabric/Baltimore_Maryland_heightNA_numstoriesNA_roofshapeNA_fpArea718_imsat_39.36198641-76.71074484.jpg,Baltimore_Maryland_heightNA_numstoriesNA_roofshapeNA_fpArea718_imsat_39.36198641-76.71074484.jpg,holdout,transformer_explainability,Baltimore Maryland Heightna Numstoriesna Roofshapena Fparea718 Imsat 39.36198641,6,MetalSheetMaterials,0.618802011013031,IDEA-Research/grounding-dino-base,facebook/sam-vit-huge,building . rooftop . roof,0.2,0.15,6,6,False,338834,80.0,0.08267233222723012,0.20000050724858223,224,224,618,638,0.6989996631171124,0.3010003368828877,0.17010768472244012,0.7700394384772437,0.17921164936222456,78857,60723,356968,338834,0.715,success
AmorphousConcrete__Tripoli_Libya_heightNA_numstoriesNA_roofshapeNA_fpArea1067_imsat_32.8525180313.20372775.jpg,/scratch/yd3288/RoofNet-xAI/RoofNet-Images/AmorphousConcrete/Tripoli_Libya_heightNA_numstoriesNA_roofshapeNA_fpArea1067_imsat_32.8525180313.20372775.jpg,Tripoli_Libya_heightNA_numstoriesNA_roofshapeNA_fpArea1067_imsat_32.8525180313.20372775.jpg,holdout,transformer_explainability,Tripoli Libya,6,MetalSheetMaterials,0.6292487978935242,IDEA-Research/grounding-dino-base,facebook/sam-vit-huge,building . rooftop . roof,0.2,0.15,3,3,False,275303,80.0,0.08155130594968799,0.20000120337667496,224,224,638,521,0.8483139986651896,0.15168600133481033,0.19612028991086397,0.8429602888086642,0.20355753478894165,66480,56040,285743,275303,0.729,success
AmorphousAsphalt__Helsinki_Finland_heightNA_numstoriesNA_roofshapeNA_fpArea353_imsat_60.221670124.985922.jpg,/scratch/yd3288/RoofNet-xAI/RoofNet-Images/AmorphousAsphalt/Helsinki_Finland_heightNA_numstoriesNA_roofshapeNA_fpArea353_imsat_60.221670124.985922.jpg,Helsinki_Finland_heightNA_numstoriesNA_roofshapeNA_fpArea353_imsat_60.221670124.985922.jpg,holdout,transformer_explainability,Helsinki Finland,10,AmorphousAsphalt,0.9975850582122803,IDEA-Research/grounding-dino-base,facebook/sam-vit-huge,building . rooftop . roof,0.2,0.15,3,3,False,315863,80.0,0.026771395280957223,0.20000049134737277,224,224,638,638,0.7117562840724466,0.2882437159275534,0.2075503814705614,0.8387524720853959,0.21617600035458412,81409,68282,328990,315863,0.685,success
AmorphousFabric__Santiago_Chile_heightNA_numstoriesNA_roofshapeNA_fpArea3226_imsat_-33.45358998-70.64441275.jpg,/scratch/yd3288/RoofNet-xAI/RoofNet-Images/AmorphousFabric/Santiago_Chile_heightNA_numstoriesNA_roofshapeNA_fpArea3226_imsat_-33.45358998-70.64441275.jpg,Santiago_Chile_heightNA_numstoriesNA_roofshapeNA_fpArea3226_imsat_-33.45358998-70.64441275.jpg,holdout,transformer_explainability,Santiago Chile Heightna Numstoriesna Roofshapena Fparea3226 Imsat ,9,AmorphousConcrete,0.9527913928031921,IDEA-Research/grounding-dino-base,facebook/sam-vit-huge,building . rooftop . roof,0.2,0.15,7,7,False,156630,80.0,0.1255711317062378,0.20000176112148216,224,224,356,638,0.6721978771027263,0.32780212289727373,0.19149438029979596,0.7148769427200282,0.20732937496009704,45426,32474,169582,156630,0.723,success
AmorphousConcrete__Riyadh_Saudi_Arabia_heightNA_numstoriesNA_roofshapeNA_fpArea6430_imsat_24.6984691546.7074353.jpg,/scratch/yd3288/RoofNet-xAI/RoofNet-Images/AmorphousConcrete/Riyadh_Saudi_Arabia_heightNA_numstoriesNA_roofshapeNA_fpArea6430_imsat_24.6984691546.7074353.jpg,Riyadh_Saudi_Arabia_heightNA_numstoriesNA_roofshapeNA_fpArea6430_imsat_24.6984691546.7074353.jpg,holdout,transformer_explainability,Riyadh Saudi Arabia,9,AmorphousConcrete,0.9968432188034058,IDEA-Research/grounding-dino-base,facebook/sam-vit-huge,building . rooftop . roof,0.2,0.15,4,4,False,276385,80.0,0.06975663155317316,0.2000010519450464,224,224,638,596,0.6846769420613763,0.3153230579386237,0.1948771846552864,0.755818540433925,0.20797076541780488,76050,57480,294955,276385,0.696,success
AmorphousAsphalt__Brussels_Belgium_heightNA_numstories1_roofshapeNA_fpArea5464_imsat_50.17008514.48882646.jpg,/scratch/yd3288/RoofNet-xAI/RoofNet-Images/AmorphousAsphalt/Brussels_Belgium_heightNA_numstories1_roofshapeNA_fpArea5464_imsat_50.17008514.48882646.jpg,Brussels_Belgium_heightNA_numstories1_roofshapeNA_fpArea5464_imsat_50.17008514.48882646.jpg,holdout,transformer_explainability,Brussels Belgium,6,MetalSheetMaterials,0.9194538593292236,IDEA-Research/grounding-dino-base,facebook/sam-vit-huge,building . rooftop . roof,0.2,0.15,1,1,False,190757,80.0,0.08807658553123476,0.2000008079371748,224,224,638,388,0.7021161097444542,0.2978838902555458,0.17522818207609003,0.723585610697045,0.18779913712209775,49509,35824,204442,190757,0.735,success
AmorphousFabric__Lima_Peru_heightNA_numstoriesNA_roofshapeNA_fpArea14781_imsat_-12.71594485-76.49063915.jpg,/scratch/yd3288/RoofNet-xAI/RoofNet-Images/AmorphousFabric/Lima_Peru_heightNA_numstoriesNA_roofshapeNA_fpArea14781_imsat_-12.71594485-76.49063915.jpg,Lima_Peru_heightNA_numstoriesNA_roofshapeNA_fpArea14781_imsat_-12.71594485-76.49063915.jpg,holdout,transformer_explainability,Lima Peru Heightna Numstoriesna Roofshapena Fparea14781 Imsat ,6,MetalSheetMaterials,0.6389150023460388,IDEA-Research/grounding-dino-base,facebook/sam-vit-huge,building . rooftop . roof,0.2,0.15,4,4,False,291199,80.0,0.03592197149991991,0.20000114827701035,224,224,546,638,0.4618138994615028,0.5381861005384972,0.11090622518024147,0.5171092292234821,0.12371951826757646,69670,36027,324842,291199,0.703,success
AmorphousAsphalt__Baltimore_Maryland_heightNA_numstoriesNA_roofshapeNA_fpArea748_imsat_39.30541502-76.66664707.jpg,/scratch/yd3288/RoofNet-xAI/RoofNet-Images/AmorphousAsphalt/Baltimore_Maryland_heightNA_numstoriesNA_roofshapeNA_fpArea748_imsat_39.30541502-76.66664707.jpg,Baltimore_Maryland_heightNA_numstoriesNA_roofshapeNA_fpArea748_imsat_39.30541502-76.66664707.jpg,holdout,transformer_explainability,Baltimore Maryland Heightna Numstoriesna Roofshapena Fparea748 Imsat 39.30541502,10,AmorphousAsphalt,0.9941068887710571,IDEA-Research/grounding-dino-base,facebook/sam-vit-huge,building . rooftop . roof,0.2,0.15,4,4,False,151966,80.0,0.059769757091999054,0.20000470543948806,224,224,506,336,0.8389513252856325,0.16104867471436743,0.18974352412818035,0.8722209151864486,0.19516865614676968,34004,29659,156311,151966,0.723,success
AmorphousConcrete__Sanaa_Yemen_heightNA_numstoriesNA_roofshapeNA_fpArea1372_imsat_15.2740079544.2175165.jpg,/scratch/yd3288/RoofNet-xAI/RoofNet-Images/AmorphousConcrete/Sanaa_Yemen_heightNA_numstoriesNA_roofshapeNA_fpArea1372_imsat_15.2740079544.2175165.jpg,Sanaa_Yemen_heightNA_numstoriesNA_roofshapeNA_fpArea1372_imsat_15.2740079544.2175165.jpg,holdout,transformer_explainability,Sanaa Yemen,9,AmorphousConcrete,0.9396587610244751,IDEA-Research/grounding-dino-base,facebook/sam-vit-huge,building . rooftop . roof,0.2,0.15,4,4,False,382951,80.0,0.06811481714248659,0.20000049134737277,224,224,638,638,0.9167946227943355,0.08320537720566444,0.19814740753163984,0.9433232197914235,0.20053479426871845,81409,76795,387565,382951,0.695,success
AmorphousFabric__Lynn_Haven_Florida-hurricane-michael_00000061_pre_disaster_dfed1e84-23f0-4de2-96b3-926b445ee575.png,/scratch/yd3288/RoofNet-xAI/RoofNet-Images/AmorphousFabric/Lynn_Haven_Florida-hurricane-michael_00000061_pre_disaster_dfed1e84-23f0-4de2-96b3-926b445ee575.png,Lynn_Haven_Florida-hurricane-michael_00000061_pre_disaster_dfed1e84-23f0-4de2-96b3-926b445ee575.png,holdout,transformer_explainability,Lynn Haven Florida,6,MetalSheetMaterials,0.9976252913475037,IDEA-Research/grounding-dino-base,facebook/sam-vit-huge,building . rooftop . roof,0.2,0.15,7,7,False,5727,80.0,0.020096936449408534,0.2001047668936616,224,224,69,83,1.0,0.0,0.2001047668936616,1.0,0.2001047668936616,1146,1146,5727,5727,0.704,success
AmorphousAsphalt__Lynn_Haven_Florida-hurricane-michael_00000081_pre_disaster_a64f4434-968d-41f3-bb36-9c6ca7e555b6.png,/scratch/yd3288/RoofNet-xAI/RoofNet-Images/AmorphousAsphalt/Lynn_Haven_Florida-hurricane-michael_00000081_pre_disaster_a64f4434-968d-41f3-bb36-9c6ca7e555b6.png,Lynn_Haven_Florida-hurricane-michael_00000081_pre_disaster_a64f4434-968d-41f3-bb36-9c6ca7e555b6.png,holdout,transformer_explainability,Lynn Haven Florida,6,MetalSheetMaterials,0.9725048542022705,IDEA-Research/grounding-dino-base,facebook/sam-vit-huge,building . rooftop . roof,0.2,0.15,3,3,False,14971,80.0,0.021045631542801858,0.20002644103648862,224,224,122,124,0.9908201052801308,0.009179894719869271,0.19836196564123051,0.9844679444811633,0.19898470376060384,3026,2979,15018,14971,0.676,success
AmorphousFabric__Lynn_Haven_Florida-hurricane-michael_00000150_pre_disaster_a1d74020-32ea-4a63-a299-7e163fba1ed5.png,/scratch/yd3288/RoofNet-xAI/RoofNet-Images/AmorphousFabric/Lynn_Haven_Florida-hurricane-michael_00000150_pre_disaster_a1d74020-32ea-4a63-a299-7e163fba1ed5.png,Lynn_Haven_Florida-hurricane-michael_00000150_pre_disaster_a1d74020-32ea-4a63-a299-7e163fba1ed5.png,holdout,transformer_explainability,Lynn Haven Florida,2,ClayTiles,0.7695840001106262,IDEA-Research/grounding-dino-base,facebook/sam-vit-huge,building . rooftop . roof,0.2,0.15,3,3,False,1249,80.0,0.03282540962100028,0.2,224,224,60,95,0.45435423942046715,0.5456457605795328,0.4783415841584158,0.6780701754385965,0.6188951160928743,1140,773,1616,1249,0.776,success
AmorphousConcrete__Jerusalem_Israel_heightNA_numstoriesNA_roofshapeNA_fpArea1236_imsat_31.7673098535.24319135.jpg,/scratch/yd3288/RoofNet-xAI/RoofNet-Images/AmorphousConcrete/Jerusalem_Israel_heightNA_numstoriesNA_roofshapeNA_fpArea1236_imsat_31.7673098535.24319135.jpg,Jerusalem_Israel_heightNA_numstoriesNA_roofshapeNA_fpArea1236_imsat_31.7673098535.24319135.jpg,holdout,transformer_explainability,Jerusalem Israel,9,AmorphousConcrete,0.9824591875076294,IDEA-Research/grounding-dino-base,facebook/sam-vit-huge,building . rooftop . roof,0.2,0.15,2,2,False,333276,80.0,0.027464728057384494,0.20000049134737277,224,224,638,638,0.721286731236024,0.27871326876397595,0.19516785409605497,0.8318122074954858,0.2031859479830531,81409,67717,346968,333276,0.722,success
AmorphousAsphalt__Lynn_Haven_Florida-hurricane-michael_00000124_pre_disaster_a8454e78-b7e0-4d0c-aace-c9b2b05afa53.png,/scratch/yd3288/RoofNet-xAI/RoofNet-Images/AmorphousAsphalt/Lynn_Haven_Florida-hurricane-michael_00000124_pre_disaster_a8454e78-b7e0-4d0c-aace-c9b2b05afa53.png,Lynn_Haven_Florida-hurricane-michael_00000124_pre_disaster_a8454e78-b7e0-4d0c-aace-c9b2b05afa53.png,holdout,transformer_explainability,Lynn Haven Florida,10,AmorphousAsphalt,0.9882932305335999,IDEA-Research/grounding-dino-base,facebook/sam-vit-huge,building . rooftop . roof,0.2,0.15,10,10,False,19380,80.0,0.05335311666131027,0.2,224,224,235,204,0.29105939768384176,0.7089406023161583,0.11381113503537373,0.3087192323738006,0.15273477812177502,9588,2960,26008,19380,0.71,success
AmorphousFabric__Lynn_Haven_Florida-hurricane-michael_00000408_pre_disaster_6d0e8326-d32b-42b3-bbd8-10b450fec60d.png,/scratch/yd3288/RoofNet-xAI/RoofNet-Images/AmorphousFabric/Lynn_Haven_Florida-hurricane-michael_00000408_pre_disaster_6d0e8326-d32b-42b3-bbd8-10b450fec60d.png,Lynn_Haven_Florida-hurricane-michael_00000408_pre_disaster_6d0e8326-d32b-42b3-bbd8-10b450fec60d.png,holdout,transformer_explainability,Lynn Haven Florida,6,MetalSheetMaterials,0.8100956678390503,IDEA-Research/grounding-dino-base,facebook/sam-vit-huge,building . rooftop . roof,0.2,0.15,6,6,False,7867,80.0,0.0245135497301817,0.2,224,224,85,93,0.9949704259811094,0.005029574018890573,0.19746514575411914,0.9854522454142948,0.19804245582814287,1581,1558,7890,7867,0.737,success
AmorphousConcrete__Muscat_Oman_heightNA_numstoriesNA_roofshapeNA_fpArea1277_imsat_23.6265174558.21600043.jpg,/scratch/yd3288/RoofNet-xAI/RoofNet-Images/AmorphousConcrete/Muscat_Oman_heightNA_numstoriesNA_roofshapeNA_fpArea1277_imsat_23.6265174558.21600043.jpg,Muscat_Oman_heightNA_numstoriesNA_roofshapeNA_fpArea1277_imsat_23.6265174558.21600043.jpg,holdout,transformer_explainability,Muscat Oman,9,AmorphousConcrete,0.9962402582168579,IDEA-Research/grounding-dino-base,facebook/sam-vit-huge,building . rooftop . roof,0.2,0.15,3,3,False,385150,80.0,0.05225038304924966,0.20000049134737277,224,224,638,638,0.9277434696488842,0.07225653035111579,0.1943176611229006,0.9324521858762544,0.19709204206153447,81409,75910,390649,385150,0.683,success
AmorphousAsphalt__Lynn_Haven_Florida-hurricane-michael_00000323_pre_disaster_f8ccf244-fc71-4bdc-b46d-cc75e13e0dfa.png,/scratch/yd3288/RoofNet-xAI/RoofNet-Images/AmorphousAsphalt/Lynn_Haven_Florida-hurricane-michael_00000323_pre_disaster_f8ccf244-fc71-4bdc-b46d-cc75e13e0dfa.png,Lynn_Haven_Florida-hurricane-michael_00000323_pre_disaster_f8ccf244-fc71-4bdc-b46d-cc75e13e0dfa.png,holdout,transformer_explainability,Lynn Haven Florida,6,MetalSheetMaterials,0.9999797344207764,IDEA-Research/grounding-dino-base,facebook/sam-vit-huge,building . rooftop . roof,0.2,0.15,1,1,False,17090,80.0,0.07226336300373078,0.2,224,224,118,145,0.9986394590503189,0.0013605409496811058,0.1996023159249079,0.9973699590882524,0.19970743124634288,3422,3413,17099,17090,0.688,success
AmorphousFabric__Lynn_Haven_Florida-hurricane-michael_00000515_pre_disaster_312a0318-07cd-49fb-9237-4766af4a2953.png,/scratch/yd3288/RoofNet-xAI/RoofNet-Images/AmorphousFabric/Lynn_Haven_Florida-hurricane-michael_00000515_pre_disaster_312a0318-07cd-49fb-9237-4766af4a2953.png,Lynn_Haven_Florida-hurricane-michael_00000515_pre_disaster_312a0318-07cd-49fb-9237-4766af4a2953.png,holdout,transformer_explainability,Lynn Haven Florida,6,MetalSheetMaterials,0.4905654191970825,IDEA-Research/grounding-dino-base,facebook/sam-vit-huge,building . rooftop . roof,0.2,0.15,2,2,False,3976,80.0,0.05030803754925728,0.20020120724346077,224,224,56,71,1.0,0.0,0.20020120724346077,1.0,0.20020120724346077,796,796,3976,3976,0.755,success
AmorphousConcrete__Nairobi_Kenya_heightNA_numstoriesNA_roofshapeNA_fpArea1052_imsat_-1.2581585836.90947723.jpg,/scratch/yd3288/RoofNet-xAI/RoofNet-Images/AmorphousConcrete/Nairobi_Kenya_heightNA_numstoriesNA_roofshapeNA_fpArea1052_imsat_-1.2581585836.90947723.jpg,Nairobi_Kenya_heightNA_numstoriesNA_roofshapeNA_fpArea1052_imsat_-1.2581585836.90947723.jpg,holdout,transformer_explainability,Nairobi Kenya Heightna Numstoriesna Roofshapena Fparea1052 Imsat ,9,AmorphousConcrete,0.7805325984954834,IDEA-Research/grounding-dino-base,facebook/sam-vit-huge,building . rooftop . roof,0.2,0.15,4,4,False,197888,80.0,0.06528853923082352,0.20000162550085746,224,224,434,567,0.7868431181718942,0.21315688182810577,0.19162644007966553,0.8074000325097529,0.20080550614489004,49216,39737,207367,197888,0.718,success
AmorphousAsphalt__Lynn_Haven_Florida-hurricane-michael_00000484_pre_disaster_beb3f857-c404-4754-ac73-2f0973134291.png,/scratch/yd3288/RoofNet-xAI/RoofNet-Images/AmorphousAsphalt/Lynn_Haven_Florida-hurricane-michael_00000484_pre_disaster_beb3f857-c404-4754-ac73-2f0973134291.png,Lynn_Haven_Florida-hurricane-michael_00000484_pre_disaster_beb3f857-c404-4754-ac73-2f0973134291.png,holdout,transformer_explainability,Lynn Haven Florida,10,AmorphousAsphalt,0.993245542049408,IDEA-Research/grounding-dino-base,facebook/sam-vit-huge,building . rooftop . roof,0.2,0.15,5,5,False,51339,80.0,0.05781796500086786,0.20000483687634527,224,224,358,231,0.6917220417760117,0.3082779582239883,0.19452705675318963,0.6683192261185006,0.21531389392080094,16540,11054,56825,51339,0.757,success
AmorphousFabric__Lynn_Haven_Florida-hurricane-michael_00000530_pre_disaster_98e055b3-6b68-437e-a252-349c89820c76.png,/scratch/yd3288/RoofNet-xAI/RoofNet-Images/AmorphousFabric/Lynn_Haven_Florida-hurricane-michael_00000530_pre_disaster_98e055b3-6b68-437e-a252-349c89820c76.png,Lynn_Haven_Florida-hurricane-michael_00000530_pre_disaster_98e055b3-6b68-437e-a252-349c89820c76.png,holdout,transformer_explainability,Lynn Haven Florida,6,MetalSheetMaterials,0.9290832281112671,IDEA-Research/grounding-dino-base,facebook/sam-vit-huge,building . rooftop . roof,0.2,0.15,4,4,False,32430,80.0,0.033664779365062715,0.2,224,224,181,210,0.7005526055716899,0.29944739442831014,0.18290881153596122,0.8142594054196264,0.19087264878199198,7602,6190,33842,32430,0.745,success
AmorphousConcrete__Beirut_Lebanon_heightNA_numstoriesNA_roofshapeNA_fpArea2667_imsat_33.884982435.52204451.jpg,/scratch/yd3288/RoofNet-xAI/RoofNet-Images/AmorphousConcrete/Beirut_Lebanon_heightNA_numstoriesNA_roofshapeNA_fpArea2667_imsat_33.884982435.52204451.jpg,Beirut_Lebanon_heightNA_numstoriesNA_roofshapeNA_fpArea2667_imsat_33.884982435.52204451.jpg,holdout,transformer_explainability,Beirut Lebanon,9,AmorphousConcrete,0.9870396256446838,IDEA-Research/grounding-dino-base,facebook/sam-vit-huge,building . rooftop . roof,0.2,0.15,2,2,False,344040,80.0,0.051184020191431055,0.20000049917137552,224,224,628,638,0.7020281329576581,0.2979718670423419,0.16489440584406667,0.7492918023785456,0.17452331124287873,80133,60043,364130,344040,0.714,success
AmorphousAsphalt__Lynn_Haven_Florida-hurricane-michael_00000536_pre_disaster_05f31f4b-7476-411d-883f-2250b00c2e16.png,/scratch/yd3288/RoofNet-xAI/RoofNet-Images/AmorphousAsphalt/Lynn_Haven_Florida-hurricane-michael_00000536_pre_disaster_05f31f4b-7476-411d-883f-2250b00c2e16.png,Lynn_Haven_Florida-hurricane-michael_00000536_pre_disaster_05f31f4b-7476-411d-883f-2250b00c2e16.png,holdout,transformer_explainability,Lynn Haven Florida,6,MetalSheetMaterials,0.999584972858429,IDEA-Research/grounding-dino-base,facebook/sam-vit-huge,building . rooftop . roof,0.2,0.15,4,4,False,10026,80.0,0.03785218968987467,0.20001987281399047,224,224,136,74,0.996286183296564,0.0037138167034359714,0.19934249850567842,0.9940387481371088,0.19958108916816278,2013,2001,10038,10026,0.717,success
AmorphousFabric__Mexico_City_Mexico-mexico-earthquake_00000059_pre_disaster_4c5ee687-a09a-4ef7-bc28-95f01ac58316.png,/scratch/yd3288/RoofNet-xAI/RoofNet-Images/AmorphousFabric/Mexico_City_Mexico-mexico-earthquake_00000059_pre_disaster_4c5ee687-a09a-4ef7-bc28-95f01ac58316.png,Mexico_City_Mexico-mexico-earthquake_00000059_pre_disaster_4c5ee687-a09a-4ef7-bc28-95f01ac58316.png,holdout,transformer_explainability,Mexico City Mexico,2,ClayTiles,0.9999668598175049,IDEA-Research/grounding-dino-base,facebook/sam-vit-huge,building . rooftop . roof,0.2,0.15,6,6,False,5279,80.0,0.10324134230613707,0.2,224,224,88,60,0.9999201370549968,7.986294500321312e-05,0.20003788596325062,1.0,0.20003788596325062,1056,1056,5279,5279,0.726,success
AmorphousAsphalt__Mexico_City_Mexico-mexico-earthquake_00000128_pre_disaster_3b69d47e-c27a-46fd-9b73-f3a18dc0f8d3.png,/scratch/yd3288/RoofNet-xAI/RoofNet-Images/AmorphousAsphalt/Mexico_City_Mexico-mexico-earthquake_00000128_pre_disaster_3b69d47e-c27a-46fd-9b73-f3a18dc0f8d3.png,Mexico_City_Mexico-mexico-earthquake_00000128_pre_disaster_3b69d47e-c27a-46fd-9b73-f3a18dc0f8d3.png,holdout,transformer_explainability,Mexico City Mexico,9,AmorphousConcrete,0.7814292907714844,IDEA-Research/grounding-dino-base,facebook/sam-vit-huge,building . rooftop . roof,0.2,0.15,2,2,False,3800,80.0,0.09280323684215547,0.20003770739064858,224,224,68,78,0.7485586218592432,0.2514413781407568,0.18416565164433618,0.7125353440150801,0.19894736842105262,1061,756,4105,3800,0.724,success
AmorphousConcrete__Skopje_North_Macedonia_heightNA_numstoriesNA_roofshapeNA_fpArea2265_imsat_42.0043356521.37641082.jpg,/scratch/yd3288/RoofNet-xAI/RoofNet-Images/AmorphousConcrete/Skopje_North_Macedonia_heightNA_numstoriesNA_roofshapeNA_fpArea2265_imsat_42.0043356521.37641082.jpg,Skopje_North_Macedonia_heightNA_numstoriesNA_roofshapeNA_fpArea2265_imsat_42.0043356521.37641082.jpg,holdout,transformer_explainability,Skopje North Macedonia,9,AmorphousConcrete,0.9722242951393127,IDEA-Research/grounding-dino-base,facebook/sam-vit-huge,building . rooftop . roof,0.2,0.15,4,4,False,347268,80.0,0.08208663612604143,0.2,224,224,638,630,0.8732799092395167,0.12672009076048327,0.18774857244428644,0.8409215305767029,0.19466233571765898,80388,67600,360056,347268,0.703,success
AmorphousFabric__Mexico_City_Mexico-mexico-earthquake_00000093_pre_disaster_afc8f62b-c43c-4ebc-9955-0e1bf1d4e389.png,/scratch/yd3288/RoofNet-xAI/RoofNet-Images/AmorphousFabric/Mexico_City_Mexico-mexico-earthquake_00000093_pre_disaster_afc8f62b-c43c-4ebc-9955-0e1bf1d4e389.png,Mexico_City_Mexico-mexico-earthquake_00000093_pre_disaster_afc8f62b-c43c-4ebc-9955-0e1bf1d4e389.png,holdout,transformer_explainability,Mexico City Mexico,6,MetalSheetMaterials,0.9981938004493713,IDEA-Research/grounding-dino-base,facebook/sam-vit-huge,building . rooftop . roof,0.2,0.15,3,3,False,6371,80.0,0.05750999823212624,0.20002611306959134,224,224,111,69,0.7455296553898131,0.2544703446101869,0.16443200235744806,0.7284595300261096,0.17516873332286925,1532,1116,6787,6371,0.781,success
AmorphousConcrete__Valletta_Malta_heightNA_numstoriesNA_roofshapeNA_fpArea38869_imsat_35.8975799914.51507003.jpg,/scratch/yd3288/RoofNet-xAI/RoofNet-Images/AmorphousConcrete/Valletta_Malta_heightNA_numstoriesNA_roofshapeNA_fpArea38869_imsat_35.8975799914.51507003.jpg,Valletta_Malta_heightNA_numstoriesNA_roofshapeNA_fpArea38869_imsat_35.8975799914.51507003.jpg,holdout,transformer_explainability,Valletta Malta,9,AmorphousConcrete,0.9972852468490601,IDEA-Research/grounding-dino-base,facebook/sam-vit-huge,building . rooftop . roof,0.2,0.15,5,5,False,374845,80.0,0.07016492486000062,0.20000049134737277,224,224,638,638,0.8543295731138866,0.1456704268861134,0.19052701070095007,0.896915574445086,0.19479251423921887,81409,73017,383237,374845,0.723,success
AmorphousConcrete__Zagreb_Croatia_heightNA_numstoriesNA_roofshapeNA_fpArea125_imsat_45.811642615.91828252.jpg,/scratch/yd3288/RoofNet-xAI/RoofNet-Images/AmorphousConcrete/Zagreb_Croatia_heightNA_numstoriesNA_roofshapeNA_fpArea125_imsat_45.811642615.91828252.jpg,Zagreb_Croatia_heightNA_numstoriesNA_roofshapeNA_fpArea125_imsat_45.811642615.91828252.jpg,holdout,transformer_explainability,Zagreb Croatia,4,ConcreteTiles,0.4819296896457672,IDEA-Research/grounding-dino-base,facebook/sam-vit-huge,building . rooftop . roof,0.2,0.15,3,3,False,318553,80.0,0.12189950793981552,0.2000021544991328,224,224,582,638,0.7826847256182544,0.21731527438174558,0.17611288757949198,0.7920526769363352,0.18465059189522623,74264,58821,333996,318553,0.699,success
AmorphousMembrane__Lisbon_Portugal_heightNA_numstories7_roofshapeNA_fpArea4818_imsat_38.75547278-9.15066626.jpg,/scratch/yd3288/RoofNet-xAI/RoofNet-Images/AmorphousMembrane/Lisbon_Portugal_heightNA_numstories7_roofshapeNA_fpArea4818_imsat_38.75547278-9.15066626.jpg,Lisbon_Portugal_heightNA_numstories7_roofshapeNA_fpArea4818_imsat_38.75547278-9.15066626.jpg,holdout,transformer_explainability,Lisbon Portugal Heightna Numstories7 Roofshapena Fparea4818 Imsat 38.75547278,11,AmorphousMembrane,0.6939354538917542,IDEA-Research/grounding-dino-base,facebook/sam-vit-huge,building . rooftop . roof,0.2,0.15,11,11,False,215809,80.0,0.05621067360043527,0.20000198404825206,224,224,638,474,0.588352750642728,0.4116472493572721,0.15221525321945686,0.6034753567118033,0.16913103716712463,60483,36500,239792,215809,0.773,success
AmorphousConcrete__Singapore_Singapore_heightNA_numstoriesNA_roofshapeNA_fpArea7080_imsat_1.38030271103.93821374.jpg,/scratch/yd3288/RoofNet-xAI/RoofNet-Images/AmorphousConcrete/Singapore_Singapore_heightNA_numstoriesNA_roofshapeNA_fpArea7080_imsat_1.38030271103.93821374.jpg,Singapore_Singapore_heightNA_numstoriesNA_roofshapeNA_fpArea7080_imsat_1.38030271103.93821374.jpg,holdout,transformer_explainability,Singapore Singapore,9,AmorphousConcrete,0.9855723977088928,IDEA-Research/grounding-dino-base,facebook/sam-vit-huge,building . rooftop . roof,0.2,0.15,8,8,False,279335,80.0,0.13589137792587283,0.20000059938742604,224,224,523,638,0.8007413592756043,0.19925864072439572,0.16948728693277823,0.7515396718363677,0.17954785472640378,66735,50154,295916,279335,0.708,success
AmorphousConcrete__Kathmandu_Nepal_heightNA_numstoriesNA_roofshapeNA_fpArea2109_imsat_27.693561485.29169339.jpg,/scratch/yd3288/RoofNet-xAI/RoofNet-Images/AmorphousConcrete/Kathmandu_Nepal_heightNA_numstoriesNA_roofshapeNA_fpArea2109_imsat_27.693561485.29169339.jpg,Kathmandu_Nepal_heightNA_numstoriesNA_roofshapeNA_fpArea2109_imsat_27.693561485.29169339.jpg,holdout,transformer_explainability,Kathmandu Nepal,11,AmorphousMembrane,0.6921674609184265,IDEA-Research/grounding-dino-base,facebook/sam-vit-huge,building . rooftop . roof,0.2,0.15,1,1,False,193514,80.0,0.024544483423233038,0.2000008079371748,224,224,388,638,0.5150185860230605,0.4849814139769395,0.1478400921963707,0.6322284837100325,0.16175057101811754,49509,31301,211722,193514,0.745,success
AmorphousAsphalt__Santiago_Chile_heightNA_numstoriesNA_roofshapeNA_fpArea1097_imsat_-33.46219865-70.6346614_1.jpg,/scratch/yd3288/RoofNet-xAI/RoofNet-Images/AmorphousAsphalt/Santiago_Chile_heightNA_numstoriesNA_roofshapeNA_fpArea1097_imsat_-33.46219865-70.6346614_1.jpg,Santiago_Chile_heightNA_numstoriesNA_roofshapeNA_fpArea1097_imsat_-33.46219865-70.6346614_1.jpg,holdout,transformer_explainability,Santiago Chile Heightna Numstoriesna Roofshapena Fparea1097 Imsat ,11,AmorphousMembrane,0.9985067248344421,IDEA-Research/grounding-dino-base,facebook/sam-vit-huge,building . rooftop . roof,0.2,0.15,2,2,False,312373,80.0,0.07798283845186237,0.20000054708485834,224,224,573,638,0.7656976433921255,0.2343023566078745,0.17729266177207148,0.7939820830199001,0.18584192615879094,73115,58052,327436,312373,0.704,success
AmorphousConcrete__Lima_Peru_heightNA_numstoriesNA_roofshapeNA_fpArea4916_imsat_-12.12698081-77.03006677_1.jpg,/scratch/yd3288/RoofNet-xAI/RoofNet-Images/AmorphousConcrete/Lima_Peru_heightNA_numstoriesNA_roofshapeNA_fpArea4916_imsat_-12.12698081-77.03006677_1.jpg,Lima_Peru_heightNA_numstoriesNA_roofshapeNA_fpArea4916_imsat_-12.12698081-77.03006677_1.jpg,holdout,transformer_explainability,Lima Peru Heightna Numstoriesna Roofshapena Fparea4916 Imsat ,9,AmorphousConcrete,0.9731135964393616,IDEA-Research/grounding-dino-base,facebook/sam-vit-huge,building . rooftop . roof,0.2,0.15,2,2,False,367131,80.0,0.09588280767202378,0.20000049134737277,224,224,638,638,0.8592071348119343,0.1407928651880657,0.18529362799633212,0.8613175447432102,0.1909917713295799,81409,70119,378421,367131,0.683,success
AmorphousConcrete__Jerusalem_Israel_heightNA_numstoriesNA_roofshapeNA_fpArea6207_imsat_31.7819754835.19170451.jpg,/scratch/yd3288/RoofNet-xAI/RoofNet-Images/AmorphousConcrete/Jerusalem_Israel_heightNA_numstoriesNA_roofshapeNA_fpArea6207_imsat_31.7819754835.19170451.jpg,Jerusalem_Israel_heightNA_numstoriesNA_roofshapeNA_fpArea6207_imsat_31.7819754835.19170451.jpg,holdout,transformer_explainability,Jerusalem Israel,9,AmorphousConcrete,0.9756026268005371,IDEA-Research/grounding-dino-base,facebook/sam-vit-huge,building . rooftop . roof,0.2,0.15,2,2,False,207984,80.0,0.04560186713933945,0.2000034166716493,224,224,367,638,0.8672792140831068,0.13272078591689318,0.16563665057981292,0.7732009395686525,0.1740951227017463,46830,36209,218605,207984,0.732,success
AmorphousConcrete__Port_Louis_Mauritius_heightNA_numstoriesNA_roofshapeNA_fpArea17923_imsat_-20.1567962657.51318441_7.jpg,/scratch/yd3288/RoofNet-xAI/RoofNet-Images/AmorphousConcrete/Port_Louis_Mauritius_heightNA_numstoriesNA_roofshapeNA_fpArea17923_imsat_-20.1567962657.51318441_7.jpg,Port_Louis_Mauritius_heightNA_numstoriesNA_roofshapeNA_fpArea17923_imsat_-20.1567962657.51318441_7.jpg,holdout,transformer_explainability,Port Louis Mauritius Heightna Numstoriesna Roofshapena Fparea17923 Imsat ,9,AmorphousConcrete,0.9867042303085327,IDEA-Research/grounding-dino-base,facebook/sam-vit-huge,building . rooftop . roof,0.2,0.15,4,4,False,375010,80.0,0.08712711930274963,0.20000049134737277,224,224,638,638,0.9310814569462006,0.06891854305379942,0.19771436069015286,0.9254996376322028,0.2009119756806485,81409,75344,381075,375010,0.7,success
AmorphousConcrete__San_Juan_PR_height9.2_numstoriesNA_roofshapeNA_fpArea2412_imsat_18.41763164-66.06019362_0.jpg,/scratch/yd3288/RoofNet-xAI/RoofNet-Images/AmorphousConcrete/San_Juan_PR_height9.2_numstoriesNA_roofshapeNA_fpArea2412_imsat_18.41763164-66.06019362_0.jpg,San_Juan_PR_height9.2_numstoriesNA_roofshapeNA_fpArea2412_imsat_18.41763164-66.06019362_0.jpg,holdout,transformer_explainability,San Juan Pr Height9.2 Numstoriesna Roofshapena Fparea2412 Imsat 18.41763164,9,AmorphousConcrete,0.9006659388542175,IDEA-Research/grounding-dino-base,facebook/sam-vit-huge,building . rooftop . roof,0.2,0.15,9,9,False,289715,80.0,0.06257815510034562,0.2,224,224,555,638,0.604056785141652,0.39594321485834805,0.14691585811993002,0.6521364624812901,0.15940838410161712,70818,46183,314350,289715,0.737,success
AmorphousConcrete__Baghdad_Iraq_heightNA_numstoriesNA_roofshapeNA_fpArea1897_imsat_33.3263904544.33230575.jpg,/scratch/yd3288/RoofNet-xAI/RoofNet-Images/AmorphousConcrete/Baghdad_Iraq_heightNA_numstoriesNA_roofshapeNA_fpArea1897_imsat_33.3263904544.33230575.jpg,Baghdad_Iraq_heightNA_numstoriesNA_roofshapeNA_fpArea1897_imsat_33.3263904544.33230575.jpg,holdout,transformer_explainability,Baghdad Iraq,9,AmorphousConcrete,0.3494502902030945,IDEA-Research/grounding-dino-base,facebook/sam-vit-huge,building . rooftop . roof,0.2,0.15,4,4,False,200384,80.0,0.0825720727443695,0.20000311920023706,224,224,638,402,0.7326301089970342,0.2673698910029658,0.1866100895803866,0.7716001247660637,0.1975207601405302,51296,39580,212100,200384,0.734,success
AmorphousMembrane__Tirana_Albania_heightNA_numstoriesNA_roofshapeNA_fpArea391_imsat_41.2154809519.54058495.jpg,/scratch/yd3288/RoofNet-xAI/RoofNet-Images/AmorphousMembrane/Tirana_Albania_heightNA_numstoriesNA_roofshapeNA_fpArea391_imsat_41.2154809519.54058495.jpg,Tirana_Albania_heightNA_numstoriesNA_roofshapeNA_fpArea391_imsat_41.2154809519.54058495.jpg,holdout,transformer_explainability,Tirana Albania,6,MetalSheetMaterials,0.980095386505127,IDEA-Research/grounding-dino-base,facebook/sam-vit-huge,building . rooftop . roof,0.2,0.15,1,1,False,406838,80.0,0.07788159251213074,0.20000049134737277,224,224,638,638,0.9996655660199537,0.0003344339800462672,0.2001017604058618,1.0,0.2001017604058618,81409,81409,406838,406838,0.684,success
AmorphousConcrete__Muscat_Oman_heightNA_numstoriesNA_roofshapeNA_fpArea10153_imsat_23.5930925758.40487856_3.jpg,/scratch/yd3288/RoofNet-xAI/RoofNet-Images/AmorphousConcrete/Muscat_Oman_heightNA_numstoriesNA_roofshapeNA_fpArea10153_imsat_23.5930925758.40487856_3.jpg,Muscat_Oman_heightNA_numstoriesNA_roofshapeNA_fpArea10153_imsat_23.5930925758.40487856_3.jpg,holdout,transformer_explainability,Muscat Oman,9,AmorphousConcrete,0.9959914088249207,IDEA-Research/grounding-dino-base,facebook/sam-vit-huge,building . rooftop . roof,0.2,0.15,4,4,False,333704,80.0,0.09992918372154236,0.20000206576358368,224,224,607,638,0.787752390656421,0.21224760934357895,0.15739604328292667,0.7218994499961268,0.1675556780859684,77454,55914,355244,333704,0.705,success
AmorphousConcrete__Casablanca_Morocco_heightNA_numstoriesNA_roofshapeNA_fpArea1236_imsat_33.55950018-7.61575158.jpg,/scratch/yd3288/RoofNet-xAI/RoofNet-Images/AmorphousConcrete/Casablanca_Morocco_heightNA_numstoriesNA_roofshapeNA_fpArea1236_imsat_33.55950018-7.61575158.jpg,Casablanca_Morocco_heightNA_numstoriesNA_roofshapeNA_fpArea1236_imsat_33.55950018-7.61575158.jpg,holdout,transformer_explainability,Casablanca Morocco Heightna Numstoriesna Roofshapena Fparea1236 Imsat 33.55950018,9,AmorphousConcrete,0.9354462027549744,IDEA-Research/grounding-dino-base,facebook/sam-vit-huge,building . rooftop . roof,0.2,0.15,1,1,False,40814,80.0,0.07111364603042603,0.20003028467595396,224,224,635,520,0.051809589035901965,0.9481904109640981,0.024867892319053238,0.039258137774413324,0.06353212133091586,66050,2593,104271,40814,0.702,success
AmorphousMembrane__Chicago_Illinois_heightNA_numstories1_roofshapeNA_fpArea7943_imsat_41.93212872-87.67177336_3.jpg,/scratch/yd3288/RoofNet-xAI/RoofNet-Images/AmorphousMembrane/Chicago_Illinois_heightNA_numstories1_roofshapeNA_fpArea7943_imsat_41.93212872-87.67177336_3.jpg,Chicago_Illinois_heightNA_numstories1_roofshapeNA_fpArea7943_imsat_41.93212872-87.67177336_3.jpg,holdout,transformer_explainability,Chicago Illinois Heightna Numstories1 Roofshapena Fparea7943 Imsat 41.93212872,11,AmorphousMembrane,0.9992153644561768,IDEA-Research/grounding-dino-base,facebook/sam-vit-huge,building . rooftop . roof,0.2,0.15,4,4,False,288165,80.0,0.04217493310570716,0.20000165279239274,224,224,569,638,0.6414128076915374,0.3585871923084626,0.16887198361887976,0.7178844432201639,0.18087554005517673,72605,52122,308648,288165,0.707,success
AmorphousMembrane__Sedona_AZ_heightNA_numstoriesNA_roofshapeNA_fpArea4262_imsat_34.86839309-111.81650994.jpg,/scratch/yd3288/RoofNet-xAI/RoofNet-Images/AmorphousMembrane/Sedona_AZ_heightNA_numstoriesNA_roofshapeNA_fpArea4262_imsat_34.86839309-111.81650994.jpg,Sedona_AZ_heightNA_numstoriesNA_roofshapeNA_fpArea4262_imsat_34.86839309-111.81650994.jpg,holdout,transformer_explainability,Sedona Az Heightna Numstoriesna Roofshapena Fparea4262 Imsat 34.86839309,11,AmorphousMembrane,0.9998475313186646,IDEA-Research/grounding-dino-base,facebook/sam-vit-huge,building . rooftop . roof,0.2,0.15,2,2,False,188925,80.0,0.06428406387567522,0.2,224,224,390,638,0.5204985825357767,0.4795014174642232,0.11577062774923688,0.4976689976689977,0.13108905650390368,49764,24766,213923,188925,0.745,success
AmorphousConcrete__Tripoli_Libya_heightNA_numstoriesNA_roofshapeNA_fpArea491_imsat_33.7132399610.86413514.jpg,/scratch/yd3288/RoofNet-xAI/RoofNet-Images/AmorphousConcrete/Tripoli_Libya_heightNA_numstoriesNA_roofshapeNA_fpArea491_imsat_33.7132399610.86413514.jpg,Tripoli_Libya_heightNA_numstoriesNA_roofshapeNA_fpArea491_imsat_33.7132399610.86413514.jpg,holdout,transformer_explainability,Tripoli Libya,11,AmorphousMembrane,0.4917169213294983,IDEA-Research/grounding-dino-base,facebook/sam-vit-huge,building . rooftop . roof,0.2,0.15,2,2,False,288882,80.0,0.08058749288320546,0.2,224,224,638,540,0.8190212301474152,0.1809787698525848,0.19311315343675386,0.8404446766515732,0.2004624725666535,68904,57910,299876,288882,0.713,success
AmorphousMembrane__Auckland_New_Zealand_heightNA_numstoriesNA_roofshapeNA_fpArea191_imsat_-36.87569158174.71225512.jpg,/scratch/yd3288/RoofNet-xAI/RoofNet-Images/AmorphousMembrane/Auckland_New_Zealand_heightNA_numstoriesNA_roofshapeNA_fpArea191_imsat_-36.87569158174.71225512.jpg,Auckland_New_Zealand_heightNA_numstoriesNA_roofshapeNA_fpArea191_imsat_-36.87569158174.71225512.jpg,holdout,transformer_explainability,Auckland New Zealand Heightna Numstoriesna Roofshapena Fparea191 Imsat ,11,AmorphousMembrane,0.9970359802246094,IDEA-Research/grounding-dino-base,facebook/sam-vit-huge,building . rooftop . roof,0.2,0.15,2,2,False,117966,80.0,0.07717209607362747,0.2,224,224,638,500,0.5220445154503841,0.4779554845496159,0.2989780604588008,0.6557366771159875,0.35464455860163097,63800,41836,139930,117966,0.711,success
AmorphousConcrete__Riyadh_Saudi_Arabia_heightNA_numstoriesNA_roofshapeNA_fpArea3359_imsat_24.8122031246.63557968_1.jpg,/scratch/yd3288/RoofNet-xAI/RoofNet-Images/AmorphousConcrete/Riyadh_Saudi_Arabia_heightNA_numstoriesNA_roofshapeNA_fpArea3359_imsat_24.8122031246.63557968_1.jpg,Riyadh_Saudi_Arabia_heightNA_numstoriesNA_roofshapeNA_fpArea3359_imsat_24.8122031246.63557968_1.jpg,holdout,transformer_explainability,Riyadh Saudi Arabia,9,AmorphousConcrete,0.9919901490211487,IDEA-Research/grounding-dino-base,facebook/sam-vit-huge,building . rooftop . roof,0.2,0.15,4,4,False,283264,80.0,0.07586634904146194,0.20004021794822352,224,224,569,638,0.683094971853599,0.316905028146401,0.16022573157373116,0.6767788044451176,0.17350245707184817,72619,49147,306736,283264,0.698,success
AmorphousConcrete__New_York_United_States_height132.2_numstoriesNA_roofshapeNA_fpArea4708_imsat_40.64698525-74.08051472.jpg,/scratch/yd3288/RoofNet-xAI/RoofNet-Images/AmorphousConcrete/New_York_United_States_height132.2_numstoriesNA_roofshapeNA_fpArea4708_imsat_40.64698525-74.08051472.jpg,New_York_United_States_height132.2_numstoriesNA_roofshapeNA_fpArea4708_imsat_40.64698525-74.08051472.jpg,holdout,transformer_explainability,New York United States Height132.2 Numstoriesna Roofshapena Fparea4708 Imsat 40.64698525,10,AmorphousAsphalt,0.8998916149139404,IDEA-Research/grounding-dino-base,facebook/sam-vit-huge,building . rooftop . roof,0.2,0.15,12,12,False,223950,80.0,0.058738138526678085,0.2000022512001711,224,224,557,638,0.5573470477917074,0.44265295220829254,0.14796670778258111,0.535033908320905,0.16980129493190443,71074,38027,256997,223950,0.712,success
AmorphousMembrane__Los_Angeles_California_heightNA_numstories3_roofshapeNA_fpArea145_imsat_34.24983177-118.46794221.jpg,/scratch/yd3288/RoofNet-xAI/RoofNet-Images/AmorphousMembrane/Los_Angeles_California_heightNA_numstories3_roofshapeNA_fpArea145_imsat_34.24983177-118.46794221.jpg,Los_Angeles_California_heightNA_numstories3_roofshapeNA_fpArea145_imsat_34.24983177-118.46794221.jpg,holdout,transformer_explainability,Los Angeles California Heightna Numstories3 Roofshapena Fparea145 Imsat 34.24983177,11,AmorphousMembrane,0.9996389150619507,IDEA-Research/grounding-dino-base,facebook/sam-vit-huge,building . rooftop . roof,0.2,0.15,3,3,False,303152,80.0,0.047328792512416853,0.2000005113860095,224,224,613,638,0.5297742117271274,0.4702257882728726,0.14005781435434161,0.5989849013666756,0.1545495329075843,78219,46852,334519,303152,0.704,success
AmorphousConcrete__Muscat_Oman_heightNA_numstoriesNA_roofshapeNA_fpArea131221_imsat_23.6340073558.50332381_7.jpg,/scratch/yd3288/RoofNet-xAI/RoofNet-Images/AmorphousConcrete/Muscat_Oman_heightNA_numstoriesNA_roofshapeNA_fpArea131221_imsat_23.6340073558.50332381_7.jpg,Muscat_Oman_heightNA_numstoriesNA_roofshapeNA_fpArea131221_imsat_23.6340073558.50332381_7.jpg,holdout,transformer_explainability,Muscat Oman,9,AmorphousConcrete,0.9837215542793274,IDEA-Research/grounding-dino-base,facebook/sam-vit-huge,building . rooftop . roof,0.2,0.15,14,14,False,247525,80.0,0.08368358463048936,0.2,224,224,638,490,0.8329050863999331,0.1670949136000669,0.18483120734326397,0.7735749472202674,0.1954024845975154,62524,48367,261682,247525,0.722,success
AmorphousConcrete__Port_Louis_Mauritius_heightNA_numstoriesNA_roofshapeNA_fpArea11259_imsat_-20.2063058357.48476212.jpg,/scratch/yd3288/RoofNet-xAI/RoofNet-Images/AmorphousConcrete/Port_Louis_Mauritius_heightNA_numstoriesNA_roofshapeNA_fpArea11259_imsat_-20.2063058357.48476212.jpg,Port_Louis_Mauritius_heightNA_numstoriesNA_roofshapeNA_fpArea11259_imsat_-20.2063058357.48476212.jpg,holdout,transformer_explainability,Port Louis Mauritius Heightna Numstoriesna Roofshapena Fparea11259 Imsat ,9,AmorphousConcrete,0.976125955581665,IDEA-Research/grounding-dino-base,facebook/sam-vit-huge,building . rooftop . roof,0.2,0.15,5,5,False,308164,80.0,0.04490025117993355,0.20000163839524646,224,224,638,574,0.7669567493283039,0.233043250671696,0.19171811728240765,0.8377455866089593,0.19911151205202424,73243,61359,320048,308164,0.71,success
AmorphousMembrane__Tokyo_Japan_heightNA_numstoriesNA_roofshapeNA_fpArea592_imsat_35.73752592139.72425765.jpg,/scratch/yd3288/RoofNet-xAI/RoofNet-Images/AmorphousMembrane/Tokyo_Japan_heightNA_numstoriesNA_roofshapeNA_fpArea592_imsat_35.73752592139.72425765.jpg,Tokyo_Japan_heightNA_numstoriesNA_roofshapeNA_fpArea592_imsat_35.73752592139.72425765.jpg,holdout,transformer_explainability,Tokyo Japan,11,AmorphousMembrane,0.9999319314956665,IDEA-Research/grounding-dino-base,facebook/sam-vit-huge,building . rooftop . roof,0.2,0.15,2,2,False,158015,80.0,0.05454900115728378,0.20000372082639553,224,224,337,638,0.48669829293224004,0.5133017070677599,0.13472763195032458,0.5550206967117809,0.1510426225358352,43002,23867,177150,158015,0.715,success
AmorphousConcrete__Mumbai_India_heightNA_numstoriesNA_roofshapeNA_fpArea5011_imsat_19.0765041572.89788445_0.jpg,/scratch/yd3288/RoofNet-xAI/RoofNet-Images/AmorphousConcrete/Mumbai_India_heightNA_numstoriesNA_roofshapeNA_fpArea5011_imsat_19.0765041572.89788445_0.jpg,Mumbai_India_heightNA_numstoriesNA_roofshapeNA_fpArea5011_imsat_19.0765041572.89788445_0.jpg,holdout,transformer_explainability,Mumbai India,6,MetalSheetMaterials,0.7439111471176147,IDEA-Research/grounding-dino-base,facebook/sam-vit-huge,building . rooftop . roof,0.2,0.15,2,2,False,383332,80.0,0.0365445576608181,0.20000049134737277,224,224,638,638,0.8756917808971695,0.12430821910283046,0.17986311037994993,0.8702600449581741,0.18481890371792598,81409,70847,393894,383332,0.691,success
AmorphousConcrete__Port_Louis_Mauritius_heightNA_numstoriesNA_roofshapeNA_fpArea926_imsat_-20.154358757.51555435.jpg,/scratch/yd3288/RoofNet-xAI/RoofNet-Images/AmorphousConcrete/Port_Louis_Mauritius_heightNA_numstoriesNA_roofshapeNA_fpArea926_imsat_-20.154358757.51555435.jpg,Port_Louis_Mauritius_heightNA_numstoriesNA_roofshapeNA_fpArea926_imsat_-20.154358757.51555435.jpg,holdout,transformer_explainability,Port Louis Mauritius Heightna Numstoriesna Roofshapena Fparea926 Imsat ,9,AmorphousConcrete,0.9451428651809692,IDEA-Research/grounding-dino-base,facebook/sam-vit-huge,building . rooftop . roof,0.2,0.15,2,2,False,395932,80.0,0.044078547507524504,0.20000049134737277,224,224,638,638,0.9566604335786566,0.04333956642134344,0.19219011463822772,0.9452394698374873,0.19435408100380874,81409,76951,400390,395932,0.682,success
AmorphousConcrete__Muscat_Oman_heightNA_numstoriesNA_roofshapeNA_fpArea4272_imsat_23.5953944958.40523537.jpg,/scratch/yd3288/RoofNet-xAI/RoofNet-Images/AmorphousConcrete/Muscat_Oman_heightNA_numstoriesNA_roofshapeNA_fpArea4272_imsat_23.5953944958.40523537.jpg,Muscat_Oman_heightNA_numstoriesNA_roofshapeNA_fpArea4272_imsat_23.5953944958.40523537.jpg,holdout,transformer_explainability,Muscat Oman,9,AmorphousConcrete,0.9984898567199707,IDEA-Research/grounding-dino-base,facebook/sam-vit-huge,building . rooftop . roof,0.2,0.15,3,3,False,353584,80.0,0.11235557943582536,0.2,224,224,638,635,0.8438723278230269,0.15612767217697304,0.17874723695094993,0.8133808900846642,0.18639135254988914,81026,65905,368705,353584,0.699,success
AmorphousConcrete__Kathmandu_Nepal_heightNA_numstoriesNA_roofshapeNA_fpArea857_imsat_27.725126485.3616774.jpg,/scratch/yd3288/RoofNet-xAI/RoofNet-Images/AmorphousConcrete/Kathmandu_Nepal_heightNA_numstoriesNA_roofshapeNA_fpArea857_imsat_27.725126485.3616774.jpg,Kathmandu_Nepal_heightNA_numstoriesNA_roofshapeNA_fpArea857_imsat_27.725126485.3616774.jpg,holdout,transformer_explainability,Kathmandu Nepal,6,MetalSheetMaterials,0.999014139175415,IDEA-Research/grounding-dino-base,facebook/sam-vit-huge,building . rooftop . roof,0.2,0.15,2,2,False,269531,80.0,0.04361215606331827,0.2000020945186447,224,224,638,449,0.9510893541934162,0.04891064580658377,0.19681994455776208,0.9381076222226101,0.19940934437968175,57293,53747,273077,269531,0.716,success
AmorphousAsphalt__Valletta_Malta_heightNA_numstoriesNA_roofshapeNA_fpArea35557_imsat_35.8980580814.51576766_2.jpg,/scratch/yd3288/RoofNet-xAI/RoofNet-Images/AmorphousAsphalt/Valletta_Malta_heightNA_numstoriesNA_roofshapeNA_fpArea35557_imsat_35.8980580814.51576766_2.jpg,Valletta_Malta_heightNA_numstoriesNA_roofshapeNA_fpArea35557_imsat_35.8980580814.51576766_2.jpg,holdout,transformer_explainability,Valletta Malta,9,AmorphousConcrete,0.9957640171051025,IDEA-Research/grounding-dino-base,facebook/sam-vit-huge,building . rooftop . roof,0.2,0.15,5,5,False,383374,80.0,0.15007485449314117,0.20000049134737277,224,224,638,638,0.9215467912934822,0.07845320870651784,0.19412728917024644,0.9281406232726112,0.19708952615461664,81409,75559,389224,383374,0.689,success
AmorphousConcrete__Tripoli_Libya_heightNA_numstoriesNA_roofshapeNA_fpArea669_imsat_32.8889040413.20844826.jpg,/scratch/yd3288/RoofNet-xAI/RoofNet-Images/AmorphousConcrete/Tripoli_Libya_heightNA_numstoriesNA_roofshapeNA_fpArea669_imsat_32.8889040413.20844826.jpg,Tripoli_Libya_heightNA_numstoriesNA_roofshapeNA_fpArea669_imsat_32.8889040413.20844826.jpg,holdout,transformer_explainability,Tripoli Libya,11,AmorphousMembrane,0.9995688796043396,IDEA-Research/grounding-dino-base,facebook/sam-vit-huge,building . rooftop . roof,0.2,0.15,1,1,False,388052,80.0,0.08911203145980838,0.20000049134737277,224,224,638,638,0.9222677518665777,0.07773224813342224,0.19158586730290877,0.9271824982495793,0.19451259109603866,81409,75481,393980,388052,0.689,success
AmorphousAsphalt__Valletta_Malta_heightNA_numstoriesNA_roofshapeNA_fpArea20317_imsat_35.898112914.51486764_5.jpg,/scratch/yd3288/RoofNet-xAI/RoofNet-Images/AmorphousAsphalt/Valletta_Malta_heightNA_numstoriesNA_roofshapeNA_fpArea20317_imsat_35.898112914.51486764_5.jpg,Valletta_Malta_heightNA_numstoriesNA_roofshapeNA_fpArea20317_imsat_35.898112914.51486764_5.jpg,holdout,transformer_explainability,Valletta Malta,9,AmorphousConcrete,0.9976588487625122,IDEA-Research/grounding-dino-base,facebook/sam-vit-huge,building . rooftop . roof,0.2,0.15,12,12,False,327133,80.0,0.09254202097654345,0.20000049134737277,224,224,638,638,0.8320720830349692,0.16792791696503082,0.20040783225988434,0.8378189143706469,0.20849623853295143,81409,68206,340336,327133,0.696,success
AmorphousConcrete__Bogotá_Colombia_heightNA_numstoriesNA_roofshapeNA_fpArea458_imsat_4.70985655-74.1311405.jpg,/scratch/yd3288/RoofNet-xAI/RoofNet-Images/AmorphousConcrete/Bogotá_Colombia_heightNA_numstoriesNA_roofshapeNA_fpArea458_imsat_4.70985655-74.1311405.jpg,Bogotá_Colombia_heightNA_numstoriesNA_roofshapeNA_fpArea458_imsat_4.70985655-74.1311405.jpg,holdout,transformer_explainability,Bogotá Colombia Heightna Numstoriesna Roofshapena Fparea458 Imsat 4.70985655,10,AmorphousAsphalt,0.5065600275993347,IDEA-Research/grounding-dino-base,facebook/sam-vit-huge,building . rooftop . roof,0.2,0.15,1,1,False,355902,80.0,0.06533482670783997,0.20002751545287487,224,224,638,638,0.8664749570766537,0.1335250429233463,0.19181766897314798,0.8644681896339965,0.1977651151159589,81420,70385,366937,355902,0.683,success
AmorphousConcrete__Tripoli_Libya_heightNA_numstoriesNA_roofshapeNA_fpArea2429_imsat_32.8532857213.20636131_1.jpg,/scratch/yd3288/RoofNet-xAI/RoofNet-Images/AmorphousConcrete/Tripoli_Libya_heightNA_numstoriesNA_roofshapeNA_fpArea2429_imsat_32.8532857213.20636131_1.jpg,Tripoli_Libya_heightNA_numstoriesNA_roofshapeNA_fpArea2429_imsat_32.8532857213.20636131_1.jpg,holdout,transformer_explainability,Tripoli Libya,9,AmorphousConcrete,0.9760923385620117,IDEA-Research/grounding-dino-base,facebook/sam-vit-huge,building . rooftop . roof,0.2,0.15,3,3,False,192346,80.0,0.06627936363220215,0.20000241758064646,224,224,638,389,0.677909657870366,0.322090342129634,0.16659917271701716,0.696194371134436,0.17966061160616806,49637,34557,207426,192346,0.733,success
AmorphousConcrete__Jerusalem_Israel_heightNA_numstoriesNA_roofshapeNA_fpArea2695_imsat_31.7952304535.24050341.jpg,/scratch/yd3288/RoofNet-xAI/RoofNet-Images/AmorphousConcrete/Jerusalem_Israel_heightNA_numstoriesNA_roofshapeNA_fpArea2695_imsat_31.7952304535.24050341.jpg,Jerusalem_Israel_heightNA_numstoriesNA_roofshapeNA_fpArea2695_imsat_31.7952304535.24050341.jpg,holdout,transformer_explainability,Jerusalem Israel,9,AmorphousConcrete,0.9903516173362732,IDEA-Research/grounding-dino-base,facebook/sam-vit-huge,building . rooftop . roof,0.2,0.15,5,5,False,136670,80.0,0.04128682762384415,0.20000196333793627,224,224,638,479,0.583660814029307,0.4163391859706929,0.2797864768683274,0.7074655192159814,0.31638984415014265,61121,43241,154550,136670,0.713,success
AmorphousConcrete__Stockholm_Sweden_heightNA_numstoriesNA_roofshapeNA_fpArea4873_imsat_59.381448817.8623701.jpg,/scratch/yd3288/RoofNet-xAI/RoofNet-Images/AmorphousConcrete/Stockholm_Sweden_heightNA_numstoriesNA_roofshapeNA_fpArea4873_imsat_59.381448817.8623701.jpg,Stockholm_Sweden_heightNA_numstoriesNA_roofshapeNA_fpArea4873_imsat_59.381448817.8623701.jpg,holdout,transformer_explainability,Stockholm Sweden,10,AmorphousAsphalt,0.9929037690162659,IDEA-Research/grounding-dino-base,facebook/sam-vit-huge,building . rooftop . roof,0.2,0.15,10,10,False,245142,80.0,0.10758218467235567,0.2,224,224,638,505,0.845212276993121,0.154787723006879,0.21176774516788138,0.8395977528787362,0.22069657586215335,64438,54102,255478,245142,0.715,success
AmorphousConcrete__Riyadh_Saudi_Arabia_heightNA_numstoriesNA_roofshapeNA_fpArea7310_imsat_24.6780530246.73405887_0.jpg,/scratch/yd3288/RoofNet-xAI/RoofNet-Images/AmorphousConcrete/Riyadh_Saudi_Arabia_heightNA_numstoriesNA_roofshapeNA_fpArea7310_imsat_24.6780530246.73405887_0.jpg,Riyadh_Saudi_Arabia_heightNA_numstoriesNA_roofshapeNA_fpArea7310_imsat_24.6780530246.73405887_0.jpg,holdout,transformer_explainability,Riyadh Saudi Arabia,9,AmorphousConcrete,0.9907718896865845,IDEA-Research/grounding-dino-base,facebook/sam-vit-huge,building . rooftop . roof,0.2,0.15,1,1,False,216262,80.0,0.07192734926939012,0.2,224,224,564,430,0.8109086104269524,0.1890913895730476,0.17082640534899352,0.7964291604816097,0.17862592596017793,48504,38630,226136,216262,0.709,success
AmorphousConcrete__Sanaa_Yemen_heightNA_numstoriesNA_roofshapeNA_fpArea787_imsat_15.2953843544.28326297.jpg,/scratch/yd3288/RoofNet-xAI/RoofNet-Images/AmorphousConcrete/Sanaa_Yemen_heightNA_numstoriesNA_roofshapeNA_fpArea787_imsat_15.2953843544.28326297.jpg,Sanaa_Yemen_heightNA_numstoriesNA_roofshapeNA_fpArea787_imsat_15.2953843544.28326297.jpg,holdout,transformer_explainability,Sanaa Yemen,9,AmorphousConcrete,0.9925287961959839,IDEA-Research/grounding-dino-base,facebook/sam-vit-huge,building . rooftop . roof,0.2,0.15,1,1,False,380216,80.0,0.06479458659887317,0.20000049134737277,224,224,638,638,0.9644100758775894,0.0355899241224106,0.21096260542227935,0.9878514660541218,0.21151135144233804,81409,80420,381205,380216,0.682,success
AmorphousConcrete__Kathmandu_Nepal_heightNA_numstoriesNA_roofshapeNA_fpArea856_imsat_27.7255344185.31173427.jpg,/scratch/yd3288/RoofNet-xAI/RoofNet-Images/AmorphousConcrete/Kathmandu_Nepal_heightNA_numstoriesNA_roofshapeNA_fpArea856_imsat_27.7255344185.31173427.jpg,Kathmandu_Nepal_heightNA_numstoriesNA_roofshapeNA_fpArea856_imsat_27.7255344185.31173427.jpg,holdout,transformer_explainability,Kathmandu Nepal,9,AmorphousConcrete,0.8837850093841553,IDEA-Research/grounding-dino-base,facebook/sam-vit-huge,building . rooftop . roof,0.2,0.15,1,1,False,348123,80.0,0.05942718014121057,0.20000049522847366,224,224,633,638,0.7055423768427015,0.2944576231572985,0.16921239944060215,0.7684812618390264,0.17830192202181414,80771,62071,366823,348123,0.69,success
AmorphousConcrete__Pyongyang_North_Korea_heightNA_numstoriesNA_roofshapeNA_fpArea922_imsat_39.05302942125.79747517.jpg,/scratch/yd3288/RoofNet-xAI/RoofNet-Images/AmorphousConcrete/Pyongyang_North_Korea_heightNA_numstoriesNA_roofshapeNA_fpArea922_imsat_39.05302942125.79747517.jpg,Pyongyang_North_Korea_heightNA_numstoriesNA_roofshapeNA_fpArea922_imsat_39.05302942125.79747517.jpg,holdout,transformer_explainability,Pyongyang North Korea,9,AmorphousConcrete,0.9640429019927979,IDEA-Research/grounding-dino-base,facebook/sam-vit-huge,building . rooftop . roof,0.2,0.15,2,2,False,214441,80.0,0.11211640983819965,0.2,224,224,420,638,0.7916623167769898,0.20833768322301016,0.17536681839310303,0.7462121212121212,0.18648952392499568,53592,39991,228042,214441,0.728,success
AmorphousConcrete__Dakar_Senegal_heightNA_numstoriesNA_roofshapeNA_fpArea1583_imsat_14.72437193-17.49482738.jpg,/scratch/yd3288/RoofNet-xAI/RoofNet-Images/AmorphousConcrete/Dakar_Senegal_heightNA_numstoriesNA_roofshapeNA_fpArea1583_imsat_14.72437193-17.49482738.jpg,Dakar_Senegal_heightNA_numstoriesNA_roofshapeNA_fpArea1583_imsat_14.72437193-17.49482738.jpg,holdout,transformer_explainability,Dakar Senegal Heightna Numstoriesna Roofshapena Fparea1583 Imsat 14.72437193,9,AmorphousConcrete,0.9490249156951904,IDEA-Research/grounding-dino-base,facebook/sam-vit-huge,building . rooftop . roof,0.2,0.15,2,2,False,368289,80.0,0.04983086511492729,0.20000540482110044,224,224,638,638,0.7676566640139894,0.23234333598601067,0.17220184705854755,0.8114751077864171,0.179378151397408,81411,66063,383637,368289,0.695,success
AmorphousConcrete__Tirana_Albania_heightNA_numstoriesNA_roofshapeNA_fpArea1672_imsat_41.3024381719.76015704.jpg,/scratch/yd3288/RoofNet-xAI/RoofNet-Images/AmorphousConcrete/Tirana_Albania_heightNA_numstoriesNA_roofshapeNA_fpArea1672_imsat_41.3024381719.76015704.jpg,Tirana_Albania_heightNA_numstoriesNA_roofshapeNA_fpArea1672_imsat_41.3024381719.76015704.jpg,holdout,transformer_explainability,Tirana Albania,9,AmorphousConcrete,0.9753479957580566,IDEA-Research/grounding-dino-base,facebook/sam-vit-huge,building . rooftop . roof,0.2,0.15,2,2,False,353332,80.0,0.081424780189991,0.2000019684748749,224,224,638,637,0.7844503151849477,0.21554968481505232,0.19251369178931657,0.8631923427081026,0.1985724474431979,81282,70162,364452,353332,0.683,success
AmorphousConcrete__Pyongyang_North_Korea_heightNA_numstoriesNA_roofshapeNA_fpArea4428_imsat_39.08285885125.77116204.jpg,/scratch/yd3288/RoofNet-xAI/RoofNet-Images/AmorphousConcrete/Pyongyang_North_Korea_heightNA_numstoriesNA_roofshapeNA_fpArea4428_imsat_39.08285885125.77116204.jpg,Pyongyang_North_Korea_heightNA_numstoriesNA_roofshapeNA_fpArea4428_imsat_39.08285885125.77116204.jpg,holdout,transformer_explainability,Pyongyang North Korea,9,AmorphousConcrete,0.9375686645507812,IDEA-Research/grounding-dino-base,facebook/sam-vit-huge,building . rooftop . roof,0.2,0.15,4,4,False,158090,80.0,0.11236124783754353,0.20000258362327328,224,224,364,638,0.7349523835731777,0.2650476164268223,0.20995592889467302,0.7641397722134906,0.22450502878107406,46447,35492,169045,158090,0.733,success
AmorphousConcrete__Singapore_Singapore_heightNA_numstoriesNA_roofshapeNA_fpArea3700_imsat_1.31560111103.71255621.jpg,/scratch/yd3288/RoofNet-xAI/RoofNet-Images/AmorphousConcrete/Singapore_Singapore_heightNA_numstoriesNA_roofshapeNA_fpArea3700_imsat_1.31560111103.71255621.jpg,Singapore_Singapore_heightNA_numstoriesNA_roofshapeNA_fpArea3700_imsat_1.31560111103.71255621.jpg,holdout,transformer_explainability,Singapore Singapore,9,AmorphousConcrete,0.7152420878410339,IDEA-Research/grounding-dino-base,facebook/sam-vit-huge,building . rooftop . roof,0.2,0.15,3,3,False,404617,80.0,0.11485573500394834,0.20000049134737277,224,224,638,638,0.9958773066639858,0.004122693336014241,0.20060965969724517,0.9975555528258546,0.20070832416828754,81409,81210,404816,404617,0.684,success
AmorphousConcrete__Cairo_Egypt_heightNA_numstoriesNA_roofshapeNA_fpArea5768_imsat_29.940907631.61398798.jpg,/scratch/yd3288/RoofNet-xAI/RoofNet-Images/AmorphousConcrete/Cairo_Egypt_heightNA_numstoriesNA_roofshapeNA_fpArea5768_imsat_29.940907631.61398798.jpg,Cairo_Egypt_heightNA_numstoriesNA_roofshapeNA_fpArea5768_imsat_29.940907631.61398798.jpg,holdout,transformer_explainability,Cairo Egypt,9,AmorphousConcrete,0.989980161190033,IDEA-Research/grounding-dino-base,facebook/sam-vit-huge,building . rooftop . roof,0.2,0.15,3,3,False,253271,80.0,0.07470508962869646,0.20000049134737277,224,224,638,638,0.5103756643580064,0.4896243356419936,0.1328917037042052,0.48224397793855717,0.15500787693814136,81409,39259,295421,253271,0.681,success
AmorphousConcrete__Riyadh_Saudi_Arabia_heightNA_numstoriesNA_roofshapeNA_fpArea5603_imsat_24.687881446.6913912.jpg,/scratch/yd3288/RoofNet-xAI/RoofNet-Images/AmorphousConcrete/Riyadh_Saudi_Arabia_heightNA_numstoriesNA_roofshapeNA_fpArea5603_imsat_24.687881446.6913912.jpg,Riyadh_Saudi_Arabia_heightNA_numstoriesNA_roofshapeNA_fpArea5603_imsat_24.687881446.6913912.jpg,holdout,transformer_explainability,Riyadh Saudi Arabia,9,AmorphousConcrete,0.9967582821846008,IDEA-Research/grounding-dino-base,facebook/sam-vit-huge,building . rooftop . roof,0.2,0.15,2,2,False,324423,80.0,0.10732129812240603,0.20000049134737277,224,224,638,638,0.7017530048713524,0.2982469951286476,0.1386373902625842,0.6069722020906779,0.15231040955789202,81409,49413,356419,324423,0.68,success
AmorphousConcrete__Tripoli_Libya_heightNA_numstoriesNA_roofshapeNA_fpArea1346_imsat_33.7951721210.94317632.jpg,/scratch/yd3288/RoofNet-xAI/RoofNet-Images/AmorphousConcrete/Tripoli_Libya_heightNA_numstoriesNA_roofshapeNA_fpArea1346_imsat_33.7951721210.94317632.jpg,Tripoli_Libya_heightNA_numstoriesNA_roofshapeNA_fpArea1346_imsat_33.7951721210.94317632.jpg,holdout,transformer_explainability,Tripoli Libya,9,AmorphousConcrete,0.963553249835968,IDEA-Research/grounding-dino-base,facebook/sam-vit-huge,building . rooftop . roof,0.2,0.15,2,2,False,365032,80.0,0.14279441833496095,0.20000049134737277,224,224,638,638,0.9054411769021062,0.0945588230978938,0.19955558182775707,0.9122947094301613,0.20345887483837033,81409,74269,372172,365032,0.686,success
AmorphousConcrete__Casablanca_Morocco_heightNA_numstoriesNA_roofshapeNA_fpArea1241_imsat_33.57957693-7.53423381.jpg,/scratch/yd3288/RoofNet-xAI/RoofNet-Images/AmorphousConcrete/Casablanca_Morocco_heightNA_numstoriesNA_roofshapeNA_fpArea1241_imsat_33.57957693-7.53423381.jpg,Casablanca_Morocco_heightNA_numstoriesNA_roofshapeNA_fpArea1241_imsat_33.57957693-7.53423381.jpg,holdout,transformer_explainability,Casablanca Morocco Heightna Numstoriesna Roofshapena Fparea1241 Imsat 33.57957693,9,AmorphousConcrete,0.9380720257759094,IDEA-Research/grounding-dino-base,facebook/sam-vit-huge,building . rooftop . roof,0.2,0.15,1,1,False,370526,80.0,0.02957815378904345,0.20000049134737277,224,224,638,638,0.9097316087947458,0.09026839120525423,0.1898693851545078,0.8858480020636539,0.19463141587904761,81409,72116,379819,370526,0.68,success
AmorphousConcrete__Cairo_Egypt_heightNA_numstoriesNA_roofshapeflat_fpArea7659_imsat_30.0541338831.24145821.jpg,/scratch/yd3288/RoofNet-xAI/RoofNet-Images/AmorphousConcrete/Cairo_Egypt_heightNA_numstoriesNA_roofshapeflat_fpArea7659_imsat_30.0541338831.24145821.jpg,Cairo_Egypt_heightNA_numstoriesNA_roofshapeflat_fpArea7659_imsat_30.0541338831.24145821.jpg,holdout,transformer_explainability,Cairo Egypt,9,AmorphousConcrete,0.996229350566864,IDEA-Research/grounding-dino-base,facebook/sam-vit-huge,building . rooftop . roof,0.2,0.15,6,6,False,273775,80.0,0.04323206245899202,0.20000057026523035,224,224,611,574,0.8339444420815262,0.16605555791847387,0.19365407709234284,0.7954607017093651,0.203802392475573,70143,55796,288122,273775,0.703,success
AmorphousMembrane__Chicago_Illinois_heightNA_numstoriesNA_roofshapeNA_fpArea708_imsat_41.83323735-87.61122397.jpg,/scratch/yd3288/RoofNet-xAI/RoofNet-Images/AmorphousMembrane/Chicago_Illinois_heightNA_numstoriesNA_roofshapeNA_fpArea708_imsat_41.83323735-87.61122397.jpg,Chicago_Illinois_heightNA_numstoriesNA_roofshapeNA_fpArea708_imsat_41.83323735-87.61122397.jpg,holdout,transformer_explainability,Chicago Illinois Heightna Numstoriesna Roofshapena Fparea708 Imsat 41.83323735,11,AmorphousMembrane,0.9996557235717773,IDEA-Research/grounding-dino-base,facebook/sam-vit-huge,building . rooftop . roof,0.2,0.15,3,3,False,309711,80.0,0.04829952716827394,0.2,224,224,638,580,0.8527551275428933,0.14724487245710668,0.22208951991490067,0.9422359744892445,0.22515506391442344,74008,69733,313986,309711,1.218,success
AmorphousMembrane__Kyoto_Japan_heightNA_numstoriesNA_roofshapeNA_fpArea2899_imsat_33.8832043135.50754117.jpg,/scratch/yd3288/RoofNet-xAI/RoofNet-Images/AmorphousMembrane/Kyoto_Japan_heightNA_numstoriesNA_roofshapeNA_fpArea2899_imsat_33.8832043135.50754117.jpg,Kyoto_Japan_heightNA_numstoriesNA_roofshapeNA_fpArea2899_imsat_33.8832043135.50754117.jpg,holdout,transformer_explainability,Kyoto Japan,9,AmorphousConcrete,0.9620332717895508,IDEA-Research/grounding-dino-base,facebook/sam-vit-huge,building . rooftop . roof,0.2,0.15,4,4,False,344989,80.0,0.18596725165843966,0.20000149513334098,224,224,638,629,0.9001501515168662,0.0998498484831338,0.20342647566545735,0.8956280136056117,0.20836606384551393,80261,71884,353366,344989,0.833,success
AmorphousMembrane__Los_Angeles_California_height17.4_numstoriesNA_roofshapeNA_fpArea13327_imsat_34.25641028-118.46680062.jpg,/scratch/yd3288/RoofNet-xAI/RoofNet-Images/AmorphousMembrane/Los_Angeles_California_height17.4_numstoriesNA_roofshapeNA_fpArea13327_imsat_34.25641028-118.46680062.jpg,Los_Angeles_California_height17.4_numstoriesNA_roofshapeNA_fpArea13327_imsat_34.25641028-118.46680062.jpg,holdout,transformer_explainability,Los Angeles California Height17.4 Numstoriesna Roofshapena Fparea13327 Imsat 34.25641028,11,AmorphousMembrane,0.9983465671539307,IDEA-Research/grounding-dino-base,facebook/sam-vit-huge,building . rooftop . roof,0.2,0.15,9,9,False,188565,80.0,0.14017729163169862,0.2,224,224,638,385,0.7709575021584885,0.2290424978415115,0.1876533339995503,0.7644831657370842,0.19916739585819213,49126,37556,200135,188565,0.748,success
AmorphousMembrane__Santiago_Chile_heightNA_numstoriesNA_roofshapeNA_fpArea3038_imsat_-33.44812413-70.64390706.jpg,/scratch/yd3288/RoofNet-xAI/RoofNet-Images/AmorphousMembrane/Santiago_Chile_heightNA_numstoriesNA_roofshapeNA_fpArea3038_imsat_-33.44812413-70.64390706.jpg,Santiago_Chile_heightNA_numstoriesNA_roofshapeNA_fpArea3038_imsat_-33.44812413-70.64390706.jpg,holdout,transformer_explainability,Santiago Chile Heightna Numstoriesna Roofshapena Fparea3038 Imsat ,9,AmorphousConcrete,0.8255890607833862,IDEA-Research/grounding-dino-base,facebook/sam-vit-huge,building . rooftop . roof,0.2,0.15,4,4,False,200433,80.0,0.08230839520692827,0.2000015254482911,224,224,411,638,0.7111761145455728,0.2888238854544271,0.16949238766487226,0.6988216001830524,0.182849131630021,52444,36649,216228,200433,0.728,success
AmorphousMembrane__Chicago_Illinois_heightNA_numstoriesNA_roofshapeNA_fpArea738_imsat_41.92575502-87.64355857.jpg,/scratch/yd3288/RoofNet-xAI/RoofNet-Images/AmorphousMembrane/Chicago_Illinois_heightNA_numstoriesNA_roofshapeNA_fpArea738_imsat_41.92575502-87.64355857.jpg,Chicago_Illinois_heightNA_numstoriesNA_roofshapeNA_fpArea738_imsat_41.92575502-87.64355857.jpg,holdout,transformer_explainability,Chicago Illinois Heightna Numstoriesna Roofshapena Fparea738 Imsat 41.92575502,11,AmorphousMembrane,0.9987922310829163,IDEA-Research/grounding-dino-base,facebook/sam-vit-huge,building . rooftop . roof,0.2,0.15,5,5,False,213111,80.0,0.05083866715431214,0.2,224,224,638,420,0.7353779225918438,0.2646220774081562,0.19479885314935938,0.8113711001642037,0.20403920961376934,53592,43483,223220,213111,0.732,success
AmorphousMembrane__Stockholm_Sweden_heightNA_numstoriesNA_roofshapeNA_fpArea3938_imsat_59.259645118.11209178.jpg,/scratch/yd3288/RoofNet-xAI/RoofNet-Images/AmorphousMembrane/Stockholm_Sweden_heightNA_numstoriesNA_roofshapeNA_fpArea3938_imsat_59.259645118.11209178.jpg,Stockholm_Sweden_heightNA_numstoriesNA_roofshapeNA_fpArea3938_imsat_59.259645118.11209178.jpg,holdout,transformer_explainability,Stockholm Sweden,11,AmorphousMembrane,0.9968757629394531,IDEA-Research/grounding-dino-base,facebook/sam-vit-huge,building . rooftop . roof,0.2,0.15,4,4,False,40791,80.0,0.11180257350206377,0.20000610674591865,224,224,638,154,0.5940740985704105,0.4059259014295895,0.2519314815965534,0.6189506895323393,0.2981785197715182,19651,12163,48279,40791,0.641,success
AmorphousMembrane__Santiago_Chile_heightNA_numstoriesNA_roofshapeNA_fpArea23741_imsat_-33.43266876-70.65843552.jpg,/scratch/yd3288/RoofNet-xAI/RoofNet-Images/AmorphousMembrane/Santiago_Chile_heightNA_numstoriesNA_roofshapeNA_fpArea23741_imsat_-33.43266876-70.65843552.jpg,Santiago_Chile_heightNA_numstoriesNA_roofshapeNA_fpArea23741_imsat_-33.43266876-70.65843552.jpg,holdout,transformer_explainability,Santiago Chile Heightna Numstoriesna Roofshapena Fparea23741 Imsat ,10,AmorphousAsphalt,0.9643606543540955,IDEA-Research/grounding-dino-base,facebook/sam-vit-huge,building . rooftop . roof,0.2,0.15,4,4,False,156981,80.0,0.1233455240726471,0.20006649567778095,224,224,330,638,0.7315763786279572,0.2684236213720428,0.16452209107817564,0.6677983001756802,0.17918729018161433,42122,28129,170974,156981,0.766,success
AmorphousMembrane__Reykjavik_Iceland_heightNA_numstoriesNA_roofshapegabled_fpArea2735_imsat_64.15030229-21.88238943.jpg,/scratch/yd3288/RoofNet-xAI/RoofNet-Images/AmorphousMembrane/Reykjavik_Iceland_heightNA_numstoriesNA_roofshapegabled_fpArea2735_imsat_64.15030229-21.88238943.jpg,Reykjavik_Iceland_heightNA_numstoriesNA_roofshapegabled_fpArea2735_imsat_64.15030229-21.88238943.jpg,holdout,transformer_explainability,Reykjavik Iceland Heightna Numstoriesna Roofshapegabled Fparea2735 Imsat 64.15030229,11,AmorphousMembrane,0.9998037219047546,IDEA-Research/grounding-dino-base,facebook/sam-vit-huge,building . rooftop . roof,0.2,0.15,7,7,False,201273,80.0,0.03846544772386551,0.20000210036598878,224,224,638,597,0.6346609032304488,0.3653390967695512,0.21402567625515231,0.6420882669537137,0.2430181892255792,76178,48913,228538,201273,0.697,success
AmorphousMembrane__Tokyo_Japan_heightNA_numstoriesNA_roofshapeNA_fpArea2377_imsat_35.71805311139.73680854.jpg,/scratch/yd3288/RoofNet-xAI/RoofNet-Images/AmorphousMembrane/Tokyo_Japan_heightNA_numstoriesNA_roofshapeNA_fpArea2377_imsat_35.71805311139.73680854.jpg,Tokyo_Japan_heightNA_numstoriesNA_roofshapeNA_fpArea2377_imsat_35.71805311139.73680854.jpg,holdout,transformer_explainability,Tokyo Japan,9,AmorphousConcrete,0.9922012090682983,IDEA-Research/grounding-dino-base,facebook/sam-vit-huge,building . rooftop . roof,0.2,0.15,2,2,False,278277,80.0,0.1088348999619484,0.20002239140170175,224,224,638,630,0.7297560242947321,0.27024397570526787,0.21030129812283407,0.7751906165652948,0.22396029855144334,80397,62323,296351,278277,0.686,success
AmorphousMembrane__Tokyo_Japan_heightNA_numstoriesNA_roofshapeNA_fpArea7887_imsat_35.69942721139.73359137.jpg,/scratch/yd3288/RoofNet-xAI/RoofNet-Images/AmorphousMembrane/Tokyo_Japan_heightNA_numstoriesNA_roofshapeNA_fpArea7887_imsat_35.69942721139.73359137.jpg,Tokyo_Japan_heightNA_numstoriesNA_roofshapeNA_fpArea7887_imsat_35.69942721139.73359137.jpg,holdout,transformer_explainability,Tokyo Japan,9,AmorphousConcrete,0.9278388619422913,IDEA-Research/grounding-dino-base,facebook/sam-vit-huge,building . rooftop . roof,0.2,0.15,5,5,False,323519,80.0,0.035970847308635714,0.2,224,224,605,580,0.7973221336963325,0.2026778663036674,0.17994773091009356,0.8555286406383585,0.18558724526225662,70180,60041,333658,323519,0.695,success
AmorphousMembrane__Los_Angeles_California_height10.5_numstoriesNA_roofshapeNA_fpArea319_imsat_33.97239534-118.31006762.jpg,/scratch/yd3288/RoofNet-xAI/RoofNet-Images/AmorphousMembrane/Los_Angeles_California_height10.5_numstoriesNA_roofshapeNA_fpArea319_imsat_33.97239534-118.31006762.jpg,Los_Angeles_California_height10.5_numstoriesNA_roofshapeNA_fpArea319_imsat_33.97239534-118.31006762.jpg,holdout,transformer_explainability,Los Angeles California Height10.5 Numstoriesna Roofshapena Fparea319 Imsat 33.97239534,11,AmorphousMembrane,0.9997269511222839,IDEA-Research/grounding-dino-base,facebook/sam-vit-huge,building . rooftop . roof,0.2,0.15,3,3,False,393110,80.0,0.05040328726172447,0.20000049134737277,224,224,638,638,0.9839790810889595,0.016020918911040568,0.20357176373906494,0.9858860813914924,0.20416677265905217,81409,80260,394259,393110,0.692,success
AmorphousMembrane__Tokyo_Japan_heightNA_numstoriesNA_roofshapeNA_fpArea817_imsat_35.5438993139.7158409.jpg,/scratch/yd3288/RoofNet-xAI/RoofNet-Images/AmorphousMembrane/Tokyo_Japan_heightNA_numstoriesNA_roofshapeNA_fpArea817_imsat_35.5438993139.7158409.jpg,Tokyo_Japan_heightNA_numstoriesNA_roofshapeNA_fpArea817_imsat_35.5438993139.7158409.jpg,holdout,transformer_explainability,Tokyo Japan,11,AmorphousMembrane,0.9999946355819702,IDEA-Research/grounding-dino-base,facebook/sam-vit-huge,building . rooftop . roof,0.2,0.15,6,6,False,268442,80.0,0.062288541346788406,0.20000049134737277,224,224,638,638,0.7758428120056499,0.22415718799435008,0.21233574517631404,0.752680907516368,0.22826159840859478,81409,61275,288576,268442,0.688,success
AmorphousMembrane__San_Juan_PR_height19.4_numstoriesNA_roofshapeNA_fpArea2092_imsat_18.40352193-66.0024017.jpg,/scratch/yd3288/RoofNet-xAI/RoofNet-Images/AmorphousMembrane/San_Juan_PR_height19.4_numstoriesNA_roofshapeNA_fpArea2092_imsat_18.40352193-66.0024017.jpg,San_Juan_PR_height19.4_numstoriesNA_roofshapeNA_fpArea2092_imsat_18.40352193-66.0024017.jpg,holdout,transformer_explainability,San Juan Pr Height19.4 Numstoriesna Roofshapena Fparea2092 Imsat 18.40352193,11,AmorphousMembrane,0.9998797178268433,IDEA-Research/grounding-dino-base,facebook/sam-vit-huge,building . rooftop . roof,0.2,0.15,7,7,False,361524,80.0,0.04505346193909645,0.20000049134737277,224,224,638,638,0.8905482010444544,0.10945179895554556,0.19926516975011982,0.9040278101929762,0.20357154711720385,81409,73596,369337,361524,0.705,success
AmorphousMembrane__Lynn_Haven_Florida-hurricane-michael_00000145_pre_disaster_bb27c2c9-4cbc-4442-8b0a-d23f6d78ee6f.png,/scratch/yd3288/RoofNet-xAI/RoofNet-Images/AmorphousMembrane/Lynn_Haven_Florida-hurricane-michael_00000145_pre_disaster_bb27c2c9-4cbc-4442-8b0a-d23f6d78ee6f.png,Lynn_Haven_Florida-hurricane-michael_00000145_pre_disaster_bb27c2c9-4cbc-4442-8b0a-d23f6d78ee6f.png,holdout,transformer_explainability,Lynn Haven Florida,11,AmorphousMembrane,0.9999688863754272,IDEA-Research/grounding-dino-base,facebook/sam-vit-huge,building . rooftop . roof,0.2,0.15,5,5,False,39232,80.0,0.07219900190830232,0.2000123248839407,224,224,241,202,0.7522046453616879,0.24779535463831218,0.16144869787960722,0.6990859607682037,0.17350632137030994,9737,6807,42162,39232,0.69,success
AmorphousMembrane__Lynn_Haven_Florida-hurricane-michael_00000147_pre_disaster_a5629c68-82d8-4289-8b86-231df3a379c3.png,/scratch/yd3288/RoofNet-xAI/RoofNet-Images/AmorphousMembrane/Lynn_Haven_Florida-hurricane-michael_00000147_pre_disaster_a5629c68-82d8-4289-8b86-231df3a379c3.png,Lynn_Haven_Florida-hurricane-michael_00000147_pre_disaster_a5629c68-82d8-4289-8b86-231df3a379c3.png,holdout,transformer_explainability,Lynn Haven Florida,6,MetalSheetMaterials,0.9988435506820679,IDEA-Research/grounding-dino-base,facebook/sam-vit-huge,building . rooftop . roof,0.2,0.15,4,4,False,1415,80.0,0.02785423547029495,0.2,224,224,80,75,0.23568657895541872,0.7643134210445813,0.20119430408819478,0.365,0.30954063604240284,1200,438,2177,1415,0.677,success
AmorphousMembrane__Lynn_Haven_Florida-hurricane-michael_00000157_pre_disaster_8f4c40bc-c436-4ba7-82f5-50d2627708ed.png,/scratch/yd3288/RoofNet-xAI/RoofNet-Images/AmorphousMembrane/Lynn_Haven_Florida-hurricane-michael_00000157_pre_disaster_8f4c40bc-c436-4ba7-82f5-50d2627708ed.png,Lynn_Haven_Florida-hurricane-michael_00000157_pre_disaster_8f4c40bc-c436-4ba7-82f5-50d2627708ed.png,holdout,transformer_explainability,Lynn Haven Florida,2,ClayTiles,0.9999903440475464,IDEA-Research/grounding-dino-base,facebook/sam-vit-huge,building . rooftop . roof,0.2,0.15,3,3,False,18159,80.0,0.058858033269643784,0.2000339616233656,224,224,78,302,0.7982304665184324,0.20176953348156762,0.19449522118347523,0.7903225806451613,0.20507737210198798,4712,3724,19147,18159,0.67,success
AmorphousMembrane__Lynn_Haven_Florida-hurricane-michael_00000157_pre_disaster_a303b23c-f084-4e32-956b-3df4636d324f.png,/scratch/yd3288/RoofNet-xAI/RoofNet-Images/AmorphousMembrane/Lynn_Haven_Florida-hurricane-michael_00000157_pre_disaster_a303b23c-f084-4e32-956b-3df4636d324f.png,Lynn_Haven_Florida-hurricane-michael_00000157_pre_disaster_a303b23c-f084-4e32-956b-3df4636d324f.png,holdout,transformer_explainability,Lynn Haven Florida,6,MetalSheetMaterials,0.8689858317375183,IDEA-Research/grounding-dino-base,facebook/sam-vit-huge,building . rooftop . roof,0.2,0.15,1,1,False,11240,80.0,0.03515692278742791,0.2000355460766018,224,224,121,93,0.9996460370328157,0.00035396296718430507,0.20026690391459076,1.0,0.20026690391459076,2251,2251,11240,11240,0.716,success
AmorphousMembrane__Lynn_Haven_Florida-hurricane-michael_00000157_pre_disaster_f77993e2-1797-42e6-9c6d-2b73010e9ec5.png,/scratch/yd3288/RoofNet-xAI/RoofNet-Images/AmorphousMembrane/Lynn_Haven_Florida-hurricane-michael_00000157_pre_disaster_f77993e2-1797-42e6-9c6d-2b73010e9ec5.png,Lynn_Haven_Florida-hurricane-michael_00000157_pre_disaster_f77993e2-1797-42e6-9c6d-2b73010e9ec5.png,holdout,transformer_explainability,Lynn Haven Florida,11,AmorphousMembrane,0.9999388456344604,IDEA-Research/grounding-dino-base,facebook/sam-vit-huge,building . rooftop . roof,0.2,0.15,4,4,False,15808,80.0,0.08507181257009507,0.2,224,224,120,133,0.989879333151976,0.010120666848024068,0.19957067996716965,0.9902882205513784,0.19996204453441296,3192,3161,15839,15808,0.746,success
AmorphousMembrane__Lynn_Haven_Florida-hurricane-michael_00000157_pre_disaster_8796dbb0-09b7-482f-b709-7fc94ab32af9.png,/scratch/yd3288/RoofNet-xAI/RoofNet-Images/AmorphousMembrane/Lynn_Haven_Florida-hurricane-michael_00000157_pre_disaster_8796dbb0-09b7-482f-b709-7fc94ab32af9.png,Lynn_Haven_Florida-hurricane-michael_00000157_pre_disaster_8796dbb0-09b7-482f-b709-7fc94ab32af9.png,holdout,transformer_explainability,Lynn Haven Florida,11,AmorphousMembrane,0.999971866607666,IDEA-Research/grounding-dino-base,facebook/sam-vit-huge,building . rooftop . roof,0.2,0.15,1,1,False,9811,80.0,0.020629022270441055,0.2000800320128051,224,224,102,98,0.9802483975341927,0.019751602465807306,0.19242806663301362,0.953,0.19427173580674753,2000,1906,9905,9811,0.732,success
AmorphousMembrane__Lynn_Haven_Florida-hurricane-michael_00000188_pre_disaster_3fa8f680-b9c9-479a-a32d-3567bf5637ae.png,/scratch/yd3288/RoofNet-xAI/RoofNet-Images/AmorphousMembrane/Lynn_Haven_Florida-hurricane-michael_00000188_pre_disaster_3fa8f680-b9c9-479a-a32d-3567bf5637ae.png,Lynn_Haven_Florida-hurricane-michael_00000188_pre_disaster_3fa8f680-b9c9-479a-a32d-3567bf5637ae.png,holdout,transformer_explainability,Lynn Haven Florida,6,MetalSheetMaterials,0.9984254837036133,IDEA-Research/grounding-dino-base,facebook/sam-vit-huge,building . rooftop . roof,0.2,0.15,4,4,False,5224,80.0,0.039077035337686535,0.2,224,224,80,68,0.9703483250066552,0.029651674993344746,0.20389090215525463,0.9825367647058824,0.20463246554364473,1088,1069,5243,5224,0.734,success
AmorphousMembrane__Lynn_Haven_Florida-hurricane-michael_00000207_pre_disaster_98a46751-0cc3-442e-903a-f8f8ba6a3a4f.png,/scratch/yd3288/RoofNet-xAI/RoofNet-Images/AmorphousMembrane/Lynn_Haven_Florida-hurricane-michael_00000207_pre_disaster_98a46751-0cc3-442e-903a-f8f8ba6a3a4f.png,Lynn_Haven_Florida-hurricane-michael_00000207_pre_disaster_98a46751-0cc3-442e-903a-f8f8ba6a3a4f.png,holdout,transformer_explainability,Lynn Haven Florida,6,MetalSheetMaterials,0.9997542500495911,IDEA-Research/grounding-dino-base,facebook/sam-vit-huge,building . rooftop . roof,0.2,0.15,1,1,False,837,80.0,0.026950084418058396,0.20007032348804502,224,224,79,72,0.2196725074053593,0.7803274925946407,0.21240024554941683,0.30404217926186294,0.4133811230585424,1138,346,1629,837,0.729,success
AmorphousMembrane__Lynn_Haven_Florida-hurricane-michael_00000211_pre_disaster_60e89634-3265-494b-83e1-bb78d2254ab9.png,/scratch/yd3288/RoofNet-xAI/RoofNet-Images/AmorphousMembrane/Lynn_Haven_Florida-hurricane-michael_00000211_pre_disaster_60e89634-3265-494b-83e1-bb78d2254ab9.png,Lynn_Haven_Florida-hurricane-michael_00000211_pre_disaster_60e89634-3265-494b-83e1-bb78d2254ab9.png,holdout,transformer_explainability,Lynn Haven Florida,11,AmorphousMembrane,0.9998193383216858,IDEA-Research/grounding-dino-base,facebook/sam-vit-huge,building . rooftop . roof,0.2,0.15,4,4,False,28721,80.0,0.041635488718748094,0.2,224,224,257,120,0.8857039176522213,0.1142960823477787,0.18091659897102627,0.8665693904020753,0.1861007625082692,6168,5345,29544,28721,0.697,success
AmorphousMembrane__Lynn_Haven_Florida-hurricane-michael_00000214_pre_disaster_42f719b3-5cf8-490f-828d-55f2f30bd7b5.png,/scratch/yd3288/RoofNet-xAI/RoofNet-Images/AmorphousMembrane/Lynn_Haven_Florida-hurricane-michael_00000214_pre_disaster_42f719b3-5cf8-490f-828d-55f2f30bd7b5.png,Lynn_Haven_Florida-hurricane-michael_00000214_pre_disaster_42f719b3-5cf8-490f-828d-55f2f30bd7b5.png,holdout,transformer_explainability,Lynn Haven Florida,11,AmorphousMembrane,0.9999816417694092,IDEA-Research/grounding-dino-base,facebook/sam-vit-huge,building . rooftop . roof,0.2,0.15,5,5,False,18979,80.0,0.06613673269748688,0.20004182787828087,224,224,131,146,0.9951261440785998,0.004873855921400253,0.200831973039861,0.9968635650810246,0.20095895463406924,3826,3814,18991,18979,0.684,success
AmorphousMembrane__Lynn_Haven_Florida-hurricane-michael_00000234_pre_disaster_8e92a001-c68d-4759-9dcc-7733549128ba.png,/scratch/yd3288/RoofNet-xAI/RoofNet-Images/AmorphousMembrane/Lynn_Haven_Florida-hurricane-michael_00000234_pre_disaster_8e92a001-c68d-4759-9dcc-7733549128ba.png,Lynn_Haven_Florida-hurricane-michael_00000234_pre_disaster_8e92a001-c68d-4759-9dcc-7733549128ba.png,holdout,transformer_explainability,Lynn Haven Florida,2,ClayTiles,0.4787501394748688,IDEA-Research/grounding-dino-base,facebook/sam-vit-huge,building . rooftop . roof,0.2,0.15,8,8,False,15607,80.0,0.05075047686696057,0.20001281312063554,224,224,129,121,0.9998791140312604,0.00012088596873965476,0.20003844428781956,1.0,0.20003844428781956,3122,3122,15607,15607,0.742,success
AmorphousMembrane__Lynn_Haven_Florida-hurricane-michael_00000240_pre_disaster_f820ae18-6dfc-48bd-9a44-24e261fbfb94.png,/scratch/yd3288/RoofNet-xAI/RoofNet-Images/AmorphousMembrane/Lynn_Haven_Florida-hurricane-michael_00000240_pre_disaster_f820ae18-6dfc-48bd-9a44-24e261fbfb94.png,Lynn_Haven_Florida-hurricane-michael_00000240_pre_disaster_f820ae18-6dfc-48bd-9a44-24e261fbfb94.png,holdout,transformer_explainability,Lynn Haven Florida,11,AmorphousMembrane,0.9999144077301025,IDEA-Research/grounding-dino-base,facebook/sam-vit-huge,building . rooftop . roof,0.2,0.15,2,2,False,6934,80.0,0.03325650319457056,0.2,224,224,73,95,0.9999674158989088,3.2584101091140265e-05,0.2000288433804442,1.0,0.2000288433804442,1387,1387,6934,6934,0.751,success
AmorphousMembrane__Lynn_Haven_Florida-hurricane-michael_00000241_pre_disaster_18740a24-c4fe-482d-8baf-a1046119ca66.png,/scratch/yd3288/RoofNet-xAI/RoofNet-Images/AmorphousMembrane/Lynn_Haven_Florida-hurricane-michael_00000241_pre_disaster_18740a24-c4fe-482d-8baf-a1046119ca66.png,Lynn_Haven_Florida-hurricane-michael_00000241_pre_disaster_18740a24-c4fe-482d-8baf-a1046119ca66.png,holdout,transformer_explainability,Lynn Haven Florida,9,AmorphousConcrete,0.9966446161270142,IDEA-Research/grounding-dino-base,facebook/sam-vit-huge,building . rooftop . roof,0.2,0.15,1,1,False,6086,80.0,0.03809120655059813,0.2,224,224,105,58,0.9990162445934516,0.0009837554065483334,0.1993431855500821,0.9967159277504105,0.19947420308905686,1218,1214,6090,6086,0.772,success
AmorphousMembrane__Lynn_Haven_Florida-hurricane-michael_00000248_pre_disaster_ffb304e9-7e25-4860-a685-041503e4cb76.png,/scratch/yd3288/RoofNet-xAI/RoofNet-Images/AmorphousMembrane/Lynn_Haven_Florida-hurricane-michael_00000248_pre_disaster_ffb304e9-7e25-4860-a685-041503e4cb76.png,Lynn_Haven_Florida-hurricane-michael_00000248_pre_disaster_ffb304e9-7e25-4860-a685-041503e4cb76.png,holdout,transformer_explainability,Lynn Haven Florida,11,AmorphousMembrane,0.999980092048645,IDEA-Research/grounding-dino-base,facebook/sam-vit-huge,building . rooftop . roof,0.2,0.15,4,4,False,45646,80.0,0.05458243712782861,0.2,224,224,170,348,0.8372549279136962,0.16274507208630382,0.19778273282347303,0.8021467207572684,0.2079262147833326,11832,9491,47987,45646,0.772,success
AmorphousMembrane__Lynn_Haven_Florida-hurricane-michael_00000248_pre_disaster_3fbf5b53-e93c-481d-987e-1220db57c998.png,/scratch/yd3288/RoofNet-xAI/RoofNet-Images/AmorphousMembrane/Lynn_Haven_Florida-hurricane-michael_00000248_pre_disaster_3fbf5b53-e93c-481d-987e-1220db57c998.png,Lynn_Haven_Florida-hurricane-michael_00000248_pre_disaster_3fbf5b53-e93c-481d-987e-1220db57c998.png,holdout,transformer_explainability,Lynn Haven Florida,11,AmorphousMembrane,0.9999798536300659,IDEA-Research/grounding-dino-base,facebook/sam-vit-huge,building . rooftop . roof,0.2,0.15,3,3,False,36651,80.0,0.07141141742467882,0.2000106615491231,224,224,169,222,0.9729928210318929,0.027007178968107122,0.19696928623708965,0.9682835820895522,0.19824834247360235,7504,7266,36889,36651,0.701,success
AmorphousMembrane__Lynn_Haven_Florida-hurricane-michael_00000249_pre_disaster_91559de1-c4f0-4f4f-b5e9-18f265b2aa8e.png,/scratch/yd3288/RoofNet-xAI/RoofNet-Images/AmorphousMembrane/Lynn_Haven_Florida-hurricane-michael_00000249_pre_disaster_91559de1-c4f0-4f4f-b5e9-18f265b2aa8e.png,Lynn_Haven_Florida-hurricane-michael_00000249_pre_disaster_91559de1-c4f0-4f4f-b5e9-18f265b2aa8e.png,holdout,transformer_explainability,Lynn Haven Florida,11,AmorphousMembrane,0.937442421913147,IDEA-Research/grounding-dino-base,facebook/sam-vit-huge,building . rooftop . roof,0.2,0.15,3,3,False,55393,80.0,0.053513135015964525,0.2,224,224,231,255,0.9394116466766694,0.06058835332333056,0.19149313562027742,0.91639079874374,0.19489827234488113,11781,10796,56378,55393,0.696,success
AmorphousMembrane__Lynn_Haven_Florida-hurricane-michael_00000258_pre_disaster_dc0133c0-46fb-4e40-836c-f2e94a7fbd2a.png,/scratch/yd3288/RoofNet-xAI/RoofNet-Images/AmorphousMembrane/Lynn_Haven_Florida-hurricane-michael_00000258_pre_disaster_dc0133c0-46fb-4e40-836c-f2e94a7fbd2a.png,Lynn_Haven_Florida-hurricane-michael_00000258_pre_disaster_dc0133c0-46fb-4e40-836c-f2e94a7fbd2a.png,holdout,transformer_explainability,Lynn Haven Florida,11,AmorphousMembrane,0.9999792575836182,IDEA-Research/grounding-dino-base,facebook/sam-vit-huge,building . rooftop . roof,0.2,0.15,6,6,False,9980,80.0,0.031695351004600546,0.2000397693378405,224,224,107,94,0.9970336548556121,0.002966345144387876,0.20160320641282564,1.0,0.20160320641282564,2012,2012,9980,9980,0.7,success
AmorphousMembrane__Lynn_Haven_Florida-hurricane-michael_00000261_pre_disaster_184f4558-fcf6-46cf-b2d8-d3a885cda599.png,/scratch/yd3288/RoofNet-xAI/RoofNet-Images/AmorphousMembrane/Lynn_Haven_Florida-hurricane-michael_00000261_pre_disaster_184f4558-fcf6-46cf-b2d8-d3a885cda599.png,Lynn_Haven_Florida-hurricane-michael_00000261_pre_disaster_184f4558-fcf6-46cf-b2d8-d3a885cda599.png,holdout,transformer_explainability,Lynn Haven Florida,11,AmorphousMembrane,0.9999866485595703,IDEA-Research/grounding-dino-base,facebook/sam-vit-huge,building . rooftop . roof,0.2,0.15,6,6,False,32656,80.0,0.06177837997674942,0.2000050551005965,224,224,157,252,0.7942721503032969,0.2057278496967031,0.15190664130157017,0.6761026159484392,0.16382900538951495,7913,5350,35219,32656,0.797,success
AmorphousMembrane__Lynn_Haven_Florida-hurricane-michael_00000261_pre_disaster_311952c4-5111-4bee-9bbc-9a716c529cfd.png,/scratch/yd3288/RoofNet-xAI/RoofNet-Images/AmorphousMembrane/Lynn_Haven_Florida-hurricane-michael_00000261_pre_disaster_311952c4-5111-4bee-9bbc-9a716c529cfd.png,Lynn_Haven_Florida-hurricane-michael_00000261_pre_disaster_311952c4-5111-4bee-9bbc-9a716c529cfd.png,holdout,transformer_explainability,Lynn Haven Florida,11,AmorphousMembrane,0.999975323677063,IDEA-Research/grounding-dino-base,facebook/sam-vit-huge,building . rooftop . roof,0.2,0.15,7,7,False,37743,80.0,0.0434097170829773,0.20001008369466572,224,224,188,211,0.9390273746272148,0.060972625372785305,0.1913977933696758,0.9248802621628435,0.19442015738017646,7934,7338,38339,37743,0.698,success
AmorphousMembrane__Lynn_Haven_Florida-hurricane-michael_00000263_pre_disaster_3ace3ee2-6959-4612-98a0-b1799b9419f0.png,/scratch/yd3288/RoofNet-xAI/RoofNet-Images/AmorphousMembrane/Lynn_Haven_Florida-hurricane-michael_00000263_pre_disaster_3ace3ee2-6959-4612-98a0-b1799b9419f0.png,Lynn_Haven_Florida-hurricane-michael_00000263_pre_disaster_3ace3ee2-6959-4612-98a0-b1799b9419f0.png,holdout,transformer_explainability,Lynn Haven Florida,6,MetalSheetMaterials,0.7015716433525085,IDEA-Research/grounding-dino-base,facebook/sam-vit-huge,building . rooftop . roof,0.2,0.15,1,1,False,3900,80.0,0.025844702124595643,0.2,224,224,52,75,1.0,0.0,0.2,1.0,0.2,780,780,3900,3900,0.717,success
AmorphousMembrane__Lynn_Haven_Florida-hurricane-michael_00000268_pre_disaster_14928121-78c3-47e5-8053-e34bf37195b8.png,/scratch/yd3288/RoofNet-xAI/RoofNet-Images/AmorphousMembrane/Lynn_Haven_Florida-hurricane-michael_00000268_pre_disaster_14928121-78c3-47e5-8053-e34bf37195b8.png,Lynn_Haven_Florida-hurricane-michael_00000268_pre_disaster_14928121-78c3-47e5-8053-e34bf37195b8.png,holdout,transformer_explainability,Lynn Haven Florida,6,MetalSheetMaterials,0.9998370409011841,IDEA-Research/grounding-dino-base,facebook/sam-vit-huge,building . rooftop . roof,0.2,0.15,2,2,False,10501,80.0,0.0444313943386078,0.2,224,224,90,118,0.9962517848845194,0.0037482151154806112,0.20146555005709935,0.9967043314500942,0.2015998476335587,2124,2117,10508,10501,0.758,success
AmorphousMembrane__Lynn_Haven_Florida-hurricane-michael_00000269_pre_disaster_4f9c2edc-ba50-4150-85d5-973a691524fc.png,/scratch/yd3288/RoofNet-xAI/RoofNet-Images/AmorphousMembrane/Lynn_Haven_Florida-hurricane-michael_00000269_pre_disaster_4f9c2edc-ba50-4150-85d5-973a691524fc.png,Lynn_Haven_Florida-hurricane-michael_00000269_pre_disaster_4f9c2edc-ba50-4150-85d5-973a691524fc.png,holdout,transformer_explainability,Lynn Haven Florida,11,AmorphousMembrane,0.9999685287475586,IDEA-Research/grounding-dino-base,facebook/sam-vit-huge,building . rooftop . roof,0.2,0.15,4,4,False,16687,80.0,0.04469397738575939,0.20001185255422543,224,224,118,143,0.9893991394187348,0.010600860581265175,0.19801743699988056,0.9825185185185186,0.1987175645712231,3375,3316,16746,16687,0.755,success
AmorphousMembrane__Lynn_Haven_Florida-hurricane-michael_00000271_pre_disaster_c02952e6-f4a2-49fa-bab3-7cb0e4c0f312.png,/scratch/yd3288/RoofNet-xAI/RoofNet-Images/AmorphousMembrane/Lynn_Haven_Florida-hurricane-michael_00000271_pre_disaster_c02952e6-f4a2-49fa-bab3-7cb0e4c0f312.png,Lynn_Haven_Florida-hurricane-michael_00000271_pre_disaster_c02952e6-f4a2-49fa-bab3-7cb0e4c0f312.png,holdout,transformer_explainability,Lynn Haven Florida,6,MetalSheetMaterials,0.9921464323997498,IDEA-Research/grounding-dino-base,facebook/sam-vit-huge,building . rooftop . roof,0.2,0.15,5,5,False,11457,80.0,0.05096017867326738,0.2,224,224,92,125,0.9912483917723234,0.00875160822767664,0.19844934227720185,0.9904347826086957,0.19883040935672514,2300,2278,11479,11457,0.705,success
AmorphousMembrane__Lynn_Haven_Florida-hurricane-michael_00000272_pre_disaster_ccbb320d-6cf9-4aff-b828-3b6ffae9ed90.png,/scratch/yd3288/RoofNet-xAI/RoofNet-Images/AmorphousMembrane/Lynn_Haven_Florida-hurricane-michael_00000272_pre_disaster_ccbb320d-6cf9-4aff-b828-3b6ffae9ed90.png,Lynn_Haven_Florida-hurricane-michael_00000272_pre_disaster_ccbb320d-6cf9-4aff-b828-3b6ffae9ed90.png,holdout,transformer_explainability,Lynn Haven Florida,11,AmorphousMembrane,0.9999576807022095,IDEA-Research/grounding-dino-base,facebook/sam-vit-huge,building . rooftop . roof,0.2,0.15,8,8,False,17525,80.0,0.07320813834667207,0.2,224,224,118,150,0.982429447234329,0.017570552765670936,0.19748735148655563,0.9813559322033898,0.19823109843081313,3540,3474,17591,17525,0.763,success
AmorphousMembrane__Lynn_Haven_Florida-hurricane-michael_00000272_pre_disaster_6679ddec-30b2-4e6a-a68c-7668361188f1.png,/scratch/yd3288/RoofNet-xAI/RoofNet-Images/AmorphousMembrane/Lynn_Haven_Florida-hurricane-michael_00000272_pre_disaster_6679ddec-30b2-4e6a-a68c-7668361188f1.png,Lynn_Haven_Florida-hurricane-michael_00000272_pre_disaster_6679ddec-30b2-4e6a-a68c-7668361188f1.png,holdout,transformer_explainability,Lynn Haven Florida,6,MetalSheetMaterials,0.9999918937683105,IDEA-Research/grounding-dino-base,facebook/sam-vit-huge,building . rooftop . roof,0.2,0.15,2,2,False,10427,80.0,0.11883983761072159,0.20005175983436854,224,224,161,72,0.9391936899272952,0.06080631007270472,0.20964221315364906,0.9525657611039241,0.21185384098973817,2319,2209,10537,10427,0.741,success
AmorphousMembrane__Lynn_Haven_Florida-hurricane-michael_00000272_pre_disaster_736712fe-caed-47c6-8bba-f2b229eb0072.png,/scratch/yd3288/RoofNet-xAI/RoofNet-Images/AmorphousMembrane/Lynn_Haven_Florida-hurricane-michael_00000272_pre_disaster_736712fe-caed-47c6-8bba-f2b229eb0072.png,Lynn_Haven_Florida-hurricane-michael_00000272_pre_disaster_736712fe-caed-47c6-8bba-f2b229eb0072.png,holdout,transformer_explainability,Lynn Haven Florida,11,AmorphousMembrane,0.635546863079071,IDEA-Research/grounding-dino-base,facebook/sam-vit-huge,building . rooftop . roof,0.2,0.15,4,4,False,24905,80.0,0.08822258561849594,0.20003819709702061,224,224,238,110,0.9569518710486601,0.043048128951339894,0.20011148272017837,0.9597097574947488,0.20180686609114637,5237,5026,25116,24905,0.746,success
AmorphousMembrane__Lynn_Haven_Florida-hurricane-michael_00000275_pre_disaster_9d7cf18b-065f-4871-a485-a2c0104cb304.png,/scratch/yd3288/RoofNet-xAI/RoofNet-Images/AmorphousMembrane/Lynn_Haven_Florida-hurricane-michael_00000275_pre_disaster_9d7cf18b-065f-4871-a485-a2c0104cb304.png,Lynn_Haven_Florida-hurricane-michael_00000275_pre_disaster_9d7cf18b-065f-4871-a485-a2c0104cb304.png,holdout,transformer_explainability,Lynn Haven Florida,6,MetalSheetMaterials,0.9945184588432312,IDEA-Research/grounding-dino-base,facebook/sam-vit-huge,building . rooftop . roof,0.2,0.15,10,10,False,12499,80.0,0.061455980688333516,0.2,224,224,93,135,0.9904896177324415,0.009510382267558518,0.19859458596183024,0.9904420549581839,0.19897591807344586,2511,2487,12523,12499,0.719,success
AmorphousMembrane__Lynn_Haven_Florida-hurricane-michael_00000295_pre_disaster_52c9af01-09f3-48ce-a599-8c7b14e1e36c.png,/scratch/yd3288/RoofNet-xAI/RoofNet-Images/AmorphousMembrane/Lynn_Haven_Florida-hurricane-michael_00000295_pre_disaster_52c9af01-09f3-48ce-a599-8c7b14e1e36c.png,Lynn_Haven_Florida-hurricane-michael_00000295_pre_disaster_52c9af01-09f3-48ce-a599-8c7b14e1e36c.png,holdout,transformer_explainability,Lynn Haven Florida,6,MetalSheetMaterials,0.9744240641593933,IDEA-Research/grounding-dino-base,facebook/sam-vit-huge,building . rooftop . roof,0.2,0.15,3,3,False,537,80.0,0.020014890283346177,0.2,224,224,60,58,0.1501741220706295,0.8498258779293705,0.13850415512465375,0.21551724137931033,0.27932960893854747,696,150,1083,537,1.256,success
AmorphousMembrane__Lynn_Haven_Florida-hurricane-michael_00000301_pre_disaster_137f625b-9163-440d-a594-d8d08ed1dd54.png,/scratch/yd3288/RoofNet-xAI/RoofNet-Images/AmorphousMembrane/Lynn_Haven_Florida-hurricane-michael_00000301_pre_disaster_137f625b-9163-440d-a594-d8d08ed1dd54.png,Lynn_Haven_Florida-hurricane-michael_00000301_pre_disaster_137f625b-9163-440d-a594-d8d08ed1dd54.png,holdout,transformer_explainability,Lynn Haven Florida,10,AmorphousAsphalt,0.6273744106292725,IDEA-Research/grounding-dino-base,facebook/sam-vit-huge,building . rooftop . roof,0.2,0.15,9,9,False,10398,80.0,0.052975220978260046,0.20003845044698645,224,224,103,101,0.9999284677326011,7.153226739884992e-05,0.20013464127716868,1.0,0.20013464127716868,2081,2081,10398,10398,0.683,success
AmorphousMembrane__Lynn_Haven_Florida-hurricane-michael_00000302_pre_disaster_8ed4e5fa-feb3-4175-9840-b2cef0ff6181.png,/scratch/yd3288/RoofNet-xAI/RoofNet-Images/AmorphousMembrane/Lynn_Haven_Florida-hurricane-michael_00000302_pre_disaster_8ed4e5fa-feb3-4175-9840-b2cef0ff6181.png,Lynn_Haven_Florida-hurricane-michael_00000302_pre_disaster_8ed4e5fa-feb3-4175-9840-b2cef0ff6181.png,holdout,transformer_explainability,Lynn Haven Florida,9,AmorphousConcrete,0.6988236308097839,IDEA-Research/grounding-dino-base,facebook/sam-vit-huge,building . rooftop . roof,0.2,0.15,1,1,False,16832,80.0,0.08899883627891542,0.20002344253648244,224,224,113,151,0.9890651045063862,0.010934895493613822,0.1993483412322275,0.9859361265748608,0.19991682509505704,3413,3365,16880,16832,0.758,success
AmorphousMembrane__Lynn_Haven_Florida-hurricane-michael_00000435_pre_disaster_f745f04d-ff0d-44de-8cc9-de875f84a7e1.png,/scratch/yd3288/RoofNet-xAI/RoofNet-Images/AmorphousMembrane/Lynn_Haven_Florida-hurricane-michael_00000435_pre_disaster_f745f04d-ff0d-44de-8cc9-de875f84a7e1.png,Lynn_Haven_Florida-hurricane-michael_00000435_pre_disaster_f745f04d-ff0d-44de-8cc9-de875f84a7e1.png,holdout,transformer_explainability,Lynn Haven Florida,11,AmorphousMembrane,0.9999786615371704,IDEA-Research/grounding-dino-base,facebook/sam-vit-huge,building . rooftop . roof,0.2,0.15,3,3,False,91937,80.0,0.07466427981853485,0.20001443179943923,224,224,282,344,0.9505919250981616,0.04940807490183837,0.19482749369533722,0.935680049476885,0.19747218203769973,19403,18155,93185,91937,0.749,success
AmorphousMembrane__Lynn_Haven_Florida-hurricane-michael_00000435_pre_disaster_52b0e491-f0c8-4f3d-93ae-bd0059d29bcf.png,/scratch/yd3288/RoofNet-xAI/RoofNet-Images/AmorphousMembrane/Lynn_Haven_Florida-hurricane-michael_00000435_pre_disaster_52b0e491-f0c8-4f3d-93ae-bd0059d29bcf.png,Lynn_Haven_Florida-hurricane-michael_00000435_pre_disaster_52b0e491-f0c8-4f3d-93ae-bd0059d29bcf.png,holdout,transformer_explainability,Lynn Haven Florida,11,AmorphousMembrane,0.9999412298202515,IDEA-Research/grounding-dino-base,facebook/sam-vit-huge,building . rooftop . roof,0.2,0.15,4,4,False,28486,80.0,0.03192549049854279,0.2,224,224,166,190,0.7922195339600483,0.20778046603995168,0.17690434312001083,0.8291058972733037,0.1835989608930703,6308,5230,29564,28486,0.695,success
AmorphousMembrane__Lynn_Haven_Florida-hurricane-michael_00000442_pre_disaster_8fa08646-5f49-4208-929a-b731679a70ac.png,/scratch/yd3288/RoofNet-xAI/RoofNet-Images/AmorphousMembrane/Lynn_Haven_Florida-hurricane-michael_00000442_pre_disaster_8fa08646-5f49-4208-929a-b731679a70ac.png,Lynn_Haven_Florida-hurricane-michael_00000442_pre_disaster_8fa08646-5f49-4208-929a-b731679a70ac.png,holdout,transformer_explainability,Lynn Haven Florida,6,MetalSheetMaterials,0.8870280385017395,IDEA-Research/grounding-dino-base,facebook/sam-vit-huge,building . rooftop . roof,0.2,0.15,2,2,False,3900,80.0,0.055082402378320704,0.2,224,224,52,75,1.0,0.0,0.2,1.0,0.2,780,780,3900,3900,0.747,success
AmorphousMembrane__Lynn_Haven_Florida-hurricane-michael_00000466_pre_disaster_dc05e834-ca12-4a61-b473-7a809beb2877.png,/scratch/yd3288/RoofNet-xAI/RoofNet-Images/AmorphousMembrane/Lynn_Haven_Florida-hurricane-michael_00000466_pre_disaster_dc05e834-ca12-4a61-b473-7a809beb2877.png,Lynn_Haven_Florida-hurricane-michael_00000466_pre_disaster_dc05e834-ca12-4a61-b473-7a809beb2877.png,holdout,transformer_explainability,Lynn Haven Florida,11,AmorphousMembrane,0.9752535223960876,IDEA-Research/grounding-dino-base,facebook/sam-vit-huge,building . rooftop . roof,0.2,0.15,3,3,False,5775,80.0,0.03849116712808608,0.2,224,224,77,75,1.0,0.0,0.2,1.0,0.2,1155,1155,5775,5775,0.736,success
AmorphousMembrane__Lynn_Haven_Florida-hurricane-michael_00000473_pre_disaster_5f4dbcc0-143f-4d1a-8110-a5dec6657734.png,/scratch/yd3288/RoofNet-xAI/RoofNet-Images/AmorphousMembrane/Lynn_Haven_Florida-hurricane-michael_00000473_pre_disaster_5f4dbcc0-143f-4d1a-8110-a5dec6657734.png,Lynn_Haven_Florida-hurricane-michael_00000473_pre_disaster_5f4dbcc0-143f-4d1a-8110-a5dec6657734.png,holdout,transformer_explainability,Lynn Haven Florida,11,AmorphousMembrane,0.999956488609314,IDEA-Research/grounding-dino-base,facebook/sam-vit-huge,building . rooftop . roof,0.2,0.15,2,2,False,35551,80.0,0.06012201160192491,0.2,224,224,141,260,0.9359310232821176,0.06406897671788232,0.19026867991562119,0.9349427168576104,0.19282158026497145,7332,6855,36028,35551,0.751,success
AmorphousMembrane__Lynn_Haven_Florida-hurricane-michael_00000474_pre_disaster_54051bd8-9ff3-4509-863d-8443d5d32aa3.png,/scratch/yd3288/RoofNet-xAI/RoofNet-Images/AmorphousMembrane/Lynn_Haven_Florida-hurricane-michael_00000474_pre_disaster_54051bd8-9ff3-4509-863d-8443d5d32aa3.png,Lynn_Haven_Florida-hurricane-michael_00000474_pre_disaster_54051bd8-9ff3-4509-863d-8443d5d32aa3.png,holdout,transformer_explainability,Lynn Haven Florida,6,MetalSheetMaterials,0.9999405145645142,IDEA-Research/grounding-dino-base,facebook/sam-vit-huge,building . rooftop . roof,0.2,0.15,6,6,False,23383,80.0,0.030436858534812927,0.200042194092827,224,224,158,150,0.994318141374722,0.0056818586252780105,0.20275413762134883,1.0,0.20275413762134883,4741,4741,23383,23383,0.69,success
AmorphousMembrane__Lynn_Haven_Florida-hurricane-michael_00000484_pre_disaster_cc14caf3-b15d-4b62-bca9-a807a2b4e9bf.png,/scratch/yd3288/RoofNet-xAI/RoofNet-Images/AmorphousMembrane/Lynn_Haven_Florida-hurricane-michael_00000484_pre_disaster_cc14caf3-b15d-4b62-bca9-a807a2b4e9bf.png,Lynn_Haven_Florida-hurricane-michael_00000484_pre_disaster_cc14caf3-b15d-4b62-bca9-a807a2b4e9bf.png,holdout,transformer_explainability,Lynn Haven Florida,11,AmorphousMembrane,0.9999371767044067,IDEA-Research/grounding-dino-base,facebook/sam-vit-huge,building . rooftop . roof,0.2,0.15,7,7,False,6701,80.0,0.050051626563072216,0.2000293944738389,224,224,84,81,0.9923754055805525,0.00762459441944752,0.2022069788249329,0.9963262307127112,0.20235785703626324,1361,1356,6706,6701,0.689,success
AmorphousMembrane__Lynn_Haven_Florida-hurricane-michael_00000487_pre_disaster_aef24377-5d9c-4431-b649-e9acbc4bf3d8.png,/scratch/yd3288/RoofNet-xAI/RoofNet-Images/AmorphousMembrane/Lynn_Haven_Florida-hurricane-michael_00000487_pre_disaster_aef24377-5d9c-4431-b649-e9acbc4bf3d8.png,Lynn_Haven_Florida-hurricane-michael_00000487_pre_disaster_aef24377-5d9c-4431-b649-e9acbc4bf3d8.png,holdout,transformer_explainability,Lynn Haven Florida,10,AmorphousAsphalt,0.8851563334465027,IDEA-Research/grounding-dino-base,facebook/sam-vit-huge,building . rooftop . roof,0.2,0.15,5,5,False,5610,80.0,0.04660197496414183,0.2,224,224,85,66,1.0,0.0,0.2,1.0,0.2,1122,1122,5610,5610,0.757,success
AmorphousMembrane__Lynn_Haven_Florida-hurricane-michael_00000487_pre_disaster_dac8bca0-bef3-49fb-bbac-4d8b1170bb87.png,/scratch/yd3288/RoofNet-xAI/RoofNet-Images/AmorphousMembrane/Lynn_Haven_Florida-hurricane-michael_00000487_pre_disaster_dac8bca0-bef3-49fb-bbac-4d8b1170bb87.png,Lynn_Haven_Florida-hurricane-michael_00000487_pre_disaster_dac8bca0-bef3-49fb-bbac-4d8b1170bb87.png,holdout,transformer_explainability,Lynn Haven Florida,6,MetalSheetMaterials,0.9968185424804688,IDEA-Research/grounding-dino-base,facebook/sam-vit-huge,building . rooftop . roof,0.2,0.15,4,4,False,6213,80.0,0.047540833801031114,0.2,224,224,75,83,0.9833506750727349,0.016649324927265133,0.1980722891566265,0.9903614457831326,0.19845485272815064,1245,1233,6225,6213,0.749,success
AmorphousMembrane__Lynn_Haven_Florida-hurricane-michael_00000500_pre_disaster_f8832b13-6abe-4b6b-8d29-0765edef477e.png,/scratch/yd3288/RoofNet-xAI/RoofNet-Images/AmorphousMembrane/Lynn_Haven_Florida-hurricane-michael_00000500_pre_disaster_f8832b13-6abe-4b6b-8d29-0765edef477e.png,Lynn_Haven_Florida-hurricane-michael_00000500_pre_disaster_f8832b13-6abe-4b6b-8d29-0765edef477e.png,holdout,transformer_explainability,Lynn Haven Florida,6,MetalSheetMaterials,0.9804649353027344,IDEA-Research/grounding-dino-base,facebook/sam-vit-huge,building . rooftop . roof,0.2,0.15,4,4,False,6150,80.0,0.02694671042263508,0.20012995451591942,224,224,76,81,0.9994468418443734,0.0005531581556266384,0.2003252032520325,1.0,0.2003252032520325,1232,1232,6150,6150,0.735,success
AmorphousMembrane__Lynn_Haven_Florida-hurricane-michael_00000504_pre_disaster_b43a3599-29ce-4de9-a085-30fd70fc92b5.png,/scratch/yd3288/RoofNet-xAI/RoofNet-Images/AmorphousMembrane/Lynn_Haven_Florida-hurricane-michael_00000504_pre_disaster_b43a3599-29ce-4de9-a085-30fd70fc92b5.png,Lynn_Haven_Florida-hurricane-michael_00000504_pre_disaster_b43a3599-29ce-4de9-a085-30fd70fc92b5.png,holdout,transformer_explainability,Lynn Haven Florida,11,AmorphousMembrane,0.8892480731010437,IDEA-Research/grounding-dino-base,facebook/sam-vit-huge,building . rooftop . roof,0.2,0.15,5,5,False,14350,80.0,0.06915794312953949,0.20005439956480348,224,224,114,129,0.9840269379863904,0.01597306201360962,0.20091673032849502,0.9833446634942217,0.201602787456446,2942,2893,14399,14350,0.75,success
AmorphousMembrane__Lynn_Haven_Florida-hurricane-michael_00000505_pre_disaster_337162fa-e1fd-4a4a-a4c1-499c6aa7a2b1.png,/scratch/yd3288/RoofNet-xAI/RoofNet-Images/AmorphousMembrane/Lynn_Haven_Florida-hurricane-michael_00000505_pre_disaster_337162fa-e1fd-4a4a-a4c1-499c6aa7a2b1.png,Lynn_Haven_Florida-hurricane-michael_00000505_pre_disaster_337162fa-e1fd-4a4a-a4c1-499c6aa7a2b1.png,holdout,transformer_explainability,Lynn Haven Florida,11,AmorphousMembrane,0.9999744892120361,IDEA-Research/grounding-dino-base,facebook/sam-vit-huge,building . rooftop . roof,0.2,0.15,6,6,False,7397,80.0,0.05220912992954255,0.2,224,224,80,112,0.9389379063437475,0.061062093656252446,0.23541274536165635,0.9771205357142857,0.23671758821143707,1792,1751,7438,7397,0.768,success
AmorphousMembrane__Lynn_Haven_Florida-hurricane-michael_00000505_pre_disaster_e5c3ec5c-b235-4a95-9abd-85512f31d80a.png,/scratch/yd3288/RoofNet-xAI/RoofNet-Images/AmorphousMembrane/Lynn_Haven_Florida-hurricane-michael_00000505_pre_disaster_e5c3ec5c-b235-4a95-9abd-85512f31d80a.png,Lynn_Haven_Florida-hurricane-michael_00000505_pre_disaster_e5c3ec5c-b235-4a95-9abd-85512f31d80a.png,holdout,transformer_explainability,Lynn Haven Florida,11,AmorphousMembrane,0.9979596138000488,IDEA-Research/grounding-dino-base,facebook/sam-vit-huge,building . rooftop . roof,0.2,0.15,8,8,False,15198,80.0,0.04498356953263283,0.20004846722403974,224,224,126,131,0.9635709670327401,0.0364290329672598,0.20560443141088303,0.955481526347668,0.2075931043558363,3302,3155,15345,15198,0.731,success
AmorphousMembrane__Lynn_Haven_Florida-hurricane-michael_00000512_pre_disaster_f371a11e-c1ac-4a79-9e27-f116649f2a84.png,/scratch/yd3288/RoofNet-xAI/RoofNet-Images/AmorphousMembrane/Lynn_Haven_Florida-hurricane-michael_00000512_pre_disaster_f371a11e-c1ac-4a79-9e27-f116649f2a84.png,Lynn_Haven_Florida-hurricane-michael_00000512_pre_disaster_f371a11e-c1ac-4a79-9e27-f116649f2a84.png,holdout,transformer_explainability,Lynn Haven Florida,6,MetalSheetMaterials,0.8430951833724976,IDEA-Research/grounding-dino-base,facebook/sam-vit-huge,building . rooftop . roof,0.2,0.15,2,2,False,3842,80.0,0.04008359387516979,0.200104085349987,224,224,61,63,0.9999719931939727,2.8006806027335702e-05,0.20015616866215513,1.0,0.20015616866215513,769,769,3842,3842,0.707,success
AmorphousMembrane__Lynn_Haven_Florida-hurricane-michael_00000515_pre_disaster_0ddc8983-fb5e-4324-b288-9f28fd715ee6.png,/scratch/yd3288/RoofNet-xAI/RoofNet-Images/AmorphousMembrane/Lynn_Haven_Florida-hurricane-michael_00000515_pre_disaster_0ddc8983-fb5e-4324-b288-9f28fd715ee6.png,Lynn_Haven_Florida-hurricane-michael_00000515_pre_disaster_0ddc8983-fb5e-4324-b288-9f28fd715ee6.png,holdout,transformer_explainability,Lynn Haven Florida,2,ClayTiles,0.9549593329429626,IDEA-Research/grounding-dino-base,facebook/sam-vit-huge,building . rooftop . roof,0.2,0.15,3,3,False,8816,80.0,0.05771227926015854,0.2000903342366757,224,224,82,108,0.9962824664391522,0.003717533560847837,0.19977337110481586,0.994920993227991,0.19997731397459165,1772,1763,8825,8816,0.732,success
AmorphousMembrane__Lynn_Haven_Florida-hurricane-michael_00000524_pre_disaster_c4ab508c-2269-4d18-9007-82fa13bbeae3.png,/scratch/yd3288/RoofNet-xAI/RoofNet-Images/AmorphousMembrane/Lynn_Haven_Florida-hurricane-michael_00000524_pre_disaster_c4ab508c-2269-4d18-9007-82fa13bbeae3.png,Lynn_Haven_Florida-hurricane-michael_00000524_pre_disaster_c4ab508c-2269-4d18-9007-82fa13bbeae3.png,holdout,transformer_explainability,Lynn Haven Florida,6,MetalSheetMaterials,0.8638938665390015,IDEA-Research/grounding-dino-base,facebook/sam-vit-huge,building . rooftop . roof,0.2,0.15,1,1,False,4480,80.0,0.025041231513023378,0.2,224,224,80,56,1.0,0.0,0.2,1.0,0.2,896,896,4480,4480,0.748,success
AmorphousMembrane__Lynn_Haven_Florida-hurricane-michael_00000527_pre_disaster_af3b4d31-0bec-4d1b-8e6e-9486ca24ddd4.png,/scratch/yd3288/RoofNet-xAI/RoofNet-Images/AmorphousMembrane/Lynn_Haven_Florida-hurricane-michael_00000527_pre_disaster_af3b4d31-0bec-4d1b-8e6e-9486ca24ddd4.png,Lynn_Haven_Florida-hurricane-michael_00000527_pre_disaster_af3b4d31-0bec-4d1b-8e6e-9486ca24ddd4.png,holdout,transformer_explainability,Lynn Haven Florida,6,MetalSheetMaterials,0.9235345125198364,IDEA-Research/grounding-dino-base,facebook/sam-vit-huge,building . rooftop . roof,0.2,0.15,5,5,False,5342,80.0,0.027560627087950706,0.20014609203798392,224,224,74,74,0.9607507021384432,0.03924929786155687,0.1900184842883549,0.9379562043795621,0.19243728940471733,1096,1028,5410,5342,0.729,success
AmorphousMembrane__Lynn_Haven_Florida-hurricane-michael_00000527_pre_disaster_5cf9b400-7890-4202-969b-22fa27a8a05c.png,/scratch/yd3288/RoofNet-xAI/RoofNet-Images/AmorphousMembrane/Lynn_Haven_Florida-hurricane-michael_00000527_pre_disaster_5cf9b400-7890-4202-969b-22fa27a8a05c.png,Lynn_Haven_Florida-hurricane-michael_00000527_pre_disaster_5cf9b400-7890-4202-969b-22fa27a8a05c.png,holdout,transformer_explainability,Lynn Haven Florida,6,MetalSheetMaterials,0.9858720898628235,IDEA-Research/grounding-dino-base,facebook/sam-vit-huge,building . rooftop . roof,0.2,0.15,5,5,False,6336,80.0,0.025340812280774117,0.20012626262626262,224,224,72,88,1.0,0.0,0.20012626262626262,1.0,0.20012626262626262,1268,1268,6336,6336,0.741,success
AmorphousMembrane__Lynn_Haven_Florida-hurricane-michael_00000527_pre_disaster_9ace2a36-3058-4c8c-b8b5-38e8fa44ae70.png,/scratch/yd3288/RoofNet-xAI/RoofNet-Images/AmorphousMembrane/Lynn_Haven_Florida-hurricane-michael_00000527_pre_disaster_9ace2a36-3058-4c8c-b8b5-38e8fa44ae70.png,Lynn_Haven_Florida-hurricane-michael_00000527_pre_disaster_9ace2a36-3058-4c8c-b8b5-38e8fa44ae70.png,holdout,transformer_explainability,Lynn Haven Florida,6,MetalSheetMaterials,0.9997848868370056,IDEA-Research/grounding-dino-base,facebook/sam-vit-huge,building . rooftop . roof,0.2,0.15,5,5,False,5760,80.0,0.05537070557475089,0.2,224,224,72,80,1.0,0.0,0.2,1.0,0.2,1152,1152,5760,5760,0.73,success
AmorphousMembrane__Lynn_Haven_Florida-hurricane-michael_00000527_pre_disaster_77e70bd3-d364-4033-b135-5bab9bafb303.png,/scratch/yd3288/RoofNet-xAI/RoofNet-Images/AmorphousMembrane/Lynn_Haven_Florida-hurricane-michael_00000527_pre_disaster_77e70bd3-d364-4033-b135-5bab9bafb303.png,Lynn_Haven_Florida-hurricane-michael_00000527_pre_disaster_77e70bd3-d364-4033-b135-5bab9bafb303.png,holdout,transformer_explainability,Lynn Haven Florida,11,AmorphousMembrane,0.6140668988227844,IDEA-Research/grounding-dino-base,facebook/sam-vit-huge,building . rooftop . roof,0.2,0.15,2,2,False,5544,80.0,0.04396024346351625,0.20003607503607504,224,224,72,77,1.0,0.0,0.20003607503607504,1.0,0.20003607503607504,1109,1109,5544,5544,0.727,success
AmorphousMembrane__Lynn_Haven_Florida-hurricane-michael_00000546_pre_disaster_4329b999-4859-4c13-9d54-448cbd64b22b.png,/scratch/yd3288/RoofNet-xAI/RoofNet-Images/AmorphousMembrane/Lynn_Haven_Florida-hurricane-michael_00000546_pre_disaster_4329b999-4859-4c13-9d54-448cbd64b22b.png,Lynn_Haven_Florida-hurricane-michael_00000546_pre_disaster_4329b999-4859-4c13-9d54-448cbd64b22b.png,holdout,transformer_explainability,Lynn Haven Florida,6,MetalSheetMaterials,0.9984890222549438,IDEA-Research/grounding-dino-base,facebook/sam-vit-huge,building . rooftop . roof,0.2,0.15,5,5,False,5252,80.0,0.03195216581225395,0.2,224,224,75,74,0.984427080346218,0.015572919653782056,0.21134805788271135,1.0,0.21134805788271135,1110,1110,5252,5252,0.668,success
AmorphousMembrane__Lynn_Haven_Florida-hurricane-michael_00000548_pre_disaster_471f45af-e44c-4980-9b60-4c0e95b0c0d5.png,/scratch/yd3288/RoofNet-xAI/RoofNet-Images/AmorphousMembrane/Lynn_Haven_Florida-hurricane-michael_00000548_pre_disaster_471f45af-e44c-4980-9b60-4c0e95b0c0d5.png,Lynn_Haven_Florida-hurricane-michael_00000548_pre_disaster_471f45af-e44c-4980-9b60-4c0e95b0c0d5.png,holdout,transformer_explainability,Lynn Haven Florida,11,AmorphousMembrane,0.9995960593223572,IDEA-Research/grounding-dino-base,facebook/sam-vit-huge,building . rooftop . roof,0.2,0.15,3,3,False,63222,80.0,0.08487179279327402,0.20000627421454675,224,224,269,237,0.9877881873922942,0.01221181260770575,0.1976700192325882,0.9833738530311348,0.19833285881496948,12751,12539,63434,63222,0.742,success
AmorphousMembrane__Mexico_City_Mexico-mexico-earthquake_00000059_pre_disaster_a04e61f3-18ca-4eaf-96c7-5968c58ce5e1.png,/scratch/yd3288/RoofNet-xAI/RoofNet-Images/AmorphousMembrane/Mexico_City_Mexico-mexico-earthquake_00000059_pre_disaster_a04e61f3-18ca-4eaf-96c7-5968c58ce5e1.png,Mexico_City_Mexico-mexico-earthquake_00000059_pre_disaster_a04e61f3-18ca-4eaf-96c7-5968c58ce5e1.png,holdout,transformer_explainability,Mexico City Mexico,6,MetalSheetMaterials,0.9980379939079285,IDEA-Research/grounding-dino-base,facebook/sam-vit-huge,building . rooftop . roof,0.2,0.15,2,2,False,6984,80.0,0.061450377106666565,0.20024944567627495,224,224,82,88,0.9712690859063943,0.028730914093605776,0.20002847380410022,0.972318339100346,0.2011741122565865,1445,1405,7024,6984,0.683,success
AmorphousMembrane__Mexico_City_Mexico-mexico-earthquake_00000059_pre_disaster_4b31c3ca-a161-4639-be13-6879861a6018.png,/scratch/yd3288/RoofNet-xAI/RoofNet-Images/AmorphousMembrane/Mexico_City_Mexico-mexico-earthquake_00000059_pre_disaster_4b31c3ca-a161-4639-be13-6879861a6018.png,Mexico_City_Mexico-mexico-earthquake_00000059_pre_disaster_4b31c3ca-a161-4639-be13-6879861a6018.png,holdout,transformer_explainability,Mexico City Mexico,2,ClayTiles,0.9999473094940186,IDEA-Research/grounding-dino-base,facebook/sam-vit-huge,building . rooftop . roof,0.2,0.15,6,6,False,4860,80.0,0.09551789015531541,0.2,224,224,45,108,1.0,0.0,0.2,1.0,0.2,972,972,4860,4860,0.711,success
AmorphousMembrane__Mexico_City_Mexico-mexico-earthquake_00000078_pre_disaster_7e61e6f8-4387-40d5-b2f3-d9791249fa52.png,/scratch/yd3288/RoofNet-xAI/RoofNet-Images/AmorphousMembrane/Mexico_City_Mexico-mexico-earthquake_00000078_pre_disaster_7e61e6f8-4387-40d5-b2f3-d9791249fa52.png,Mexico_City_Mexico-mexico-earthquake_00000078_pre_disaster_7e61e6f8-4387-40d5-b2f3-d9791249fa52.png,holdout,transformer_explainability,Mexico City Mexico,2,ClayTiles,0.9999051094055176,IDEA-Research/grounding-dino-base,facebook/sam-vit-huge,building . rooftop . roof,0.2,0.15,3,3,False,9999,80.0,0.035396280139684703,0.2,224,224,80,125,0.9999677793866566,3.2220613343418006e-05,0.2000200020002,1.0,0.2000200020002,2000,2000,9999,9999,0.718,success
AmorphousMembrane__Mexico_City_Mexico-mexico-earthquake_00000115_pre_disaster_47ae12f1-88bf-4c36-828a-6ce5ca6b4005.png,/scratch/yd3288/RoofNet-xAI/RoofNet-Images/AmorphousMembrane/Mexico_City_Mexico-mexico-earthquake_00000115_pre_disaster_47ae12f1-88bf-4c36-828a-6ce5ca6b4005.png,Mexico_City_Mexico-mexico-earthquake_00000115_pre_disaster_47ae12f1-88bf-4c36-828a-6ce5ca6b4005.png,holdout,transformer_explainability,Mexico City Mexico,6,MetalSheetMaterials,0.9900029897689819,IDEA-Research/grounding-dino-base,facebook/sam-vit-huge,building . rooftop . roof,0.2,0.15,5,5,False,5888,80.0,0.028021976724267005,0.2,224,224,81,75,0.9859113310810677,0.01408866891893236,0.20553292600135778,0.9967078189300411,0.20567255434782608,1215,1211,5892,5888,0.732,success
AmorphousMembrane__Mexico_City_Mexico-mexico-earthquake_00000122_pre_disaster_d954d4d2-457d-4372-a6cb-f0d0ae385c30.png,/scratch/yd3288/RoofNet-xAI/RoofNet-Images/AmorphousMembrane/Mexico_City_Mexico-mexico-earthquake_00000122_pre_disaster_d954d4d2-457d-4372-a6cb-f0d0ae385c30.png,Mexico_City_Mexico-mexico-earthquake_00000122_pre_disaster_d954d4d2-457d-4372-a6cb-f0d0ae385c30.png,holdout,transformer_explainability,Mexico City Mexico,11,AmorphousMembrane,0.8078542947769165,IDEA-Research/grounding-dino-base,facebook/sam-vit-huge,building . rooftop . roof,0.2,0.15,1,1,False,6205,80.0,0.04903887659311295,0.2,224,224,85,73,1.0,0.0,0.2,1.0,0.2,1241,1241,6205,6205,0.742,success
AmorphousMembrane__Mexico_City_Mexico-mexico-earthquake_00000127_pre_disaster_7c8ccd3b-78a9-418b-a093-906cc85614a1.png,/scratch/yd3288/RoofNet-xAI/RoofNet-Images/AmorphousMembrane/Mexico_City_Mexico-mexico-earthquake_00000127_pre_disaster_7c8ccd3b-78a9-418b-a093-906cc85614a1.png,Mexico_City_Mexico-mexico-earthquake_00000127_pre_disaster_7c8ccd3b-78a9-418b-a093-906cc85614a1.png,holdout,transformer_explainability,Mexico City Mexico,11,AmorphousMembrane,0.44424042105674744,IDEA-Research/grounding-dino-base,facebook/sam-vit-huge,building . rooftop . roof,0.2,0.15,3,3,False,7780,80.0,0.05770905986428262,0.20002469440671689,224,224,89,91,0.9557298368064455,0.044270163193554465,0.18957226018729437,0.9246913580246914,0.19254498714652957,1620,1498,7902,7780,0.73,success
AmorphousMembrane__Mexico_City_Mexico-mexico-earthquake_00000142_pre_disaster_87e2e6b8-2ec3-4c0b-97bd-bccdb967d2a1.png,/scratch/yd3288/RoofNet-xAI/RoofNet-Images/AmorphousMembrane/Mexico_City_Mexico-mexico-earthquake_00000142_pre_disaster_87e2e6b8-2ec3-4c0b-97bd-bccdb967d2a1.png,Mexico_City_Mexico-mexico-earthquake_00000142_pre_disaster_87e2e6b8-2ec3-4c0b-97bd-bccdb967d2a1.png,holdout,transformer_explainability,Mexico City Mexico,6,MetalSheetMaterials,0.9950721859931946,IDEA-Research/grounding-dino-base,facebook/sam-vit-huge,building . rooftop . roof,0.2,0.15,6,6,False,6556,80.0,0.05242525413632393,0.2000870416712001,224,224,101,91,0.7637197895391729,0.2362802104608272,0.19808762665905524,0.754758020663404,0.21171446003660768,1839,1388,7007,6556,0.693,success
AmorphousMembrane__Mexico_City_Mexico-mexico-earthquake_00000143_pre_disaster_4f1a2834-75ee-462f-8fb8-3c65834b6e38.png,/scratch/yd3288/RoofNet-xAI/RoofNet-Images/AmorphousMembrane/Mexico_City_Mexico-mexico-earthquake_00000143_pre_disaster_4f1a2834-75ee-462f-8fb8-3c65834b6e38.png,Mexico_City_Mexico-mexico-earthquake_00000143_pre_disaster_4f1a2834-75ee-462f-8fb8-3c65834b6e38.png,holdout,transformer_explainability,Mexico City Mexico,2,ClayTiles,0.997750461101532,IDEA-Research/grounding-dino-base,facebook/sam-vit-huge,building . rooftop . roof,0.2,0.15,7,7,False,4026,80.0,0.06847529858350754,0.20019870839542972,224,224,66,61,1.0,0.0,0.20019870839542972,1.0,0.20019870839542972,806,806,4026,4026,0.744,success
AmorphousMembrane__Mexico_City_Mexico-mexico-earthquake_00000143_pre_disaster_c6e89229-f8c9-4703-8d33-7eb48f4285aa.png,/scratch/yd3288/RoofNet-xAI/RoofNet-Images/AmorphousMembrane/Mexico_City_Mexico-mexico-earthquake_00000143_pre_disaster_c6e89229-f8c9-4703-8d33-7eb48f4285aa.png,Mexico_City_Mexico-mexico-earthquake_00000143_pre_disaster_c6e89229-f8c9-4703-8d33-7eb48f4285aa.png,holdout,transformer_explainability,Mexico City Mexico,6,MetalSheetMaterials,0.9999027252197266,IDEA-Research/grounding-dino-base,facebook/sam-vit-huge,building . rooftop . roof,0.2,0.15,12,12,False,6748,80.0,0.05224424973130226,0.2000726216412491,224,224,81,102,0.8150159603501139,0.18498403964988613,0.1689160985112008,0.7344222625529341,0.17990515708358032,1653,1214,7187,6748,0.76,success
AmorphousMembrane__Mexico_City_Mexico-mexico-earthquake_00000154_pre_disaster_14e88216-7b5a-4a51-a5df-f732b6beadb1.png,/scratch/yd3288/RoofNet-xAI/RoofNet-Images/AmorphousMembrane/Mexico_City_Mexico-mexico-earthquake_00000154_pre_disaster_14e88216-7b5a-4a51-a5df-f732b6beadb1.png,Mexico_City_Mexico-mexico-earthquake_00000154_pre_disaster_14e88216-7b5a-4a51-a5df-f732b6beadb1.png,holdout,transformer_explainability,Mexico City Mexico,11,AmorphousMembrane,0.9959927201271057,IDEA-Research/grounding-dino-base,facebook/sam-vit-huge,building . rooftop . roof,0.2,0.15,3,3,False,7552,80.0,0.030137314647436148,0.20005295908910367,224,224,91,83,0.9999112359143602,8.876408563988215e-05,0.20007944915254236,1.0,0.20007944915254236,1511,1511,7552,7552,0.737,success
AmorphousMembrane__Little_Rock_Arkansas-midwest-flooding_00000044_pre_disaster_6f553547-c200-4202-bc3d-20f707c0ceac.png,/scratch/yd3288/RoofNet-xAI/RoofNet-Images/AmorphousMembrane/Little_Rock_Arkansas-midwest-flooding_00000044_pre_disaster_6f553547-c200-4202-bc3d-20f707c0ceac.png,Little_Rock_Arkansas-midwest-flooding_00000044_pre_disaster_6f553547-c200-4202-bc3d-20f707c0ceac.png,holdout,transformer_explainability,Little Rock Arkansas,10,AmorphousAsphalt,0.7626826763153076,IDEA-Research/grounding-dino-base,facebook/sam-vit-huge,building . rooftop . roof,0.2,0.15,4,4,False,62159,80.0,0.08336309194564824,0.20000589900896648,224,224,326,208,0.8970755659191684,0.1029244340808316,0.18584583581294828,0.8750184338593128,0.19091362473656268,13562,11867,63854,62159,0.778,success
AmorphousMembrane__Little_Rock_Arkansas-midwest-flooding_00000054_pre_disaster_4c231b98-8363-4738-a55c-91a1557c43f5.png,/scratch/yd3288/RoofNet-xAI/RoofNet-Images/AmorphousMembrane/Little_Rock_Arkansas-midwest-flooding_00000054_pre_disaster_4c231b98-8363-4738-a55c-91a1557c43f5.png,Little_Rock_Arkansas-midwest-flooding_00000054_pre_disaster_4c231b98-8363-4738-a55c-91a1557c43f5.png,holdout,transformer_explainability,Little Rock Arkansas,11,AmorphousMembrane,0.9999874830245972,IDEA-Research/grounding-dino-base,facebook/sam-vit-huge,building . rooftop . roof,0.2,0.15,3,3,False,11563,80.0,0.04389241635799408,0.2000039569484014,224,224,234,216,0.28515453597752516,0.7148454640224748,0.21079389910050841,0.37323177366702937,0.3262994032690478,10109,3773,17899,11563,0.685,success
AmorphousMembrane__Little_Rock_Arkansas-midwest-flooding_00000054_pre_disaster_2fb4e290-eeb0-47d5-8794-1903e8032e64.png,/scratch/yd3288/RoofNet-xAI/RoofNet-Images/AmorphousMembrane/Little_Rock_Arkansas-midwest-flooding_00000054_pre_disaster_2fb4e290-eeb0-47d5-8794-1903e8032e64.png,Little_Rock_Arkansas-midwest-flooding_00000054_pre_disaster_2fb4e290-eeb0-47d5-8794-1903e8032e64.png,holdout,transformer_explainability,Little Rock Arkansas,11,AmorphousMembrane,0.9999549388885498,IDEA-Research/grounding-dino-base,facebook/sam-vit-huge,building . rooftop . roof,0.2,0.15,2,2,False,19820,80.0,0.10498818010091782,0.2000395726157499,224,224,133,152,0.9654671498851065,0.03453285011489351,0.19661033946748233,0.9695845697329377,0.19783047426841574,4044,3921,19943,19820,0.687,success
AmorphousMembrane__Little_Rock_Arkansas-midwest-flooding_00000061_pre_disaster_1e6744e6-0643-4307-a712-fe5f3ec3eb7f.png,/scratch/yd3288/RoofNet-xAI/RoofNet-Images/AmorphousMembrane/Little_Rock_Arkansas-midwest-flooding_00000061_pre_disaster_1e6744e6-0643-4307-a712-fe5f3ec3eb7f.png,Little_Rock_Arkansas-midwest-flooding_00000061_pre_disaster_1e6744e6-0643-4307-a712-fe5f3ec3eb7f.png,holdout,transformer_explainability,Little Rock Arkansas,10,AmorphousAsphalt,0.8808528184890747,IDEA-Research/grounding-dino-base,facebook/sam-vit-huge,building . rooftop . roof,0.2,0.15,2,2,False,28038,80.0,0.04887278601527215,0.2,224,224,170,172,0.9688065063340503,0.031193493665949708,0.20026919807310853,0.9668262653898769,0.20165489692560096,5848,5654,28232,28038,0.736,success
AmorphousMembrane__Little_Rock_Arkansas-midwest-flooding_00000067_pre_disaster_ca47f4d9-5655-41a9-9588-1873b3681957.png,/scratch/yd3288/RoofNet-xAI/RoofNet-Images/AmorphousMembrane/Little_Rock_Arkansas-midwest-flooding_00000067_pre_disaster_ca47f4d9-5655-41a9-9588-1873b3681957.png,Little_Rock_Arkansas-midwest-flooding_00000067_pre_disaster_ca47f4d9-5655-41a9-9588-1873b3681957.png,holdout,transformer_explainability,Little Rock Arkansas,11,AmorphousMembrane,0.9999879598617554,IDEA-Research/grounding-dino-base,facebook/sam-vit-huge,building . rooftop . roof,0.2,0.15,3,3,False,40268,80.0,0.061577667295932774,0.20000985027580773,224,224,188,216,0.988152808474478,0.011847191525522022,0.1957300649880155,0.9752524008864811,0.1967070626800437,8122,7921,40469,40268,0.717,success
AmorphousMembrane__Slick_Oklahoma-midwest-flooding_00000304_pre_disaster_c4024930-471e-43f7-84d7-bb3e095c1374.png,/scratch/yd3288/RoofNet-xAI/RoofNet-Images/AmorphousMembrane/Slick_Oklahoma-midwest-flooding_00000304_pre_disaster_c4024930-471e-43f7-84d7-bb3e095c1374.png,Slick_Oklahoma-midwest-flooding_00000304_pre_disaster_c4024930-471e-43f7-84d7-bb3e095c1374.png,holdout,transformer_explainability,Slick Oklahoma,12,AmorphousFabric,0.59632408618927,IDEA-Research/grounding-dino-base,facebook/sam-vit-huge,building . rooftop . roof,0.2,0.15,1,1,False,3890,80.0,0.032310745865106585,0.20004837929366232,224,224,78,53,0.9478587173297439,0.052141282670256126,0.19357287449392713,0.9250302297460702,0.19665809768637532,827,765,3952,3890,1.439,success
AmorphousMembrane__Slick_Oklahoma-midwest-flooding_00000304_pre_disaster_62d59e15-3129-4052-b619-97f89cb995c6.png,/scratch/yd3288/RoofNet-xAI/RoofNet-Images/AmorphousMembrane/Slick_Oklahoma-midwest-flooding_00000304_pre_disaster_62d59e15-3129-4052-b619-97f89cb995c6.png,Slick_Oklahoma-midwest-flooding_00000304_pre_disaster_62d59e15-3129-4052-b619-97f89cb995c6.png,holdout,transformer_explainability,Slick Oklahoma,11,AmorphousMembrane,0.9994162321090698,IDEA-Research/grounding-dino-base,facebook/sam-vit-huge,building . rooftop . roof,0.2,0.15,3,3,False,4645,80.0,0.06940916925668716,0.2001690974424012,224,224,83,57,0.979408414579078,0.02059158542092203,0.19768687085028913,0.9746568109820486,0.19870828848223895,947,923,4669,4645,0.852,success
AmorphousMembrane__Hawaii-lower-puna-volcano_00000004_pre_disaster_1e2a96fb-3e3f-4a18-9170-c60405341490.png,/scratch/yd3288/RoofNet-xAI/RoofNet-Images/AmorphousMembrane/Hawaii-lower-puna-volcano_00000004_pre_disaster_1e2a96fb-3e3f-4a18-9170-c60405341490.png,Hawaii-lower-puna-volcano_00000004_pre_disaster_1e2a96fb-3e3f-4a18-9170-c60405341490.png,holdout,transformer_explainability,Hawaii,11,AmorphousMembrane,0.999990701675415,IDEA-Research/grounding-dino-base,facebook/sam-vit-huge,building . rooftop . roof,0.2,0.15,4,4,False,1142,80.0,0.04596431776881218,0.2,224,224,70,73,0.25612104751626624,0.7438789524837337,0.2157303370786517,0.37573385518590996,0.3362521891418564,1022,384,1780,1142,0.722,success
AmorphousMembrane__Hawaii-lower-puna-volcano_00000091_pre_disaster_722d968c-1559-4b25-bb0f-27286c7e020f.png,/scratch/yd3288/RoofNet-xAI/RoofNet-Images/AmorphousMembrane/Hawaii-lower-puna-volcano_00000091_pre_disaster_722d968c-1559-4b25-bb0f-27286c7e020f.png,Hawaii-lower-puna-volcano_00000091_pre_disaster_722d968c-1559-4b25-bb0f-27286c7e020f.png,holdout,transformer_explainability,Hawaii,11,AmorphousMembrane,0.9987234473228455,IDEA-Research/grounding-dino-base,facebook/sam-vit-huge,building . rooftop . roof,0.2,0.15,7,7,False,2002,80.0,0.03664659708738327,0.20011911852293032,224,224,73,92,0.41739722148433506,0.5826027785156649,0.3080531665363565,0.5863095238095238,0.3936063936063936,1344,788,2558,2002,0.693,success
AmorphousMembrane__Hawaii-lower-puna-volcano_00000112_pre_disaster_915938ef-9e5e-4aa6-a402-76fea1ce3d31.png,/scratch/yd3288/RoofNet-xAI/RoofNet-Images/AmorphousMembrane/Hawaii-lower-puna-volcano_00000112_pre_disaster_915938ef-9e5e-4aa6-a402-76fea1ce3d31.png,Hawaii-lower-puna-volcano_00000112_pre_disaster_915938ef-9e5e-4aa6-a402-76fea1ce3d31.png,holdout,transformer_explainability,Hawaii,11,AmorphousMembrane,0.9999334812164307,IDEA-Research/grounding-dino-base,facebook/sam-vit-huge,building . rooftop . roof,0.2,0.15,3,3,False,5572,80.0,0.06233126297593117,0.20014232342999466,224,224,77,73,0.9832596973176827,0.016740302682317285,0.19525254328038552,0.9724444444444444,0.19633883704235464,1125,1094,5603,5572,0.715,success
AmorphousMembrane__Hawaii-lower-puna-volcano_00000114_pre_disaster_5b549ee9-7262-471f-80e6-1e9d12a7f019.png,/scratch/yd3288/RoofNet-xAI/RoofNet-Images/AmorphousMembrane/Hawaii-lower-puna-volcano_00000114_pre_disaster_5b549ee9-7262-471f-80e6-1e9d12a7f019.png,Hawaii-lower-puna-volcano_00000114_pre_disaster_5b549ee9-7262-471f-80e6-1e9d12a7f019.png,holdout,transformer_explainability,Hawaii,11,AmorphousMembrane,0.9999371767044067,IDEA-Research/grounding-dino-base,facebook/sam-vit-huge,building . rooftop . roof,0.2,0.15,5,5,False,1393,80.0,0.05463727563619614,0.20011783189316576,224,224,76,67,0.3568879518846894,0.6431120481153105,0.30590146182999456,0.5544651619234544,0.40559942569992824,1019,565,1847,1393,0.725,success
AsphaltTiles__Chicago_Illinois_heightNA_numstories2_roofshapeNA_fpArea3117_imsat_41.85739254-87.67860334.jpg,/scratch/yd3288/RoofNet-xAI/RoofNet-Images/AsphaltTiles/Chicago_Illinois_heightNA_numstories2_roofshapeNA_fpArea3117_imsat_41.85739254-87.67860334.jpg,Chicago_Illinois_heightNA_numstories2_roofshapeNA_fpArea3117_imsat_41.85739254-87.67860334.jpg,holdout,transformer_explainability,Chicago Illinois Heightna Numstories2 Roofshapena Fparea3117 Imsat 41.85739254,10,AmorphousAsphalt,0.9851304888725281,IDEA-Research/grounding-dino-base,facebook/sam-vit-huge,building . rooftop . roof,0.2,0.15,6,6,False,103670,80.0,0.09725850075483322,0.20000497586704483,224,224,638,252,0.6430499865121281,0.3569500134878719,0.185414684808127,0.6606854086329146,0.2049291019581364,32156,21245,114581,103670,0.725,success
AsphaltTiles__Toronto_Canada_heightNA_numstoriesNA_roofshapeNA_fpArea2853_imsat_43.77811634-79.3281957.jpg,/scratch/yd3288/RoofNet-xAI/RoofNet-Images/AsphaltTiles/Toronto_Canada_heightNA_numstoriesNA_roofshapeNA_fpArea2853_imsat_43.77811634-79.3281957.jpg,Toronto_Canada_heightNA_numstoriesNA_roofshapeNA_fpArea2853_imsat_43.77811634-79.3281957.jpg,holdout,transformer_explainability,Toronto Canada Heightna Numstoriesna Roofshapena Fparea2853 Imsat 43.77811634,10,AmorphousAsphalt,0.3437398374080658,IDEA-Research/grounding-dino-base,facebook/sam-vit-huge,building . rooftop . roof,0.2,0.15,4,4,False,191181,80.0,0.05520677417516709,0.20000049134737277,224,224,638,638,0.7277685684837886,0.2722314315162115,0.3277189769467188,0.8264811015981034,0.3519335080368865,81409,67283,205307,191181,0.69,success
AsphaltTiles__Lynn_Haven_Florida-hurricane-michael_00000001_pre_disaster_fb5a605f-b674-4366-afc2-781230d293aa.png,/scratch/yd3288/RoofNet-xAI/RoofNet-Images/AsphaltTiles/Lynn_Haven_Florida-hurricane-michael_00000001_pre_disaster_fb5a605f-b674-4366-afc2-781230d293aa.png,Lynn_Haven_Florida-hurricane-michael_00000001_pre_disaster_fb5a605f-b674-4366-afc2-781230d293aa.png,holdout,transformer_explainability,Lynn Haven Florida,6,MetalSheetMaterials,0.8183566927909851,IDEA-Research/grounding-dino-base,facebook/sam-vit-huge,building . rooftop . roof,0.2,0.15,2,2,False,6082,80.0,0.03060220256447792,0.20006575702778234,224,224,77,79,0.9997204720816371,0.00027952791836289556,0.19990136445832649,0.9991783073130649,0.19993423216047354,1217,1216,6083,6082,0.683,success
AsphaltTiles__Lynn_Haven_Florida-hurricane-michael_00000003_pre_disaster_801f9840-4d04-4c71-b7d2-3825549b8340.png,/scratch/yd3288/RoofNet-xAI/RoofNet-Images/AsphaltTiles/Lynn_Haven_Florida-hurricane-michael_00000003_pre_disaster_801f9840-4d04-4c71-b7d2-3825549b8340.png,Lynn_Haven_Florida-hurricane-michael_00000003_pre_disaster_801f9840-4d04-4c71-b7d2-3825549b8340.png,holdout,transformer_explainability,Lynn Haven Florida,6,MetalSheetMaterials,0.46813634037971497,IDEA-Research/grounding-dino-base,facebook/sam-vit-huge,building . rooftop . roof,0.2,0.15,3,3,False,5994,80.0,0.08701366335153587,0.2,224,224,80,78,0.9693944945798902,0.03060550542010975,0.20720120020003333,0.9959935897435898,0.20737404070737403,1248,1243,5999,5994,0.703,success
AsphaltTiles__Lynn_Haven_Florida-hurricane-michael_00000035_pre_disaster_99eb8c1f-a79f-49fe-b5e2-a6cc08dcb161.png,/scratch/yd3288/RoofNet-xAI/RoofNet-Images/AsphaltTiles/Lynn_Haven_Florida-hurricane-michael_00000035_pre_disaster_99eb8c1f-a79f-49fe-b5e2-a6cc08dcb161.png,Lynn_Haven_Florida-hurricane-michael_00000035_pre_disaster_99eb8c1f-a79f-49fe-b5e2-a6cc08dcb161.png,holdout,transformer_explainability,Lynn Haven Florida,10,AmorphousAsphalt,0.7056111097335815,IDEA-Research/grounding-dino-base,facebook/sam-vit-huge,building . rooftop . roof,0.2,0.15,2,2,False,81090,80.0,0.07017352432012558,0.20000979719800138,224,224,236,346,0.9919005985840572,0.00809940141594284,0.19890719797191694,0.98965221650747,0.1993217412751264,16332,16163,81259,81090,0.763,success
AsphaltTiles__Lynn_Haven_Florida-hurricane-michael_00000043_pre_disaster_f2c64988-9aff-4f56-ae68-e5dd29f4aed6.png,/scratch/yd3288/RoofNet-xAI/RoofNet-Images/AsphaltTiles/Lynn_Haven_Florida-hurricane-michael_00000043_pre_disaster_f2c64988-9aff-4f56-ae68-e5dd29f4aed6.png,Lynn_Haven_Florida-hurricane-michael_00000043_pre_disaster_f2c64988-9aff-4f56-ae68-e5dd29f4aed6.png,holdout,transformer_explainability,Lynn Haven Florida,6,MetalSheetMaterials,0.9367741346359253,IDEA-Research/grounding-dino-base,facebook/sam-vit-huge,building . rooftop . roof,0.2,0.15,5,5,False,5555,80.0,0.03902284428477287,0.20032281205164992,224,224,68,82,0.9946779383370447,0.0053220616629553255,0.19956850053937433,0.9937332139659804,0.1998199819981998,1117,1110,5562,5555,0.693,success
AsphaltTiles__Lynn_Haven_Florida-hurricane-michael_00000068_pre_disaster_0f5e2a38-27de-472f-94ca-422282396aa0.png,/scratch/yd3288/RoofNet-xAI/RoofNet-Images/AsphaltTiles/Lynn_Haven_Florida-hurricane-michael_00000068_pre_disaster_0f5e2a38-27de-472f-94ca-422282396aa0.png,Lynn_Haven_Florida-hurricane-michael_00000068_pre_disaster_0f5e2a38-27de-472f-94ca-422282396aa0.png,holdout,transformer_explainability,Lynn Haven Florida,6,MetalSheetMaterials,0.9993947744369507,IDEA-Research/grounding-dino-base,facebook/sam-vit-huge,building . rooftop . roof,0.2,0.15,3,3,False,16775,80.0,0.05839908868074417,0.20004754546535125,224,224,179,94,0.9989995170994139,0.0010004829005860276,0.20051260654467426,0.9994058229352347,0.2005365126676602,3366,3364,16777,16775,0.751,success
AsphaltTiles__Lynn_Haven_Florida-hurricane-michael_00000090_pre_disaster_dceb38aa-400c-40a3-9262-5a37ce67daa3.png,/scratch/yd3288/RoofNet-xAI/RoofNet-Images/AsphaltTiles/Lynn_Haven_Florida-hurricane-michael_00000090_pre_disaster_dceb38aa-400c-40a3-9262-5a37ce67daa3.png,Lynn_Haven_Florida-hurricane-michael_00000090_pre_disaster_dceb38aa-400c-40a3-9262-5a37ce67daa3.png,holdout,transformer_explainability,Lynn Haven Florida,6,MetalSheetMaterials,0.8931183815002441,IDEA-Research/grounding-dino-base,facebook/sam-vit-huge,building . rooftop . roof,0.2,0.15,3,3,False,6555,80.0,0.045887091755867006,0.2,224,224,95,69,1.0,0.0,0.2,1.0,0.2,1311,1311,6555,6555,0.753,success
AsphaltTiles__Lynn_Haven_Florida-hurricane-michael_00000090_pre_disaster_300272c1-7a50-42cd-9bcd-476466f67c42.png,/scratch/yd3288/RoofNet-xAI/RoofNet-Images/AsphaltTiles/Lynn_Haven_Florida-hurricane-michael_00000090_pre_disaster_300272c1-7a50-42cd-9bcd-476466f67c42.png,Lynn_Haven_Florida-hurricane-michael_00000090_pre_disaster_300272c1-7a50-42cd-9bcd-476466f67c42.png,holdout,transformer_explainability,Lynn Haven Florida,3,AsphaltTiles,0.5319849848747253,IDEA-Research/grounding-dino-base,facebook/sam-vit-huge,building . rooftop . roof,0.2,0.15,2,2,False,5680,80.0,0.05330334678292274,0.2,224,224,80,71,1.0,0.0,0.2,1.0,0.2,1136,1136,5680,5680,0.728,success
AsphaltTiles__Lynn_Haven_Florida-hurricane-michael_00000099_pre_disaster_00e13cd8-4f4a-4ffa-8928-083e3518457b.png,/scratch/yd3288/RoofNet-xAI/RoofNet-Images/AsphaltTiles/Lynn_Haven_Florida-hurricane-michael_00000099_pre_disaster_00e13cd8-4f4a-4ffa-8928-083e3518457b.png,Lynn_Haven_Florida-hurricane-michael_00000099_pre_disaster_00e13cd8-4f4a-4ffa-8928-083e3518457b.png,holdout,transformer_explainability,Lynn Haven Florida,6,MetalSheetMaterials,0.6288492679595947,IDEA-Research/grounding-dino-base,facebook/sam-vit-huge,building . rooftop . roof,0.2,0.15,1,1,False,5530,80.0,0.014144276082515709,0.2,224,224,79,70,1.0,0.0,0.2,1.0,0.2,1106,1106,5530,5530,0.724,success
AsphaltTiles__Lynn_Haven_Florida-hurricane-michael_00000110_pre_disaster_d91907c9-8419-46a3-9b36-41a36cd3bf30.png,/scratch/yd3288/RoofNet-xAI/RoofNet-Images/AsphaltTiles/Lynn_Haven_Florida-hurricane-michael_00000110_pre_disaster_d91907c9-8419-46a3-9b36-41a36cd3bf30.png,Lynn_Haven_Florida-hurricane-michael_00000110_pre_disaster_d91907c9-8419-46a3-9b36-41a36cd3bf30.png,holdout,transformer_explainability,Lynn Haven Florida,10,AmorphousAsphalt,0.37408989667892456,IDEA-Research/grounding-dino-base,facebook/sam-vit-huge,building . rooftop . roof,0.2,0.15,1,1,False,5824,80.0,0.06699845343828202,0.2001028806584362,224,224,72,81,0.997464175401462,0.0025358245985380055,0.19975973914535783,0.9974293059125964,0.19986263736263737,1167,1164,5827,5824,0.724,success
AsphaltTiles__Lynn_Haven_Florida-hurricane-michael_00000133_pre_disaster_88464c4a-3c1b-4cd4-a932-f5979bb3eec0.png,/scratch/yd3288/RoofNet-xAI/RoofNet-Images/AsphaltTiles/Lynn_Haven_Florida-hurricane-michael_00000133_pre_disaster_88464c4a-3c1b-4cd4-a932-f5979bb3eec0.png,Lynn_Haven_Florida-hurricane-michael_00000133_pre_disaster_88464c4a-3c1b-4cd4-a932-f5979bb3eec0.png,holdout,transformer_explainability,Lynn Haven Florida,10,AmorphousAsphalt,0.4764423966407776,IDEA-Research/grounding-dino-base,facebook/sam-vit-huge,building . rooftop . roof,0.2,0.15,4,4,False,4352,80.0,0.06451043337583542,0.20013786764705882,224,224,68,64,1.0,0.0,0.20013786764705882,1.0,0.20013786764705882,871,871,4352,4352,0.711,success
AsphaltTiles__Lynn_Haven_Florida-hurricane-michael_00000152_pre_disaster_536fa5ba-eac3-4aac-8e4e-b40c1175d048.png,/scratch/yd3288/RoofNet-xAI/RoofNet-Images/AsphaltTiles/Lynn_Haven_Florida-hurricane-michael_00000152_pre_disaster_536fa5ba-eac3-4aac-8e4e-b40c1175d048.png,Lynn_Haven_Florida-hurricane-michael_00000152_pre_disaster_536fa5ba-eac3-4aac-8e4e-b40c1175d048.png,holdout,transformer_explainability,Lynn Haven Florida,14,GreenVegetative,0.4528053104877472,IDEA-Research/grounding-dino-base,facebook/sam-vit-huge,building . rooftop . roof,0.2,0.15,1,1,False,4785,80.0,0.09893504977226258,0.2,224,224,55,87,1.0,0.0,0.2,1.0,0.2,957,957,4785,4785,0.72,success
AsphaltTiles__Lynn_Haven_Florida-hurricane-michael_00000158_pre_disaster_8ad3ad35-f97c-46b5-bbb1-6acab56cb3c5.png,/scratch/yd3288/RoofNet-xAI/RoofNet-Images/AsphaltTiles/Lynn_Haven_Florida-hurricane-michael_00000158_pre_disaster_8ad3ad35-f97c-46b5-bbb1-6acab56cb3c5.png,Lynn_Haven_Florida-hurricane-michael_00000158_pre_disaster_8ad3ad35-f97c-46b5-bbb1-6acab56cb3c5.png,holdout,transformer_explainability,Lynn Haven Florida,3,AsphaltTiles,0.8862181901931763,IDEA-Research/grounding-dino-base,facebook/sam-vit-huge,building . rooftop . roof,0.2,0.15,2,2,False,6075,80.0,0.10644749402999874,0.2,224,224,81,75,1.0,0.0,0.2,1.0,0.2,1215,1215,6075,6075,0.726,success
AsphaltTiles__Lynn_Haven_Florida-hurricane-michael_00000158_pre_disaster_cc704f04-cdad-47ec-8421-77863de206f1.png,/scratch/yd3288/RoofNet-xAI/RoofNet-Images/AsphaltTiles/Lynn_Haven_Florida-hurricane-michael_00000158_pre_disaster_cc704f04-cdad-47ec-8421-77863de206f1.png,Lynn_Haven_Florida-hurricane-michael_00000158_pre_disaster_cc704f04-cdad-47ec-8421-77863de206f1.png,holdout,transformer_explainability,Lynn Haven Florida,6,MetalSheetMaterials,0.9367839694023132,IDEA-Research/grounding-dino-base,facebook/sam-vit-huge,building . rooftop . roof,0.2,0.15,5,5,False,4176,80.0,0.055838484317064285,0.20019157088122605,224,224,58,72,1.0,0.0,0.20019157088122605,1.0,0.20019157088122605,836,836,4176,4176,0.746,success
AsphaltTiles__Lynn_Haven_Florida-hurricane-michael_00000199_pre_disaster_61608df0-d138-4377-ac2a-8d2723bfbda8.png,/scratch/yd3288/RoofNet-xAI/RoofNet-Images/AsphaltTiles/Lynn_Haven_Florida-hurricane-michael_00000199_pre_disaster_61608df0-d138-4377-ac2a-8d2723bfbda8.png,Lynn_Haven_Florida-hurricane-michael_00000199_pre_disaster_61608df0-d138-4377-ac2a-8d2723bfbda8.png,holdout,transformer_explainability,Lynn Haven Florida,9,AmorphousConcrete,0.4477674961090088,IDEA-Research/grounding-dino-base,facebook/sam-vit-huge,building . rooftop . roof,0.2,0.15,2,2,False,5041,80.0,0.05947891250252724,0.20015869867089864,224,224,71,71,1.0,0.0,0.20015869867089864,1.0,0.20015869867089864,1009,1009,5041,5041,0.717,success
AsphaltTiles__Lynn_Haven_Florida-hurricane-michael_00000202_pre_disaster_073b80bd-2ca2-4d17-b4f5-7577f980b68f.png,/scratch/yd3288/RoofNet-xAI/RoofNet-Images/AsphaltTiles/Lynn_Haven_Florida-hurricane-michael_00000202_pre_disaster_073b80bd-2ca2-4d17-b4f5-7577f980b68f.png,Lynn_Haven_Florida-hurricane-michael_00000202_pre_disaster_073b80bd-2ca2-4d17-b4f5-7577f980b68f.png,holdout,transformer_explainability,Lynn Haven Florida,11,AmorphousMembrane,0.9996016621589661,IDEA-Research/grounding-dino-base,facebook/sam-vit-huge,building . rooftop . roof,0.2,0.15,6,6,False,7150,80.0,0.06663587391376496,0.20002795638803467,224,224,73,98,0.9994766768371695,0.0005233231628305142,0.1998042505592841,0.9986023759608665,0.19986013986013987,1431,1429,7152,7150,0.747,success
AsphaltTiles__Lynn_Haven_Florida-hurricane-michael_00000273_pre_disaster_3bc772fa-c4da-46d4-8314-666a41b65b5b.png,/scratch/yd3288/RoofNet-xAI/RoofNet-Images/AsphaltTiles/Lynn_Haven_Florida-hurricane-michael_00000273_pre_disaster_3bc772fa-c4da-46d4-8314-666a41b65b5b.png,Lynn_Haven_Florida-hurricane-michael_00000273_pre_disaster_3bc772fa-c4da-46d4-8314-666a41b65b5b.png,holdout,transformer_explainability,Lynn Haven Florida,6,MetalSheetMaterials,0.9968463778495789,IDEA-Research/grounding-dino-base,facebook/sam-vit-huge,building . rooftop . roof,0.2,0.15,10,10,False,3506,80.0,0.03809582814574244,0.20002216312056736,224,224,96,94,0.4761454345795025,0.5238545654204976,0.26784435426116016,0.621606648199446,0.3200228180262407,1805,1122,4189,3506,0.741,success
AsphaltTiles__Lynn_Haven_Florida-hurricane-michael_00000405_pre_disaster_9e8a921e-cf7a-4d79-b732-f3ffba36606c.png,/scratch/yd3288/RoofNet-xAI/RoofNet-Images/AsphaltTiles/Lynn_Haven_Florida-hurricane-michael_00000405_pre_disaster_9e8a921e-cf7a-4d79-b732-f3ffba36606c.png,Lynn_Haven_Florida-hurricane-michael_00000405_pre_disaster_9e8a921e-cf7a-4d79-b732-f3ffba36606c.png,holdout,transformer_explainability,Lynn Haven Florida,10,AmorphousAsphalt,0.6397057771682739,IDEA-Research/grounding-dino-base,facebook/sam-vit-huge,building . rooftop . roof,0.2,0.15,5,5,False,5920,80.0,0.052737595140933985,0.2,224,224,80,74,1.0,0.0,0.2,1.0,0.2,1184,1184,5920,5920,0.73,success
AsphaltTiles__Lynn_Haven_Florida-hurricane-michael_00000480_pre_disaster_ef0f6bc1-9319-42e5-b6ce-caa4ce3f31ac.png,/scratch/yd3288/RoofNet-xAI/RoofNet-Images/AsphaltTiles/Lynn_Haven_Florida-hurricane-michael_00000480_pre_disaster_ef0f6bc1-9319-42e5-b6ce-caa4ce3f31ac.png,Lynn_Haven_Florida-hurricane-michael_00000480_pre_disaster_ef0f6bc1-9319-42e5-b6ce-caa4ce3f31ac.png,holdout,transformer_explainability,Lynn Haven Florida,6,MetalSheetMaterials,0.9831997156143188,IDEA-Research/grounding-dino-base,facebook/sam-vit-huge,building . rooftop . roof,0.2,0.15,3,3,False,5530,80.0,0.0383271150290966,0.2,224,224,79,70,1.0,0.0,0.2,1.0,0.2,1106,1106,5530,5530,0.736,success
AsphaltTiles__Lynn_Haven_Florida-hurricane-michael_00000480_pre_disaster_79a58af8-4ecb-4de5-89ee-2b164d1551a1.png,/scratch/yd3288/RoofNet-xAI/RoofNet-Images/AsphaltTiles/Lynn_Haven_Florida-hurricane-michael_00000480_pre_disaster_79a58af8-4ecb-4de5-89ee-2b164d1551a1.png,Lynn_Haven_Florida-hurricane-michael_00000480_pre_disaster_79a58af8-4ecb-4de5-89ee-2b164d1551a1.png,holdout,transformer_explainability,Lynn Haven Florida,11,AmorphousMembrane,0.8963966369628906,IDEA-Research/grounding-dino-base,facebook/sam-vit-huge,building . rooftop . roof,0.2,0.15,5,5,False,4958,80.0,0.03703785464167596,0.200080677692618,224,224,67,74,1.0,0.0,0.200080677692618,1.0,0.200080677692618,992,992,4958,4958,0.734,success
AsphaltTiles__Lynn_Haven_Florida-hurricane-michael_00000512_pre_disaster_5f018578-0d65-4311-be68-3d6e3ae232c7.png,/scratch/yd3288/RoofNet-xAI/RoofNet-Images/AsphaltTiles/Lynn_Haven_Florida-hurricane-michael_00000512_pre_disaster_5f018578-0d65-4311-be68-3d6e3ae232c7.png,Lynn_Haven_Florida-hurricane-michael_00000512_pre_disaster_5f018578-0d65-4311-be68-3d6e3ae232c7.png,holdout,transformer_explainability,Lynn Haven Florida,6,MetalSheetMaterials,0.9985975623130798,IDEA-Research/grounding-dino-base,facebook/sam-vit-huge,building . rooftop . roof,0.2,0.15,2,2,False,3960,80.0,0.03684877604246141,0.2,224,224,66,60,1.0,0.0,0.2,1.0,0.2,792,792,3960,3960,0.71,success
AsphaltTiles__Lynn_Haven_Florida-hurricane-michael_00000523_pre_disaster_3e8723f6-b1a0-4447-a58f-b392a6c87306.png,/scratch/yd3288/RoofNet-xAI/RoofNet-Images/AsphaltTiles/Lynn_Haven_Florida-hurricane-michael_00000523_pre_disaster_3e8723f6-b1a0-4447-a58f-b392a6c87306.png,Lynn_Haven_Florida-hurricane-michael_00000523_pre_disaster_3e8723f6-b1a0-4447-a58f-b392a6c87306.png,holdout,transformer_explainability,Lynn Haven Florida,6,MetalSheetMaterials,0.9742283821105957,IDEA-Research/grounding-dino-base,facebook/sam-vit-huge,building . rooftop . roof,0.2,0.15,0,1,True,2896,80.0,0.05846224501729011,0.20013802622498275,224,224,63,46,0.9963273483641181,0.0036726516358819047,0.19944789510006902,0.996551724137931,0.19958563535911603,580,578,2898,2896,0.751,success
AsphaltTiles__Lynn_Haven_Florida-hurricane-michael_00000527_pre_disaster_58d0ee0f-e584-429d-87b7-f525bcd92ea9.png,/scratch/yd3288/RoofNet-xAI/RoofNet-Images/AsphaltTiles/Lynn_Haven_Florida-hurricane-michael_00000527_pre_disaster_58d0ee0f-e584-429d-87b7-f525bcd92ea9.png,Lynn_Haven_Florida-hurricane-michael_00000527_pre_disaster_58d0ee0f-e584-429d-87b7-f525bcd92ea9.png,holdout,transformer_explainability,Lynn Haven Florida,6,MetalSheetMaterials,0.7602311372756958,IDEA-Research/grounding-dino-base,facebook/sam-vit-huge,building . rooftop . roof,0.2,0.15,2,2,False,3954,80.0,0.03336353898048399,0.2,224,224,78,75,0.8121680610441618,0.18783193895583813,0.2455031599416626,0.8632478632478633,0.25543753161355587,1170,1010,4114,3954,0.728,success
AsphaltTiles__Lynn_Haven_Florida-hurricane-michael_00000536_pre_disaster_188da19c-c18b-4d16-8a2f-2703f976490a.png,/scratch/yd3288/RoofNet-xAI/RoofNet-Images/AsphaltTiles/Lynn_Haven_Florida-hurricane-michael_00000536_pre_disaster_188da19c-c18b-4d16-8a2f-2703f976490a.png,Lynn_Haven_Florida-hurricane-michael_00000536_pre_disaster_188da19c-c18b-4d16-8a2f-2703f976490a.png,holdout,transformer_explainability,Lynn Haven Florida,6,MetalSheetMaterials,0.9999127388000488,IDEA-Research/grounding-dino-base,facebook/sam-vit-huge,building . rooftop . roof,0.2,0.15,1,1,False,5680,80.0,0.038744755834341046,0.2,224,224,71,80,1.0,0.0,0.2,1.0,0.2,1136,1136,5680,5680,0.73,success
AsphaltTiles__Lynn_Haven_Florida-hurricane-michael_00000540_pre_disaster_d6fe167a-b775-4ec0-af32-a2e64374c622.png,/scratch/yd3288/RoofNet-xAI/RoofNet-Images/AsphaltTiles/Lynn_Haven_Florida-hurricane-michael_00000540_pre_disaster_d6fe167a-b775-4ec0-af32-a2e64374c622.png,Lynn_Haven_Florida-hurricane-michael_00000540_pre_disaster_d6fe167a-b775-4ec0-af32-a2e64374c622.png,holdout,transformer_explainability,Lynn Haven Florida,6,MetalSheetMaterials,0.9577028155326843,IDEA-Research/grounding-dino-base,facebook/sam-vit-huge,building . rooftop . roof,0.2,0.15,3,3,False,4356,80.0,0.04580916836857796,0.20018365472910926,224,224,66,66,1.0,0.0,0.20018365472910926,1.0,0.20018365472910926,872,872,4356,4356,0.716,success
AsphaltTiles__Lynn_Haven_Florida-hurricane-michael_00000543_pre_disaster_b30da212-ec1f-4b8b-9766-58222935b632.png,/scratch/yd3288/RoofNet-xAI/RoofNet-Images/AsphaltTiles/Lynn_Haven_Florida-hurricane-michael_00000543_pre_disaster_b30da212-ec1f-4b8b-9766-58222935b632.png,Lynn_Haven_Florida-hurricane-michael_00000543_pre_disaster_b30da212-ec1f-4b8b-9766-58222935b632.png,holdout,transformer_explainability,Lynn Haven Florida,6,MetalSheetMaterials,0.8479595184326172,IDEA-Research/grounding-dino-base,facebook/sam-vit-huge,building . rooftop . roof,0.2,0.15,4,4,False,3840,80.0,0.075542426109314,0.2,224,224,64,60,1.0,0.0,0.2,1.0,0.2,768,768,3840,3840,0.732,success
AsphaltTiles__Lynn_Haven_Florida-hurricane-michael_00000546_pre_disaster_977905db-3baf-4713-9405-5ab62f8cae00.png,/scratch/yd3288/RoofNet-xAI/RoofNet-Images/AsphaltTiles/Lynn_Haven_Florida-hurricane-michael_00000546_pre_disaster_977905db-3baf-4713-9405-5ab62f8cae00.png,Lynn_Haven_Florida-hurricane-michael_00000546_pre_disaster_977905db-3baf-4713-9405-5ab62f8cae00.png,holdout,transformer_explainability,Lynn Haven Florida,3,AsphaltTiles,0.5363985896110535,IDEA-Research/grounding-dino-base,facebook/sam-vit-huge,building . rooftop . roof,0.2,0.15,2,2,False,6717,80.0,0.03978188410401345,0.2000293944738389,224,224,84,81,0.9840596995919563,0.01594030040804368,0.1939107301211942,0.9639970609845702,0.19532529403007295,1361,1312,6766,6717,0.726,success
AsphaltTiles__Little_Rock_Arkansas-midwest-flooding_00000013_pre_disaster_d7fb0619-5837-440f-9a16-2547b28060dc.png,/scratch/yd3288/RoofNet-xAI/RoofNet-Images/AsphaltTiles/Little_Rock_Arkansas-midwest-flooding_00000013_pre_disaster_d7fb0619-5837-440f-9a16-2547b28060dc.png,Little_Rock_Arkansas-midwest-flooding_00000013_pre_disaster_d7fb0619-5837-440f-9a16-2547b28060dc.png,holdout,transformer_explainability,Little Rock Arkansas,10,AmorphousAsphalt,0.6748852729797363,IDEA-Research/grounding-dino-base,facebook/sam-vit-huge,building . rooftop . roof,0.2,0.15,6,6,False,11506,80.0,0.04896548166871073,0.200051449151089,224,224,119,98,0.9938261602905388,0.006173839709461216,0.2014063720809098,0.9944277753964852,0.20163393012341388,2333,2320,11519,11506,0.714,success
AsphaltTiles__Little_Rock_Arkansas-midwest-flooding_00000018_pre_disaster_faa09ed2-85a8-4f06-9681-d8b3b9b18f4b.png,/scratch/yd3288/RoofNet-xAI/RoofNet-Images/AsphaltTiles/Little_Rock_Arkansas-midwest-flooding_00000018_pre_disaster_faa09ed2-85a8-4f06-9681-d8b3b9b18f4b.png,Little_Rock_Arkansas-midwest-flooding_00000018_pre_disaster_faa09ed2-85a8-4f06-9681-d8b3b9b18f4b.png,holdout,transformer_explainability,Little Rock Arkansas,10,AmorphousAsphalt,0.726215124130249,IDEA-Research/grounding-dino-base,facebook/sam-vit-huge,building . rooftop . roof,0.2,0.15,2,2,False,622,80.0,0.07598071694374085,0.20006184291898577,224,224,66,49,0.2300030454381293,0.7699969545618707,0.17391304347826086,0.29057187017001546,0.3022508038585209,647,188,1081,622,0.741,success
AsphaltTiles__Little_Rock_Arkansas-midwest-flooding_00000020_pre_disaster_8994767d-f1fb-450e-a167-35041578a2b0.png,/scratch/yd3288/RoofNet-xAI/RoofNet-Images/AsphaltTiles/Little_Rock_Arkansas-midwest-flooding_00000020_pre_disaster_8994767d-f1fb-450e-a167-35041578a2b0.png,Little_Rock_Arkansas-midwest-flooding_00000020_pre_disaster_8994767d-f1fb-450e-a167-35041578a2b0.png,holdout,transformer_explainability,Little Rock Arkansas,10,AmorphousAsphalt,0.9663076996803284,IDEA-Research/grounding-dino-base,facebook/sam-vit-huge,building . rooftop . roof,0.2,0.15,7,7,False,7937,80.0,0.039934678375721,0.200050390526581,224,224,98,81,0.9999260917943155,7.390820568457392e-05,0.20007559531309058,1.0,0.20007559531309058,1588,1588,7937,7937,0.735,success
AsphaltTiles__Little_Rock_Arkansas-midwest-flooding_00000024_pre_disaster_99414c02-5c83-44fc-ac0f-171e12fa30ab.png,/scratch/yd3288/RoofNet-xAI/RoofNet-Images/AsphaltTiles/Little_Rock_Arkansas-midwest-flooding_00000024_pre_disaster_99414c02-5c83-44fc-ac0f-171e12fa30ab.png,Little_Rock_Arkansas-midwest-flooding_00000024_pre_disaster_99414c02-5c83-44fc-ac0f-171e12fa30ab.png,holdout,transformer_explainability,Little Rock Arkansas,10,AmorphousAsphalt,0.6982710957527161,IDEA-Research/grounding-dino-base,facebook/sam-vit-huge,building . rooftop . roof,0.2,0.15,2,2,False,4104,80.0,0.061173602938652046,0.20004873294346978,224,224,57,72,1.0,0.0,0.20004873294346978,1.0,0.20004873294346978,821,821,4104,4104,0.742,success
AsphaltTiles__Little_Rock_Arkansas-midwest-flooding_00000031_pre_disaster_84b4e340-c9f1-4dce-b306-804cd6380042.png,/scratch/yd3288/RoofNet-xAI/RoofNet-Images/AsphaltTiles/Little_Rock_Arkansas-midwest-flooding_00000031_pre_disaster_84b4e340-c9f1-4dce-b306-804cd6380042.png,Little_Rock_Arkansas-midwest-flooding_00000031_pre_disaster_84b4e340-c9f1-4dce-b306-804cd6380042.png,holdout,transformer_explainability,Little Rock Arkansas,10,AmorphousAsphalt,0.48497670888900757,IDEA-Research/grounding-dino-base,facebook/sam-vit-huge,building . rooftop . roof,0.2,0.15,1,1,False,4620,80.0,0.049187262356281326,0.2,224,224,77,60,1.0,0.0,0.2,1.0,0.2,924,924,4620,4620,0.7,success
AsphaltTiles__Little_Rock_Arkansas-midwest-flooding_00000031_pre_disaster_a45156b8-84fd-4546-93c9-542e8ee78162.png,/scratch/yd3288/RoofNet-xAI/RoofNet-Images/AsphaltTiles/Little_Rock_Arkansas-midwest-flooding_00000031_pre_disaster_a45156b8-84fd-4546-93c9-542e8ee78162.png,Little_Rock_Arkansas-midwest-flooding_00000031_pre_disaster_a45156b8-84fd-4546-93c9-542e8ee78162.png,holdout,transformer_explainability,Little Rock Arkansas,10,AmorphousAsphalt,0.9424418210983276,IDEA-Research/grounding-dino-base,facebook/sam-vit-huge,building . rooftop . roof,0.2,0.15,1,1,False,7392,80.0,0.032103553414344795,0.20008116883116883,224,224,96,77,1.0,0.0,0.20008116883116883,1.0,0.20008116883116883,1479,1479,7392,7392,0.75,success
AsphaltTiles__Little_Rock_Arkansas-midwest-flooding_00000033_pre_disaster_49efe532-ef4f-4744-a332-10ff68fd5203.png,/scratch/yd3288/RoofNet-xAI/RoofNet-Images/AsphaltTiles/Little_Rock_Arkansas-midwest-flooding_00000033_pre_disaster_49efe532-ef4f-4744-a332-10ff68fd5203.png,Little_Rock_Arkansas-midwest-flooding_00000033_pre_disaster_49efe532-ef4f-4744-a332-10ff68fd5203.png,holdout,transformer_explainability,Little Rock Arkansas,6,MetalSheetMaterials,0.5189579725265503,IDEA-Research/grounding-dino-base,facebook/sam-vit-huge,building . rooftop . roof,0.2,0.15,6,6,False,7254,80.0,0.04124158322811127,0.2,224,224,110,66,0.9998166074086339,0.00018339259136617952,0.2001654259718776,1.0,0.2001654259718776,1452,1452,7254,7254,1.551,success
AsphaltTiles__Little_Rock_Arkansas-midwest-flooding_00000033_pre_disaster_699bb69c-e086-410b-8159-906f003a72c9.png,/scratch/yd3288/RoofNet-xAI/RoofNet-Images/AsphaltTiles/Little_Rock_Arkansas-midwest-flooding_00000033_pre_disaster_699bb69c-e086-410b-8159-906f003a72c9.png,Little_Rock_Arkansas-midwest-flooding_00000033_pre_disaster_699bb69c-e086-410b-8159-906f003a72c9.png,holdout,transformer_explainability,Little Rock Arkansas,6,MetalSheetMaterials,0.34704867005348206,IDEA-Research/grounding-dino-base,facebook/sam-vit-huge,building . rooftop . roof,0.2,0.15,3,3,False,2968,80.0,0.053875442594289794,0.20019157088122605,224,224,87,36,0.9426151914975843,0.05738480850241569,0.1915810407689758,0.9218500797448166,0.19474393530997305,627,578,3017,2968,0.705,success
AsphaltTiles__Little_Rock_Arkansas-midwest-flooding_00000036_pre_disaster_a3012800-698d-4213-9a2e-f26f0f4c5bba.png,/scratch/yd3288/RoofNet-xAI/RoofNet-Images/AsphaltTiles/Little_Rock_Arkansas-midwest-flooding_00000036_pre_disaster_a3012800-698d-4213-9a2e-f26f0f4c5bba.png,Little_Rock_Arkansas-midwest-flooding_00000036_pre_disaster_a3012800-698d-4213-9a2e-f26f0f4c5bba.png,holdout,transformer_explainability,Little Rock Arkansas,6,MetalSheetMaterials,0.47333282232284546,IDEA-Research/grounding-dino-base,facebook/sam-vit-huge,building . rooftop . roof,0.2,0.15,2,2,False,5328,80.0,0.044341392815113075,0.200037530493526,224,224,73,73,0.9998959399637718,0.00010406003622822596,0.20007507507507508,1.0,0.20007507507507508,1066,1066,5328,5328,0.673,success
AsphaltTiles__Little_Rock_Arkansas-midwest-flooding_00000047_pre_disaster_75f0be32-16ed-4fac-a9b2-7e6293a589b1.png,/scratch/yd3288/RoofNet-xAI/RoofNet-Images/AsphaltTiles/Little_Rock_Arkansas-midwest-flooding_00000047_pre_disaster_75f0be32-16ed-4fac-a9b2-7e6293a589b1.png,Little_Rock_Arkansas-midwest-flooding_00000047_pre_disaster_75f0be32-16ed-4fac-a9b2-7e6293a589b1.png,holdout,transformer_explainability,Little Rock Arkansas,3,AsphaltTiles,0.7219355702400208,IDEA-Research/grounding-dino-base,facebook/sam-vit-huge,building . rooftop . roof,0.2,0.15,1,1,False,4408,80.0,0.08436241447925583,0.20009074410163338,224,224,58,76,1.0,0.0,0.20009074410163338,1.0,0.20009074410163338,882,882,4408,4408,0.75,success
AsphaltTiles__Little_Rock_Arkansas-midwest-flooding_00000049_pre_disaster_2a19c1a7-3f07-44df-8828-8186af4e1f71.png,/scratch/yd3288/RoofNet-xAI/RoofNet-Images/AsphaltTiles/Little_Rock_Arkansas-midwest-flooding_00000049_pre_disaster_2a19c1a7-3f07-44df-8828-8186af4e1f71.png,Little_Rock_Arkansas-midwest-flooding_00000049_pre_disaster_2a19c1a7-3f07-44df-8828-8186af4e1f71.png,holdout,transformer_explainability,Little Rock Arkansas,6,MetalSheetMaterials,0.9320124387741089,IDEA-Research/grounding-dino-base,facebook/sam-vit-huge,building . rooftop . roof,0.2,0.15,3,3,False,1401,80.0,0.06221618577837945,0.2,224,224,65,58,0.40486789623089825,0.5951321037691018,0.2300228310502283,0.5344827586206896,0.28765167737330477,754,403,1752,1401,0.741,success
AsphaltTiles__Little_Rock_Arkansas-midwest-flooding_00000054_pre_disaster_093c29f2-4037-4a9d-be1f-b71e358ce6f7.png,/scratch/yd3288/RoofNet-xAI/RoofNet-Images/AsphaltTiles/Little_Rock_Arkansas-midwest-flooding_00000054_pre_disaster_093c29f2-4037-4a9d-be1f-b71e358ce6f7.png,Little_Rock_Arkansas-midwest-flooding_00000054_pre_disaster_093c29f2-4037-4a9d-be1f-b71e358ce6f7.png,holdout,transformer_explainability,Little Rock Arkansas,6,MetalSheetMaterials,0.5818505883216858,IDEA-Research/grounding-dino-base,facebook/sam-vit-huge,building . rooftop . roof,0.2,0.15,2,2,False,7839,80.0,0.04859370365738869,0.20010055304172952,224,224,39,204,0.9878001547490488,0.012199845250951193,0.20002544853034737,0.9874371859296482,0.20053578262533486,1592,1572,7859,7839,0.648,success
AsphaltTiles__Little_Rock_Arkansas-midwest-flooding_00000054_pre_disaster_022b2e96-f632-410b-9bab-acdff79d1f70.png,/scratch/yd3288/RoofNet-xAI/RoofNet-Images/AsphaltTiles/Little_Rock_Arkansas-midwest-flooding_00000054_pre_disaster_022b2e96-f632-410b-9bab-acdff79d1f70.png,Little_Rock_Arkansas-midwest-flooding_00000054_pre_disaster_022b2e96-f632-410b-9bab-acdff79d1f70.png,holdout,transformer_explainability,Little Rock Arkansas,6,MetalSheetMaterials,0.9989174604415894,IDEA-Research/grounding-dino-base,facebook/sam-vit-huge,building . rooftop . roof,0.2,0.15,3,3,False,3780,80.0,0.0653444603085518,0.2,224,224,54,70,1.0,0.0,0.2,1.0,0.2,756,756,3780,3780,0.727,success
AsphaltTiles__Little_Rock_Arkansas-midwest-flooding_00000059_pre_disaster_93fbfdde-d04d-40be-b3a4-67d4b6f3a021.png,/scratch/yd3288/RoofNet-xAI/RoofNet-Images/AsphaltTiles/Little_Rock_Arkansas-midwest-flooding_00000059_pre_disaster_93fbfdde-d04d-40be-b3a4-67d4b6f3a021.png,Little_Rock_Arkansas-midwest-flooding_00000059_pre_disaster_93fbfdde-d04d-40be-b3a4-67d4b6f3a021.png,holdout,transformer_explainability,Little Rock Arkansas,6,MetalSheetMaterials,0.3336004614830017,IDEA-Research/grounding-dino-base,facebook/sam-vit-huge,building . rooftop . roof,0.2,0.15,4,4,False,11808,80.0,0.028377875685691837,0.2,224,224,108,110,0.9960378838285341,0.003962116171465913,0.19898562975486053,0.9907407407407407,0.19935636856368563,2376,2354,11830,11808,0.738,success
AsphaltTiles__Little_Rock_Arkansas-midwest-flooding_00000062_pre_disaster_f342618a-4f9f-452e-b165-907ac4a8a964.png,/scratch/yd3288/RoofNet-xAI/RoofNet-Images/AsphaltTiles/Little_Rock_Arkansas-midwest-flooding_00000062_pre_disaster_f342618a-4f9f-452e-b165-907ac4a8a964.png,Little_Rock_Arkansas-midwest-flooding_00000062_pre_disaster_f342618a-4f9f-452e-b165-907ac4a8a964.png,holdout,transformer_explainability,Little Rock Arkansas,6,MetalSheetMaterials,0.5549826622009277,IDEA-Research/grounding-dino-base,facebook/sam-vit-huge,building . rooftop . roof,0.2,0.15,0,1,True,3819,80.0,0.027205198630690576,0.2000523697302959,224,224,67,57,1.0,0.0,0.2000523697302959,1.0,0.2000523697302959,764,764,3819,3819,0.733,success
AsphaltTiles__Little_Rock_Arkansas-midwest-flooding_00000066_pre_disaster_443023da-d2b5-446c-8507-b99dc239b2cd.png,/scratch/yd3288/RoofNet-xAI/RoofNet-Images/AsphaltTiles/Little_Rock_Arkansas-midwest-flooding_00000066_pre_disaster_443023da-d2b5-446c-8507-b99dc239b2cd.png,Little_Rock_Arkansas-midwest-flooding_00000066_pre_disaster_443023da-d2b5-446c-8507-b99dc239b2cd.png,holdout,transformer_explainability,Little Rock Arkansas,3,AsphaltTiles,0.45939314365386963,IDEA-Research/grounding-dino-base,facebook/sam-vit-huge,building . rooftop . roof,0.2,0.15,3,3,False,1284,80.0,0.03852429389953614,0.2,224,224,64,80,0.3288523690572827,0.6711476309427172,0.2843628269337785,0.4990234375,0.39797507788161995,1024,511,1797,1284,0.749,success
ClayTiles__Bucharest_Romania_heightNA_numstoriesNA_roofshapeNA_fpArea943_imsat_44.3830653626.07997481.jpg,/scratch/yd3288/RoofNet-xAI/RoofNet-Images/ClayTiles/Bucharest_Romania_heightNA_numstoriesNA_roofshapeNA_fpArea943_imsat_44.3830653626.07997481.jpg,Bucharest_Romania_heightNA_numstoriesNA_roofshapeNA_fpArea943_imsat_44.3830653626.07997481.jpg,holdout,transformer_explainability,Bucharest Romania,2,ClayTiles,0.9891740083694458,IDEA-Research/grounding-dino-base,facebook/sam-vit-huge,building . rooftop . roof,0.2,0.15,5,5,False,245046,80.0,0.05885670706629753,0.20000265660698158,224,224,472,638,0.7076966272029683,0.2923033727970317,0.16053465933715017,0.7011356843992828,0.17232682843221273,60228,42228,263046,245046,0.767,success
ClayTiles__Dubrovnik_Croatia_heightNA_numstoriesNA_roofshapeNA_fpArea999_imsat_42.6967503518.0397801.jpg,/scratch/yd3288/RoofNet-xAI/RoofNet-Images/ClayTiles/Dubrovnik_Croatia_heightNA_numstoriesNA_roofshapeNA_fpArea999_imsat_42.6967503518.0397801.jpg,Dubrovnik_Croatia_heightNA_numstoriesNA_roofshapeNA_fpArea999_imsat_42.6967503518.0397801.jpg,holdout,transformer_explainability,Dubrovnik Croatia,9,AmorphousConcrete,0.75486159324646,IDEA-Research/grounding-dino-base,facebook/sam-vit-huge,building . rooftop . roof,0.2,0.15,1,1,False,295824,80.0,0.12866114675998688,0.20000056687092915,224,224,638,553,0.8074967464562383,0.19250325354376177,0.18958749330346272,0.827515836911696,0.19738763589161124,70563,58392,307995,295824,0.697,success
ClayTiles__Tirana_Albania_heightNA_numstoriesNA_roofshapeNA_fpArea1580_imsat_41.2476958319.52765352.jpg,/scratch/yd3288/RoofNet-xAI/RoofNet-Images/ClayTiles/Tirana_Albania_heightNA_numstoriesNA_roofshapeNA_fpArea1580_imsat_41.2476958319.52765352.jpg,Tirana_Albania_heightNA_numstoriesNA_roofshapeNA_fpArea1580_imsat_41.2476958319.52765352.jpg,holdout,transformer_explainability,Tirana Albania,2,ClayTiles,0.9999817609786987,IDEA-Research/grounding-dino-base,facebook/sam-vit-huge,building . rooftop . roof,0.2,0.15,5,5,False,244309,80.0,0.060164954513311386,0.20000274380414726,224,224,457,638,0.6487004720236301,0.35129952797636993,0.15389572259801268,0.6921322495455636,0.16520472025181226,58314,40361,262262,244309,0.711,success
ClayTiles__Kyoto_Japan_heightNA_numstoriesNA_roofshapeNA_fpArea587_imsat_35.07979526135.79219483.jpg,/scratch/yd3288/RoofNet-xAI/RoofNet-Images/ClayTiles/Kyoto_Japan_heightNA_numstoriesNA_roofshapeNA_fpArea587_imsat_35.07979526135.79219483.jpg,Kyoto_Japan_heightNA_numstoriesNA_roofshapeNA_fpArea587_imsat_35.07979526135.79219483.jpg,holdout,transformer_explainability,Kyoto Japan,6,MetalSheetMaterials,0.9964894652366638,IDEA-Research/grounding-dino-base,facebook/sam-vit-huge,building . rooftop . roof,0.2,0.15,4,4,False,267819,80.0,0.06795038878917695,0.20000061708587366,224,224,508,638,0.6908214678659151,0.3091785321340849,0.15816484629873995,0.7008068372903843,0.16961828697739892,64821,45427,287213,267819,0.703,success
ClayTiles__Windhoek_Namibia_heightNA_numstoriesNA_roofshapeNA_fpArea3196_imsat_-22.5556520617.07283577.jpg,/scratch/yd3288/RoofNet-xAI/RoofNet-Images/ClayTiles/Windhoek_Namibia_heightNA_numstoriesNA_roofshapeNA_fpArea3196_imsat_-22.5556520617.07283577.jpg,Windhoek_Namibia_heightNA_numstoriesNA_roofshapeNA_fpArea3196_imsat_-22.5556520617.07283577.jpg,holdout,transformer_explainability,Windhoek Namibia Heightna Numstoriesna Roofshapena Fparea3196 Imsat ,2,ClayTiles,0.4285084307193756,IDEA-Research/grounding-dino-base,facebook/sam-vit-huge,building . rooftop . roof,0.2,0.15,3,3,False,233167,80.0,0.09724552184343338,0.20003208846543086,224,224,638,635,0.5417137264759135,0.4582862735240864,0.17781168117973842,0.5853354557682103,0.20343787928823548,81039,47435,266771,233167,0.699,success
ClayTiles__Sarajevo_Bosnia_and_Herzegovina_heightNA_numstoriesNA_roofshapeNA_fpArea1074_imsat_43.850576518.4246442.jpg,/scratch/yd3288/RoofNet-xAI/RoofNet-Images/ClayTiles/Sarajevo_Bosnia_and_Herzegovina_heightNA_numstoriesNA_roofshapeNA_fpArea1074_imsat_43.850576518.4246442.jpg,Sarajevo_Bosnia_and_Herzegovina_heightNA_numstoriesNA_roofshapeNA_fpArea1074_imsat_43.850576518.4246442.jpg,holdout,transformer_explainability,Sarajevo Bosnia And Herzegovina,2,ClayTiles,0.9999991655349731,IDEA-Research/grounding-dino-base,facebook/sam-vit-huge,building . rooftop . roof,0.2,0.15,1,1,False,403984,80.0,0.041691160202026366,0.20000049134737277,224,224,638,638,0.99841508846451,0.0015849115354899667,0.20151540655075448,1.0,0.20151540655075448,81409,81409,403984,403984,0.696,success
ClayTiles__Lisbon_Portugal_heightNA_numstoriesNA_roofshapeNA_fpArea2454_imsat_38.72989049-9.11378497.jpg,/scratch/yd3288/RoofNet-xAI/RoofNet-Images/ClayTiles/Lisbon_Portugal_heightNA_numstoriesNA_roofshapeNA_fpArea2454_imsat_38.72989049-9.11378497.jpg,Lisbon_Portugal_heightNA_numstoriesNA_roofshapeNA_fpArea2454_imsat_38.72989049-9.11378497.jpg,holdout,transformer_explainability,Lisbon Portugal Heightna Numstoriesna Roofshapena Fparea2454 Imsat 38.72989049,10,AmorphousAsphalt,0.7045880556106567,IDEA-Research/grounding-dino-base,facebook/sam-vit-huge,building . rooftop . roof,0.2,0.15,7,7,False,200642,80.0,0.1095647320151329,0.2,224,224,580,512,0.5285065916367336,0.4714934083632663,0.1367059944658399,0.5265523976293104,0.15586467439519144,59392,31273,228761,200642,0.701,success
ClayTiles__Dubrovnik_Croatia_heightNA_numstoriesNA_roofshapeNA_fpArea1662_imsat_42.6416954618.1044556.jpg,/scratch/yd3288/RoofNet-xAI/RoofNet-Images/ClayTiles/Dubrovnik_Croatia_heightNA_numstoriesNA_roofshapeNA_fpArea1662_imsat_42.6416954618.1044556.jpg,Dubrovnik_Croatia_heightNA_numstoriesNA_roofshapeNA_fpArea1662_imsat_42.6416954618.1044556.jpg,holdout,transformer_explainability,Dubrovnik Croatia,2,ClayTiles,0.9999971389770508,IDEA-Research/grounding-dino-base,facebook/sam-vit-huge,building . rooftop . roof,0.2,0.15,2,2,False,243969,80.0,0.04934303089976311,0.20000268505031113,224,224,467,638,0.41975693544076037,0.5802430645592397,0.11785457826223049,0.5370699781842591,0.13118060081403785,59590,32004,271555,243969,0.714,success
ClayTiles__Sydney_Australia_heightNA_numstoriesNA_roofshapeNA_fpArea1651_imsat_-33.89172126151.09769872.jpg,/scratch/yd3288/RoofNet-xAI/RoofNet-Images/ClayTiles/Sydney_Australia_heightNA_numstoriesNA_roofshapeNA_fpArea1651_imsat_-33.89172126151.09769872.jpg,Sydney_Australia_heightNA_numstoriesNA_roofshapeNA_fpArea1651_imsat_-33.89172126151.09769872.jpg,holdout,transformer_explainability,Sydney Australia Heightna Numstoriesna Roofshapena Fparea1651 Imsat ,10,AmorphousAsphalt,0.5771222114562988,IDEA-Research/grounding-dino-base,facebook/sam-vit-huge,building . rooftop . roof,0.2,0.15,3,3,False,247871,80.0,0.07703037708997726,0.20000139015354246,224,224,451,638,0.7612483488285026,0.2387516511714975,0.1762673742831724,0.7953013136859665,0.18464443198276523,57548,45768,259651,247871,0.713,success
ClayTiles__Gaborone_Botswana_heightNA_numstoriesNA_roofshapeNA_fpArea1666_imsat_-24.6767286725.86600852.jpg,/scratch/yd3288/RoofNet-xAI/RoofNet-Images/ClayTiles/Gaborone_Botswana_heightNA_numstoriesNA_roofshapeNA_fpArea1666_imsat_-24.6767286725.86600852.jpg,Gaborone_Botswana_heightNA_numstoriesNA_roofshapeNA_fpArea1666_imsat_-24.6767286725.86600852.jpg,holdout,transformer_explainability,Gaborone Botswana Heightna Numstoriesna Roofshapena Fparea1666 Imsat ,2,ClayTiles,0.9991497993469238,IDEA-Research/grounding-dino-base,facebook/sam-vit-huge,building . rooftop . roof,0.2,0.15,1,1,False,367630,80.0,0.039881744980812074,0.20000049134737277,224,224,638,638,0.7423030812097564,0.2576969187902436,0.1765943565059493,0.8278691545160854,0.18332562630906074,81409,67396,381643,367630,0.686,success
ClayTiles__Budapest_Hungary_heightNA_numstoriesNA_roofshapeNA_fpArea2638_imsat_47.5676078719.09387689.jpg,/scratch/yd3288/RoofNet-xAI/RoofNet-Images/ClayTiles/Budapest_Hungary_heightNA_numstoriesNA_roofshapeNA_fpArea2638_imsat_47.5676078719.09387689.jpg,Budapest_Hungary_heightNA_numstoriesNA_roofshapeNA_fpArea2638_imsat_47.5676078719.09387689.jpg,holdout,transformer_explainability,Budapest Hungary,2,ClayTiles,0.9993590712547302,IDEA-Research/grounding-dino-base,facebook/sam-vit-huge,building . rooftop . roof,0.2,0.15,7,7,False,334672,80.0,0.07099756598472595,0.20000208292108854,224,224,602,638,0.6983278081972829,0.3016721918027171,0.16712000839556737,0.767040720683191,0.17605595926758139,76816,58921,352567,334672,0.705,success
ClayTiles__Tirana_Albania_heightNA_numstoriesNA_roofshapeNA_fpArea2154_imsat_41.3506195519.8471191.jpg,/scratch/yd3288/RoofNet-xAI/RoofNet-Images/ClayTiles/Tirana_Albania_heightNA_numstoriesNA_roofshapeNA_fpArea2154_imsat_41.3506195519.8471191.jpg,Tirana_Albania_heightNA_numstoriesNA_roofshapeNA_fpArea2154_imsat_41.3506195519.8471191.jpg,holdout,transformer_explainability,Tirana Albania,2,ClayTiles,0.9999982118606567,IDEA-Research/grounding-dino-base,facebook/sam-vit-huge,building . rooftop . roof,0.2,0.15,4,4,False,357973,80.0,0.07313959002494815,0.20000049134737277,224,224,638,638,0.8610455305646487,0.1389544694353513,0.20074988453855047,0.9023449495755997,0.2052082140273149,81409,73459,365923,357973,0.688,success
ClayTiles__Dubai_United_Arab_Emirates_heightNA_numstoriesNA_roofshapeNA_fpArea1177_imsat_24.9862584255.02712654.jpg,/scratch/yd3288/RoofNet-xAI/RoofNet-Images/ClayTiles/Dubai_United_Arab_Emirates_heightNA_numstoriesNA_roofshapeNA_fpArea1177_imsat_24.9862584255.02712654.jpg,Dubai_United_Arab_Emirates_heightNA_numstoriesNA_roofshapeNA_fpArea1177_imsat_24.9862584255.02712654.jpg,holdout,transformer_explainability,Dubai United Arab Emirates,6,MetalSheetMaterials,0.9962546825408936,IDEA-Research/grounding-dino-base,facebook/sam-vit-huge,building . rooftop . roof,0.2,0.15,2,2,False,278318,80.0,0.060260745137929915,0.20000171300340888,224,224,638,549,0.8636374406572586,0.13636255934274139,0.20141187993157866,0.8336973434399669,0.20984269792108307,70053,58403,289968,278318,0.701,success
ClayTiles__Almaty_Kazakhstan_heightNA_numstoriesNA_roofshapeNA_fpArea1106_imsat_43.3135682776.96868596.jpg,/scratch/yd3288/RoofNet-xAI/RoofNet-Images/ClayTiles/Almaty_Kazakhstan_heightNA_numstoriesNA_roofshapeNA_fpArea1106_imsat_43.3135682776.96868596.jpg,Almaty_Kazakhstan_heightNA_numstoriesNA_roofshapeNA_fpArea1106_imsat_43.3135682776.96868596.jpg,holdout,transformer_explainability,Almaty Kazakhstan,2,ClayTiles,0.9999985694885254,IDEA-Research/grounding-dino-base,facebook/sam-vit-huge,building . rooftop . roof,0.2,0.15,2,2,False,374542,80.0,0.04843599125742913,0.20000049134737277,224,224,638,638,0.9163654722155368,0.08363452778446322,0.19713654074377474,0.9222936039012886,0.2004661693481639,81409,75083,380868,374542,0.687,success
ClayTiles__Stockholm_Sweden_heightNA_numstoriesNA_roofshapeNA_fpArea651_imsat_59.2780530218.10884153.jpg,/scratch/yd3288/RoofNet-xAI/RoofNet-Images/ClayTiles/Stockholm_Sweden_heightNA_numstoriesNA_roofshapeNA_fpArea651_imsat_59.2780530218.10884153.jpg,Stockholm_Sweden_heightNA_numstoriesNA_roofshapeNA_fpArea651_imsat_59.2780530218.10884153.jpg,holdout,transformer_explainability,Stockholm Sweden,2,ClayTiles,0.9999837875366211,IDEA-Research/grounding-dino-base,facebook/sam-vit-huge,building . rooftop . roof,0.2,0.15,6,6,False,272485,80.0,0.07765737622976304,0.20000049134737277,224,224,638,638,0.7492878640130276,0.2507121359869724,0.21907983575385123,0.7812158360869191,0.23340000366992678,81409,63598,290296,272485,0.717,success
ClayTiles__Sofia_Bulgaria_heightNA_numstoriesNA_roofshapeNA_fpArea1318_imsat_42.6903850523.3617741.jpg,/scratch/yd3288/RoofNet-xAI/RoofNet-Images/ClayTiles/Sofia_Bulgaria_heightNA_numstoriesNA_roofshapeNA_fpArea1318_imsat_42.6903850523.3617741.jpg,Sofia_Bulgaria_heightNA_numstoriesNA_roofshapeNA_fpArea1318_imsat_42.6903850523.3617741.jpg,holdout,transformer_explainability,Sofia Bulgaria,2,ClayTiles,0.9999979734420776,IDEA-Research/grounding-dino-base,facebook/sam-vit-huge,building . rooftop . roof,0.2,0.15,5,5,False,213409,80.0,0.030671975761652,0.2,224,224,638,580,0.6057071252989294,0.39429287470107055,0.20515830918826444,0.6611177170035671,0.22926868126461394,74008,48928,238489,213409,0.694,success
ClayTiles__Zagreb_Croatia_heightNA_numstories4_roofshapegabled_fpArea1316_imsat_45.8136542815.95608337.jpg,/scratch/yd3288/RoofNet-xAI/RoofNet-Images/ClayTiles/Zagreb_Croatia_heightNA_numstories4_roofshapegabled_fpArea1316_imsat_45.8136542815.95608337.jpg,Zagreb_Croatia_heightNA_numstories4_roofshapegabled_fpArea1316_imsat_45.8136542815.95608337.jpg,holdout,transformer_explainability,Zagreb Croatia,2,ClayTiles,0.9999966621398926,IDEA-Research/grounding-dino-base,facebook/sam-vit-huge,building . rooftop . roof,0.2,0.15,4,4,False,235303,80.0,0.05531671792268755,0.2,224,224,545,638,0.47569276656278214,0.5243072334372179,0.13743041356357177,0.5296511460700009,0.1565343408286337,69542,36833,268012,235303,0.699,success
ClayTiles__Lynn_Haven_Florida-hurricane-michael_00000427_pre_disaster_bfe1a3fe-ffe7-4795-a5e1-5b5b5f88ae59.png,/scratch/yd3288/RoofNet-xAI/RoofNet-Images/ClayTiles/Lynn_Haven_Florida-hurricane-michael_00000427_pre_disaster_bfe1a3fe-ffe7-4795-a5e1-5b5b5f88ae59.png,Lynn_Haven_Florida-hurricane-michael_00000427_pre_disaster_bfe1a3fe-ffe7-4795-a5e1-5b5b5f88ae59.png,holdout,transformer_explainability,Lynn Haven Florida,3,AsphaltTiles,0.492969810962677,IDEA-Research/grounding-dino-base,facebook/sam-vit-huge,building . rooftop . roof,0.2,0.15,2,2,False,10670,80.0,0.060785547643899936,0.20005549389567148,224,224,106,102,0.9933929827112594,0.006607017288740616,0.20181681962914402,0.996301433194637,0.20196813495782567,2163,2155,10678,10670,0.687,success
ClayTiles__Lynn_Haven_Florida-hurricane-michael_00000463_pre_disaster_0f4b53d0-6dc3-47e2-8a8c-540f96aede07.png,/scratch/yd3288/RoofNet-xAI/RoofNet-Images/ClayTiles/Lynn_Haven_Florida-hurricane-michael_00000463_pre_disaster_0f4b53d0-6dc3-47e2-8a8c-540f96aede07.png,Lynn_Haven_Florida-hurricane-michael_00000463_pre_disaster_0f4b53d0-6dc3-47e2-8a8c-540f96aede07.png,holdout,transformer_explainability,Lynn Haven Florida,10,AmorphousAsphalt,0.927550196647644,IDEA-Research/grounding-dino-base,facebook/sam-vit-huge,building . rooftop . roof,0.2,0.15,4,4,False,10156,80.0,0.06212244555354119,0.20001959055735136,224,224,83,123,0.9924499446177347,0.007550055382265323,0.19705593719332679,0.9833496571988247,0.19771563607719575,2042,2008,10190,10156,0.768,success
ClayTiles__Lynn_Haven_Florida-hurricane-michael_00000496_pre_disaster_e2b36bf0-99b7-491c-8e86-0f739fc944a2.png,/scratch/yd3288/RoofNet-xAI/RoofNet-Images/ClayTiles/Lynn_Haven_Florida-hurricane-michael_00000496_pre_disaster_e2b36bf0-99b7-491c-8e86-0f739fc944a2.png,Lynn_Haven_Florida-hurricane-michael_00000496_pre_disaster_e2b36bf0-99b7-491c-8e86-0f739fc944a2.png,holdout,transformer_explainability,Lynn Haven Florida,10,AmorphousAsphalt,0.4969492554664612,IDEA-Research/grounding-dino-base,facebook/sam-vit-huge,building . rooftop . roof,0.2,0.15,6,6,False,6230,80.0,0.04508614018559462,0.2,224,224,70,89,1.0,0.0,0.2,1.0,0.2,1246,1246,6230,6230,0.758,success
ClayTiles__Lynn_Haven_Florida-hurricane-michael_00000543_pre_disaster_7b0dd24b-63d2-4e04-bb2d-b1a4501662b5.png,/scratch/yd3288/RoofNet-xAI/RoofNet-Images/ClayTiles/Lynn_Haven_Florida-hurricane-michael_00000543_pre_disaster_7b0dd24b-63d2-4e04-bb2d-b1a4501662b5.png,Lynn_Haven_Florida-hurricane-michael_00000543_pre_disaster_7b0dd24b-63d2-4e04-bb2d-b1a4501662b5.png,holdout,transformer_explainability,Lynn Haven Florida,4,ConcreteTiles,0.591724157333374,IDEA-Research/grounding-dino-base,facebook/sam-vit-huge,building . rooftop . roof,0.2,0.15,2,2,False,3717,80.0,0.06387889683246614,0.20016142050040356,224,224,59,63,1.0,0.0,0.20016142050040356,1.0,0.20016142050040356,744,744,3717,3717,0.737,success
ClayTiles__Mexico_City_Mexico-mexico-earthquake_00000000_pre_disaster_6220d1f4-f4b2-41df-9ff6-37c57a216bda.png,/scratch/yd3288/RoofNet-xAI/RoofNet-Images/ClayTiles/Mexico_City_Mexico-mexico-earthquake_00000000_pre_disaster_6220d1f4-f4b2-41df-9ff6-37c57a216bda.png,Mexico_City_Mexico-mexico-earthquake_00000000_pre_disaster_6220d1f4-f4b2-41df-9ff6-37c57a216bda.png,holdout,transformer_explainability,Mexico City Mexico,2,ClayTiles,0.9999992847442627,IDEA-Research/grounding-dino-base,facebook/sam-vit-huge,building . rooftop . roof,0.2,0.15,1,1,False,8915,80.0,0.04537437856197357,0.20004485310607759,224,224,98,91,0.9998370825779276,0.0001629174220724341,0.20011217049915872,1.0,0.20011217049915872,1784,1784,8915,8915,0.74,success
ClayTiles__Mexico_City_Mexico-mexico-earthquake_00000000_pre_disaster_3afd0d2b-f058-4985-b30d-d637a60c4477.png,/scratch/yd3288/RoofNet-xAI/RoofNet-Images/ClayTiles/Mexico_City_Mexico-mexico-earthquake_00000000_pre_disaster_3afd0d2b-f058-4985-b30d-d637a60c4477.png,Mexico_City_Mexico-mexico-earthquake_00000000_pre_disaster_3afd0d2b-f058-4985-b30d-d637a60c4477.png,holdout,transformer_explainability,Mexico City Mexico,2,ClayTiles,0.999987006187439,IDEA-Research/grounding-dino-base,facebook/sam-vit-huge,building . rooftop . roof,0.2,0.15,2,2,False,1334,80.0,0.036338921636343,0.20013522650439486,224,224,68,87,0.2783754027590456,0.7216245972409544,0.21701304978250363,0.37922297297297297,0.3365817091454273,1184,449,2069,1334,0.744,success
ClayTiles__Mexico_City_Mexico-mexico-earthquake_00000000_pre_disaster_86167a7f-3d24-49d6-a93f-a5721c7c1b70.png,/scratch/yd3288/RoofNet-xAI/RoofNet-Images/ClayTiles/Mexico_City_Mexico-mexico-earthquake_00000000_pre_disaster_86167a7f-3d24-49d6-a93f-a5721c7c1b70.png,Mexico_City_Mexico-mexico-earthquake_00000000_pre_disaster_86167a7f-3d24-49d6-a93f-a5721c7c1b70.png,holdout,transformer_explainability,Mexico City Mexico,2,ClayTiles,0.9993754029273987,IDEA-Research/grounding-dino-base,facebook/sam-vit-huge,building . rooftop . roof,0.2,0.15,3,3,False,5292,80.0,0.09136653691530229,0.20011337868480725,224,224,63,84,1.0,0.0,0.20011337868480725,1.0,0.20011337868480725,1059,1059,5292,5292,0.756,success
ClayTiles__Mexico_City_Mexico-mexico-earthquake_00000002_pre_disaster_fea0ebb8-5764-4e3c-8b56-8fe934e09b63.png,/scratch/yd3288/RoofNet-xAI/RoofNet-Images/ClayTiles/Mexico_City_Mexico-mexico-earthquake_00000002_pre_disaster_fea0ebb8-5764-4e3c-8b56-8fe934e09b63.png,Mexico_City_Mexico-mexico-earthquake_00000002_pre_disaster_fea0ebb8-5764-4e3c-8b56-8fe934e09b63.png,holdout,transformer_explainability,Mexico City Mexico,2,ClayTiles,0.9999934434890747,IDEA-Research/grounding-dino-base,facebook/sam-vit-huge,building . rooftop . roof,0.2,0.15,6,6,False,2795,80.0,0.06509760618209844,0.2,224,224,60,81,0.5092914952077073,0.4907085047922927,0.18757881462799494,0.6121399176954733,0.21288014311270126,972,595,3172,2795,0.778,success
ClayTiles__Mexico_City_Mexico-mexico-earthquake_00000009_pre_disaster_783cb248-ef98-42e4-8a9d-1925d0599ecf.png,/scratch/yd3288/RoofNet-xAI/RoofNet-Images/ClayTiles/Mexico_City_Mexico-mexico-earthquake_00000009_pre_disaster_783cb248-ef98-42e4-8a9d-1925d0599ecf.png,Mexico_City_Mexico-mexico-earthquake_00000009_pre_disaster_783cb248-ef98-42e4-8a9d-1925d0599ecf.png,holdout,transformer_explainability,Mexico City Mexico,2,ClayTiles,0.9999972581863403,IDEA-Research/grounding-dino-base,facebook/sam-vit-huge,building . rooftop . roof,0.2,0.15,3,3,False,5508,80.0,0.05805372521281245,0.2000726216412491,224,224,68,81,1.0,0.0,0.2000726216412491,1.0,0.2000726216412491,1102,1102,5508,5508,0.743,success
ClayTiles__Mexico_City_Mexico-mexico-earthquake_00000013_pre_disaster_44fc8791-2f74-41af-920f-a6dca446ad47.png,/scratch/yd3288/RoofNet-xAI/RoofNet-Images/ClayTiles/Mexico_City_Mexico-mexico-earthquake_00000013_pre_disaster_44fc8791-2f74-41af-920f-a6dca446ad47.png,Mexico_City_Mexico-mexico-earthquake_00000013_pre_disaster_44fc8791-2f74-41af-920f-a6dca446ad47.png,holdout,transformer_explainability,Mexico City Mexico,2,ClayTiles,0.9999690055847168,IDEA-Research/grounding-dino-base,facebook/sam-vit-huge,building . rooftop . roof,0.2,0.15,10,10,False,5400,80.0,0.06421549469232557,0.2,224,224,75,72,1.0,0.0,0.2,1.0,0.2,1080,1080,5400,5400,0.729,success
ClayTiles__Mexico_City_Mexico-mexico-earthquake_00000015_pre_disaster_d6274f73-f268-4137-ac12-b1c75ce224af.png,/scratch/yd3288/RoofNet-xAI/RoofNet-Images/ClayTiles/Mexico_City_Mexico-mexico-earthquake_00000015_pre_disaster_d6274f73-f268-4137-ac12-b1c75ce224af.png,Mexico_City_Mexico-mexico-earthquake_00000015_pre_disaster_d6274f73-f268-4137-ac12-b1c75ce224af.png,holdout,transformer_explainability,Mexico City Mexico,2,ClayTiles,0.9972019195556641,IDEA-Research/grounding-dino-base,facebook/sam-vit-huge,building . rooftop . roof,0.2,0.15,8,8,False,11012,80.0,0.032254342734813736,0.2,224,224,115,97,0.9912128452059626,0.008787154794037395,0.20117913832199547,0.9941730165844913,0.2014166363966582,2231,2218,11025,11012,0.745,success
ClayTiles__Mexico_City_Mexico-mexico-earthquake_00000017_pre_disaster_4777b34c-0b21-40cc-be35-6f84c2046f7d.png,/scratch/yd3288/RoofNet-xAI/RoofNet-Images/ClayTiles/Mexico_City_Mexico-mexico-earthquake_00000017_pre_disaster_4777b34c-0b21-40cc-be35-6f84c2046f7d.png,Mexico_City_Mexico-mexico-earthquake_00000017_pre_disaster_4777b34c-0b21-40cc-be35-6f84c2046f7d.png,holdout,transformer_explainability,Mexico City Mexico,2,ClayTiles,0.9999711513519287,IDEA-Research/grounding-dino-base,facebook/sam-vit-huge,building . rooftop . roof,0.2,0.15,5,5,False,7223,80.0,0.024375631660223024,0.20002642356982428,224,224,87,87,0.9133224666877104,0.08667753331228953,0.1867698994838359,0.9081902245706737,0.19036411463380867,1514,1375,7362,7223,0.722,success
ClayTiles__Mexico_City_Mexico-mexico-earthquake_00000020_pre_disaster_90457418-2807-4741-a076-1c5d81b9f64e.png,/scratch/yd3288/RoofNet-xAI/RoofNet-Images/ClayTiles/Mexico_City_Mexico-mexico-earthquake_00000020_pre_disaster_90457418-2807-4741-a076-1c5d81b9f64e.png,Mexico_City_Mexico-mexico-earthquake_00000020_pre_disaster_90457418-2807-4741-a076-1c5d81b9f64e.png,holdout,transformer_explainability,Mexico City Mexico,10,AmorphousAsphalt,0.5008907318115234,IDEA-Research/grounding-dino-base,facebook/sam-vit-huge,building . rooftop . roof,0.2,0.15,2,2,False,7990,80.0,0.08901984542608264,0.20004485310607759,224,224,98,91,0.9234092538847622,0.07659074611523778,0.20980319346453769,0.9501121076233184,0.21214017521902379,1784,1695,8079,7990,4.51,success
ClayTiles__Mexico_City_Mexico-mexico-earthquake_00000021_pre_disaster_effaace4-45cb-4918-9b33-a422b81905a1.png,/scratch/yd3288/RoofNet-xAI/RoofNet-Images/ClayTiles/Mexico_City_Mexico-mexico-earthquake_00000021_pre_disaster_effaace4-45cb-4918-9b33-a422b81905a1.png,Mexico_City_Mexico-mexico-earthquake_00000021_pre_disaster_effaace4-45cb-4918-9b33-a422b81905a1.png,holdout,transformer_explainability,Mexico City Mexico,2,ClayTiles,0.9999864101409912,IDEA-Research/grounding-dino-base,facebook/sam-vit-huge,building . rooftop . roof,0.2,0.15,3,3,False,3807,80.0,0.06290638297796251,0.2001047668936616,224,224,46,83,0.9976898168319728,0.0023101831680271715,0.2006829524560021,1.0,0.2006829524560021,764,764,3807,3807,0.365,success
ClayTiles__Mexico_City_Mexico-mexico-earthquake_00000021_pre_disaster_831be0d6-0068-4581-bcaf-f437ab62fe37.png,/scratch/yd3288/RoofNet-xAI/RoofNet-Images/ClayTiles/Mexico_City_Mexico-mexico-earthquake_00000021_pre_disaster_831be0d6-0068-4581-bcaf-f437ab62fe37.png,Mexico_City_Mexico-mexico-earthquake_00000021_pre_disaster_831be0d6-0068-4581-bcaf-f437ab62fe37.png,holdout,transformer_explainability,Mexico City Mexico,2,ClayTiles,0.9999935626983643,IDEA-Research/grounding-dino-base,facebook/sam-vit-huge,building . rooftop . roof,0.2,0.15,6,6,False,4015,80.0,0.05960413888096811,0.2,224,224,40,102,0.9809072548216897,0.01909274517831033,0.19549616431576342,0.9681372549019608,0.19676214196762143,816,790,4041,4015,0.396,success
ClayTiles__Mexico_City_Mexico-mexico-earthquake_00000021_pre_disaster_4434d294-db46-4e84-816f-9fa42d310b73.png,/scratch/yd3288/RoofNet-xAI/RoofNet-Images/ClayTiles/Mexico_City_Mexico-mexico-earthquake_00000021_pre_disaster_4434d294-db46-4e84-816f-9fa42d310b73.png,Mexico_City_Mexico-mexico-earthquake_00000021_pre_disaster_4434d294-db46-4e84-816f-9fa42d310b73.png,holdout,transformer_explainability,Mexico City Mexico,2,ClayTiles,0.9999732971191406,IDEA-Research/grounding-dino-base,facebook/sam-vit-huge,building . rooftop . roof,0.2,0.15,2,2,False,5698,80.0,0.03690504655241969,0.20007020007020007,224,224,77,74,1.0,0.0,0.20007020007020007,1.0,0.20007020007020007,1140,1140,5698,5698,0.387,success
ClayTiles__Mexico_City_Mexico-mexico-earthquake_00000023_pre_disaster_21334504-f5aa-4735-87c7-df4a1c7270e5.png,/scratch/yd3288/RoofNet-xAI/RoofNet-Images/ClayTiles/Mexico_City_Mexico-mexico-earthquake_00000023_pre_disaster_21334504-f5aa-4735-87c7-df4a1c7270e5.png,Mexico_City_Mexico-mexico-earthquake_00000023_pre_disaster_21334504-f5aa-4735-87c7-df4a1c7270e5.png,holdout,transformer_explainability,Mexico City Mexico,2,ClayTiles,0.999846339225769,IDEA-Research/grounding-dino-base,facebook/sam-vit-huge,building . rooftop . roof,0.2,0.15,3,3,False,18567,80.0,0.04936295449733734,0.20003223726627983,224,224,141,132,0.9977056799332983,0.0022943200667017655,0.19941885492897116,0.9954337899543378,0.1996014434211235,3723,3706,18584,18567,0.389,success
ClayTiles__Mexico_City_Mexico-mexico-earthquake_00000035_pre_disaster_25f9bddd-5569-4f82-acce-b11dc91c01c1.png,/scratch/yd3288/RoofNet-xAI/RoofNet-Images/ClayTiles/Mexico_City_Mexico-mexico-earthquake_00000035_pre_disaster_25f9bddd-5569-4f82-acce-b11dc91c01c1.png,Mexico_City_Mexico-mexico-earthquake_00000035_pre_disaster_25f9bddd-5569-4f82-acce-b11dc91c01c1.png,holdout,transformer_explainability,Mexico City Mexico,2,ClayTiles,0.9999991655349731,IDEA-Research/grounding-dino-base,facebook/sam-vit-huge,building . rooftop . roof,0.2,0.15,6,6,False,8632,80.0,0.025173348188400276,0.20004633383528322,224,224,89,97,0.9996384831633006,0.00036151683669933936,0.19993049924707518,0.9994209612044007,0.19995366079703428,1727,1726,8633,8632,0.383,success
ClayTiles__Mexico_City_Mexico-mexico-earthquake_00000037_pre_disaster_7aff77a7-5941-40f2-871b-3f2bf3abeb1e.png,/scratch/yd3288/RoofNet-xAI/RoofNet-Images/ClayTiles/Mexico_City_Mexico-mexico-earthquake_00000037_pre_disaster_7aff77a7-5941-40f2-871b-3f2bf3abeb1e.png,Mexico_City_Mexico-mexico-earthquake_00000037_pre_disaster_7aff77a7-5941-40f2-871b-3f2bf3abeb1e.png,holdout,transformer_explainability,Mexico City Mexico,2,ClayTiles,0.753116250038147,IDEA-Research/grounding-dino-base,facebook/sam-vit-huge,building . rooftop . roof,0.2,0.15,3,3,False,4443,80.0,0.04180847853422165,0.2,224,224,65,69,0.9971509715315827,0.0028490284684172485,0.20189061444969614,1.0,0.20189061444969614,897,897,4443,4443,0.427,success
ClayTiles__Mexico_City_Mexico-mexico-earthquake_00000037_pre_disaster_b3250332-2aa5-4951-8798-61f5d8bd7847.png,/scratch/yd3288/RoofNet-xAI/RoofNet-Images/ClayTiles/Mexico_City_Mexico-mexico-earthquake_00000037_pre_disaster_b3250332-2aa5-4951-8798-61f5d8bd7847.png,Mexico_City_Mexico-mexico-earthquake_00000037_pre_disaster_b3250332-2aa5-4951-8798-61f5d8bd7847.png,holdout,transformer_explainability,Mexico City Mexico,2,ClayTiles,0.9999575614929199,IDEA-Research/grounding-dino-base,facebook/sam-vit-huge,building . rooftop . roof,0.2,0.15,3,3,False,4680,80.0,0.03021245449781419,0.2,224,224,65,72,1.0,0.0,0.2,1.0,0.2,936,936,4680,4680,0.374,success
ClayTiles__Mexico_City_Mexico-mexico-earthquake_00000040_pre_disaster_3a70e6dd-16fe-4345-be49-f4afefd24472.png,/scratch/yd3288/RoofNet-xAI/RoofNet-Images/ClayTiles/Mexico_City_Mexico-mexico-earthquake_00000040_pre_disaster_3a70e6dd-16fe-4345-be49-f4afefd24472.png,Mexico_City_Mexico-mexico-earthquake_00000040_pre_disaster_3a70e6dd-16fe-4345-be49-f4afefd24472.png,holdout,transformer_explainability,Mexico City Mexico,2,ClayTiles,0.999998927116394,IDEA-Research/grounding-dino-base,facebook/sam-vit-huge,building . rooftop . roof,0.2,0.15,3,3,False,11900,80.0,0.0375327214598656,0.2,224,224,117,105,0.9808447472239896,0.019155252776010427,0.20454736135581844,0.9922669922669922,0.20487394957983193,2457,2438,11919,11900,0.392,success
ClayTiles__Mexico_City_Mexico-mexico-earthquake_00000042_pre_disaster_290775f0-fbff-45e1-bd85-56ae119dcc79.png,/scratch/yd3288/RoofNet-xAI/RoofNet-Images/ClayTiles/Mexico_City_Mexico-mexico-earthquake_00000042_pre_disaster_290775f0-fbff-45e1-bd85-56ae119dcc79.png,Mexico_City_Mexico-mexico-earthquake_00000042_pre_disaster_290775f0-fbff-45e1-bd85-56ae119dcc79.png,holdout,transformer_explainability,Mexico City Mexico,2,ClayTiles,0.999289870262146,IDEA-Research/grounding-dino-base,facebook/sam-vit-huge,building . rooftop . roof,0.2,0.15,6,6,False,5394,80.0,0.0650889128446579,0.2,224,224,65,83,0.9998867415417328,0.00011325845826719321,0.20003707823507602,1.0,0.20003707823507602,1079,1079,5394,5394,0.397,success
ClayTiles__Mexico_City_Mexico-mexico-earthquake_00000042_pre_disaster_014f1087-8d73-4e34-9ddb-b8d2cff80eed.png,/scratch/yd3288/RoofNet-xAI/RoofNet-Images/ClayTiles/Mexico_City_Mexico-mexico-earthquake_00000042_pre_disaster_014f1087-8d73-4e34-9ddb-b8d2cff80eed.png,Mexico_City_Mexico-mexico-earthquake_00000042_pre_disaster_014f1087-8d73-4e34-9ddb-b8d2cff80eed.png,holdout,transformer_explainability,Mexico City Mexico,9,AmorphousConcrete,0.5126476883888245,IDEA-Research/grounding-dino-base,facebook/sam-vit-huge,building . rooftop . roof,0.2,0.15,1,1,False,3840,80.0,0.05330273881554606,0.2,224,224,60,64,1.0,0.0,0.2,1.0,0.2,768,768,3840,3840,0.419,success
ClayTiles__Mexico_City_Mexico-mexico-earthquake_00000042_pre_disaster_c76ba6df-dcdc-483f-8727-ed000dfb2377.png,/scratch/yd3288/RoofNet-xAI/RoofNet-Images/ClayTiles/Mexico_City_Mexico-mexico-earthquake_00000042_pre_disaster_c76ba6df-dcdc-483f-8727-ed000dfb2377.png,Mexico_City_Mexico-mexico-earthquake_00000042_pre_disaster_c76ba6df-dcdc-483f-8727-ed000dfb2377.png,holdout,transformer_explainability,Mexico City Mexico,2,ClayTiles,0.999996542930603,IDEA-Research/grounding-dino-base,facebook/sam-vit-huge,building . rooftop . roof,0.2,0.15,2,2,False,4514,80.0,0.020330937579274178,0.20004430660168365,224,224,61,74,1.0,0.0,0.20004430660168365,1.0,0.20004430660168365,903,903,4514,4514,0.391,success
ClayTiles__Mexico_City_Mexico-mexico-earthquake_00000052_pre_disaster_a97e090f-6044-4c8b-808c-28d3f287a5e3.png,/scratch/yd3288/RoofNet-xAI/RoofNet-Images/ClayTiles/Mexico_City_Mexico-mexico-earthquake_00000052_pre_disaster_a97e090f-6044-4c8b-808c-28d3f287a5e3.png,Mexico_City_Mexico-mexico-earthquake_00000052_pre_disaster_a97e090f-6044-4c8b-808c-28d3f287a5e3.png,holdout,transformer_explainability,Mexico City Mexico,2,ClayTiles,0.9999990463256836,IDEA-Research/grounding-dino-base,facebook/sam-vit-huge,building . rooftop . roof,0.2,0.15,3,3,False,5320,80.0,0.02549398243427276,0.2,224,224,70,76,1.0,0.0,0.2,1.0,0.2,1064,1064,5320,5320,0.397,success
ClayTiles__Mexico_City_Mexico-mexico-earthquake_00000053_pre_disaster_7423fe0d-6ea1-4098-8f22-81a489b6ef16.png,/scratch/yd3288/RoofNet-xAI/RoofNet-Images/ClayTiles/Mexico_City_Mexico-mexico-earthquake_00000053_pre_disaster_7423fe0d-6ea1-4098-8f22-81a489b6ef16.png,Mexico_City_Mexico-mexico-earthquake_00000053_pre_disaster_7423fe0d-6ea1-4098-8f22-81a489b6ef16.png,holdout,transformer_explainability,Mexico City Mexico,12,AmorphousFabric,0.5131042003631592,IDEA-Research/grounding-dino-base,facebook/sam-vit-huge,building . rooftop . roof,0.2,0.15,3,3,False,130,80.0,0.08297895938158038,0.2,224,224,61,60,0.2022722809100704,0.7977277190899296,0.11802853437094682,0.12431693989071038,0.7,732,91,771,130,0.385,success
ClayTiles__Mexico_City_Mexico-mexico-earthquake_00000057_pre_disaster_7817e99e-1f97-4431-abe6-68a0c2fba17f.png,/scratch/yd3288/RoofNet-xAI/RoofNet-Images/ClayTiles/Mexico_City_Mexico-mexico-earthquake_00000057_pre_disaster_7817e99e-1f97-4431-abe6-68a0c2fba17f.png,Mexico_City_Mexico-mexico-earthquake_00000057_pre_disaster_7817e99e-1f97-4431-abe6-68a0c2fba17f.png,holdout,transformer_explainability,Mexico City Mexico,2,ClayTiles,0.9999817609786987,IDEA-Research/grounding-dino-base,facebook/sam-vit-huge,building . rooftop . roof,0.2,0.15,6,6,False,6960,80.0,0.0693771243095398,0.2,224,224,80,87,1.0,0.0,0.2,1.0,0.2,1392,1392,6960,6960,0.394,success
ClayTiles__Mexico_City_Mexico-mexico-earthquake_00000057_pre_disaster_511443ba-abeb-4d02-bef6-4b47ecc5bb7a.png,/scratch/yd3288/RoofNet-xAI/RoofNet-Images/ClayTiles/Mexico_City_Mexico-mexico-earthquake_00000057_pre_disaster_511443ba-abeb-4d02-bef6-4b47ecc5bb7a.png,Mexico_City_Mexico-mexico-earthquake_00000057_pre_disaster_511443ba-abeb-4d02-bef6-4b47ecc5bb7a.png,holdout,transformer_explainability,Mexico City Mexico,11,AmorphousMembrane,0.9008734822273254,IDEA-Research/grounding-dino-base,facebook/sam-vit-huge,building . rooftop . roof,0.2,0.15,6,6,False,7134,80.0,0.038704677671194086,0.20002803476310624,224,224,82,87,1.0,0.0,0.20002803476310624,1.0,0.20002803476310624,1427,1427,7134,7134,0.383,success
ClayTiles__Mexico_City_Mexico-mexico-earthquake_00000067_pre_disaster_2e3787ae-c1c1-47df-9b73-039ce0ba5db6.png,/scratch/yd3288/RoofNet-xAI/RoofNet-Images/ClayTiles/Mexico_City_Mexico-mexico-earthquake_00000067_pre_disaster_2e3787ae-c1c1-47df-9b73-039ce0ba5db6.png,Mexico_City_Mexico-mexico-earthquake_00000067_pre_disaster_2e3787ae-c1c1-47df-9b73-039ce0ba5db6.png,holdout,transformer_explainability,Mexico City Mexico,6,MetalSheetMaterials,0.49206194281578064,IDEA-Research/grounding-dino-base,facebook/sam-vit-huge,building . rooftop . roof,0.2,0.15,2,2,False,3990,80.0,0.046798325330019,0.2,224,224,57,70,1.0,0.0,0.2,1.0,0.2,798,798,3990,3990,0.391,success
ClayTiles__Mexico_City_Mexico-mexico-earthquake_00000089_pre_disaster_a36deb5d-d138-436c-bd6e-05aedadbd4ca.png,/scratch/yd3288/RoofNet-xAI/RoofNet-Images/ClayTiles/Mexico_City_Mexico-mexico-earthquake_00000089_pre_disaster_a36deb5d-d138-436c-bd6e-05aedadbd4ca.png,Mexico_City_Mexico-mexico-earthquake_00000089_pre_disaster_a36deb5d-d138-436c-bd6e-05aedadbd4ca.png,holdout,transformer_explainability,Mexico City Mexico,2,ClayTiles,0.999998927116394,IDEA-Research/grounding-dino-base,facebook/sam-vit-huge,building . rooftop . roof,0.2,0.15,5,5,False,3974,80.0,0.04226755946874621,0.2,224,224,65,63,0.9875465625295572,0.012453437470442764,0.20548289738430583,0.9975579975579976,0.20558631102164066,819,817,3976,3974,0.392,success
ClayTiles__Mexico_City_Mexico-mexico-earthquake_00000100_pre_disaster_219f3a14-31a6-415b-ba72-c01f0ab49bd0.png,/scratch/yd3288/RoofNet-xAI/RoofNet-Images/ClayTiles/Mexico_City_Mexico-mexico-earthquake_00000100_pre_disaster_219f3a14-31a6-415b-ba72-c01f0ab49bd0.png,Mexico_City_Mexico-mexico-earthquake_00000100_pre_disaster_219f3a14-31a6-415b-ba72-c01f0ab49bd0.png,holdout,transformer_explainability,Mexico City Mexico,4,ConcreteTiles,0.6034213304519653,IDEA-Research/grounding-dino-base,facebook/sam-vit-huge,building . rooftop . roof,0.2,0.15,5,5,False,6840,80.0,0.06358398497104654,0.2,224,224,76,90,1.0,0.0,0.2,1.0,0.2,1368,1368,6840,6840,0.397,success
ClayTiles__Mexico_City_Mexico-mexico-earthquake_00000105_pre_disaster_b6ab55e8-439e-4492-875d-63d252b9a6a9.png,/scratch/yd3288/RoofNet-xAI/RoofNet-Images/ClayTiles/Mexico_City_Mexico-mexico-earthquake_00000105_pre_disaster_b6ab55e8-439e-4492-875d-63d252b9a6a9.png,Mexico_City_Mexico-mexico-earthquake_00000105_pre_disaster_b6ab55e8-439e-4492-875d-63d252b9a6a9.png,holdout,transformer_explainability,Mexico City Mexico,2,ClayTiles,0.9999934434890747,IDEA-Research/grounding-dino-base,facebook/sam-vit-huge,building . rooftop . roof,0.2,0.15,5,5,False,16229,80.0,0.02291218563914299,0.2000492125984252,224,224,128,127,0.9991570801845053,0.0008429198154946358,0.20038203216464354,1.0,0.20038203216464354,3252,3252,16229,16229,0.403,success
ClayTiles__Mexico_City_Mexico-mexico-earthquake_00000105_pre_disaster_98408f79-e6d5-4935-8950-5cbe17b127b5.png,/scratch/yd3288/RoofNet-xAI/RoofNet-Images/ClayTiles/Mexico_City_Mexico-mexico-earthquake_00000105_pre_disaster_98408f79-e6d5-4935-8950-5cbe17b127b5.png,Mexico_City_Mexico-mexico-earthquake_00000105_pre_disaster_98408f79-e6d5-4935-8950-5cbe17b127b5.png,holdout,transformer_explainability,Mexico City Mexico,2,ClayTiles,0.999998927116394,IDEA-Research/grounding-dino-base,facebook/sam-vit-huge,building . rooftop . roof,0.2,0.15,3,3,False,4692,80.0,0.06259973794221879,0.20012787723785166,224,224,69,68,1.0,0.0,0.20012787723785166,1.0,0.20012787723785166,939,939,4692,4692,0.401,success
ClayTiles__Mexico_City_Mexico-mexico-earthquake_00000107_pre_disaster_01610b5b-f77f-4c49-9136-1f2f4ff624d1.png,/scratch/yd3288/RoofNet-xAI/RoofNet-Images/ClayTiles/Mexico_City_Mexico-mexico-earthquake_00000107_pre_disaster_01610b5b-f77f-4c49-9136-1f2f4ff624d1.png,Mexico_City_Mexico-mexico-earthquake_00000107_pre_disaster_01610b5b-f77f-4c49-9136-1f2f4ff624d1.png,holdout,transformer_explainability,Mexico City Mexico,2,ClayTiles,0.9999897480010986,IDEA-Research/grounding-dino-base,facebook/sam-vit-huge,building . rooftop . roof,0.2,0.15,1,1,False,3869,80.0,0.030775276944041252,0.20005169294391315,224,224,73,53,1.0,0.0,0.20005169294391315,1.0,0.20005169294391315,774,774,3869,3869,0.422,success
ClayTiles__Mexico_City_Mexico-mexico-earthquake_00000118_pre_disaster_11b2860b-0cc1-4ec6-a238-5eb681692243.png,/scratch/yd3288/RoofNet-xAI/RoofNet-Images/ClayTiles/Mexico_City_Mexico-mexico-earthquake_00000118_pre_disaster_11b2860b-0cc1-4ec6-a238-5eb681692243.png,Mexico_City_Mexico-mexico-earthquake_00000118_pre_disaster_11b2860b-0cc1-4ec6-a238-5eb681692243.png,holdout,transformer_explainability,Mexico City Mexico,2,ClayTiles,0.8904739022254944,IDEA-Research/grounding-dino-base,facebook/sam-vit-huge,building . rooftop . roof,0.2,0.15,3,3,False,7704,80.0,0.07231817692518237,0.20005189413596264,224,224,82,94,0.999807090425709,0.0001929095742910204,0.20015576323987538,1.0,0.20015576323987538,1542,1542,7704,7704,0.406,success
ClayTiles__Mexico_City_Mexico-mexico-earthquake_00000118_pre_disaster_8d2c8ee3-638c-487d-9eed-219cd4009639.png,/scratch/yd3288/RoofNet-xAI/RoofNet-Images/ClayTiles/Mexico_City_Mexico-mexico-earthquake_00000118_pre_disaster_8d2c8ee3-638c-487d-9eed-219cd4009639.png,Mexico_City_Mexico-mexico-earthquake_00000118_pre_disaster_8d2c8ee3-638c-487d-9eed-219cd4009639.png,holdout,transformer_explainability,Mexico City Mexico,2,ClayTiles,0.9999674558639526,IDEA-Research/grounding-dino-base,facebook/sam-vit-huge,building . rooftop . roof,0.2,0.15,5,5,False,9341,80.0,0.036879489570856114,0.2,224,224,105,89,0.9998610791652399,0.00013892083476012328,0.20008564393533884,1.0,0.20008564393533884,1869,1869,9341,9341,0.392,success
ClayTiles__Mexico_City_Mexico-mexico-earthquake_00000120_pre_disaster_fd50a260-2f16-4856-9982-4b6605dde60b.png,/scratch/yd3288/RoofNet-xAI/RoofNet-Images/ClayTiles/Mexico_City_Mexico-mexico-earthquake_00000120_pre_disaster_fd50a260-2f16-4856-9982-4b6605dde60b.png,Mexico_City_Mexico-mexico-earthquake_00000120_pre_disaster_fd50a260-2f16-4856-9982-4b6605dde60b.png,holdout,transformer_explainability,Mexico City Mexico,2,ClayTiles,0.9999887943267822,IDEA-Research/grounding-dino-base,facebook/sam-vit-huge,building . rooftop . roof,0.2,0.15,8,8,False,6729,80.0,0.017681656032800676,0.20002970002970002,224,224,91,74,0.9997489136808853,0.00025108631911471065,0.20017833259028087,1.0,0.20017833259028087,1347,1347,6729,6729,0.474,success
ClayTiles__Mexico_City_Mexico-mexico-earthquake_00000126_pre_disaster_dcc8f0e4-78a1-4afe-8c64-e07b78d250fb.png,/scratch/yd3288/RoofNet-xAI/RoofNet-Images/ClayTiles/Mexico_City_Mexico-mexico-earthquake_00000126_pre_disaster_dcc8f0e4-78a1-4afe-8c64-e07b78d250fb.png,Mexico_City_Mexico-mexico-earthquake_00000126_pre_disaster_dcc8f0e4-78a1-4afe-8c64-e07b78d250fb.png,holdout,transformer_explainability,Mexico City Mexico,2,ClayTiles,0.9999709129333496,IDEA-Research/grounding-dino-base,facebook/sam-vit-huge,building . rooftop . roof,0.2,0.15,7,7,False,9485,80.0,0.038802101463079455,0.2000280151281692,224,224,121,118,0.6442799920910993,0.3557200079089007,0.2047051932838735,0.7342436974789915,0.22108592514496572,2856,2097,10244,9485,0.396,success
ClayTiles__Mexico_City_Mexico-mexico-earthquake_00000143_pre_disaster_28b5d612-dd8e-413c-9207-84e60367c5f7.png,/scratch/yd3288/RoofNet-xAI/RoofNet-Images/ClayTiles/Mexico_City_Mexico-mexico-earthquake_00000143_pre_disaster_28b5d612-dd8e-413c-9207-84e60367c5f7.png,Mexico_City_Mexico-mexico-earthquake_00000143_pre_disaster_28b5d612-dd8e-413c-9207-84e60367c5f7.png,holdout,transformer_explainability,Mexico City Mexico,2,ClayTiles,0.9999904632568359,IDEA-Research/grounding-dino-base,facebook/sam-vit-huge,building . rooftop . roof,0.2,0.15,3,3,False,5325,80.0,0.02583158500492572,0.2,224,224,75,71,1.0,0.0,0.2,1.0,0.2,1065,1065,5325,5325,0.402,success
ClayTiles__Mexico_City_Mexico-mexico-earthquake_00000146_pre_disaster_95985410-4ec0-4e1e-be46-d4dc1e9d37e4.png,/scratch/yd3288/RoofNet-xAI/RoofNet-Images/ClayTiles/Mexico_City_Mexico-mexico-earthquake_00000146_pre_disaster_95985410-4ec0-4e1e-be46-d4dc1e9d37e4.png,Mexico_City_Mexico-mexico-earthquake_00000146_pre_disaster_95985410-4ec0-4e1e-be46-d4dc1e9d37e4.png,holdout,transformer_explainability,Mexico City Mexico,2,ClayTiles,0.9999912977218628,IDEA-Research/grounding-dino-base,facebook/sam-vit-huge,building . rooftop . roof,0.2,0.15,4,4,False,1057,80.0,0.04155411571264267,0.20011156045181983,224,224,71,101,0.18602160447367447,0.8139783955263256,0.23549826474962815,0.3310104529616725,0.44938505203405865,1435,475,2017,1057,0.423,success
ClayTiles__Mexico_City_Mexico-mexico-earthquake_00000151_pre_disaster_a17f7128-9550-4ec5-bb84-a9e1983e83bd.png,/scratch/yd3288/RoofNet-xAI/RoofNet-Images/ClayTiles/Mexico_City_Mexico-mexico-earthquake_00000151_pre_disaster_a17f7128-9550-4ec5-bb84-a9e1983e83bd.png,Mexico_City_Mexico-mexico-earthquake_00000151_pre_disaster_a17f7128-9550-4ec5-bb84-a9e1983e83bd.png,holdout,transformer_explainability,Mexico City Mexico,2,ClayTiles,0.9999939203262329,IDEA-Research/grounding-dino-base,facebook/sam-vit-huge,building . rooftop . roof,0.2,0.15,3,3,False,7644,80.0,0.02241567820310593,0.20002616431187858,224,224,91,84,1.0,0.0,0.20002616431187858,1.0,0.20002616431187858,1529,1529,7644,7644,0.394,success
ClayTiles__Mexico_City_Mexico-mexico-earthquake_00000151_pre_disaster_4d48fd7a-3ca6-478a-91c2-1d591b2850a8.png,/scratch/yd3288/RoofNet-xAI/RoofNet-Images/ClayTiles/Mexico_City_Mexico-mexico-earthquake_00000151_pre_disaster_4d48fd7a-3ca6-478a-91c2-1d591b2850a8.png,Mexico_City_Mexico-mexico-earthquake_00000151_pre_disaster_4d48fd7a-3ca6-478a-91c2-1d591b2850a8.png,holdout,transformer_explainability,Mexico City Mexico,2,ClayTiles,0.9999960660934448,IDEA-Research/grounding-dino-base,facebook/sam-vit-huge,building . rooftop . roof,0.2,0.15,4,4,False,6768,80.0,0.058582697063684464,0.20020685579196218,224,224,72,94,1.0,0.0,0.20020685579196218,1.0,0.20020685579196218,1355,1355,6768,6768,0.391,success
ClayTiles__Mexico_City_Mexico-mexico-earthquake_00000153_pre_disaster_0535296a-186b-43d9-b3e3-a766f23fdee1.png,/scratch/yd3288/RoofNet-xAI/RoofNet-Images/ClayTiles/Mexico_City_Mexico-mexico-earthquake_00000153_pre_disaster_0535296a-186b-43d9-b3e3-a766f23fdee1.png,Mexico_City_Mexico-mexico-earthquake_00000153_pre_disaster_0535296a-186b-43d9-b3e3-a766f23fdee1.png,holdout,transformer_explainability,Mexico City Mexico,2,ClayTiles,0.9999290704727173,IDEA-Research/grounding-dino-base,facebook/sam-vit-huge,building . rooftop . roof,0.2,0.15,1,1,False,5103,80.0,0.0471242852509022,0.20007838526357044,224,224,81,63,1.0,0.0,0.20007838526357044,1.0,0.20007838526357044,1021,1021,5103,5103,0.401,success
ClayTiles__Mexico_City_Mexico-mexico-earthquake_00000158_pre_disaster_b58978eb-54f5-483f-9f80-995871603d67.png,/scratch/yd3288/RoofNet-xAI/RoofNet-Images/ClayTiles/Mexico_City_Mexico-mexico-earthquake_00000158_pre_disaster_b58978eb-54f5-483f-9f80-995871603d67.png,Mexico_City_Mexico-mexico-earthquake_00000158_pre_disaster_b58978eb-54f5-483f-9f80-995871603d67.png,holdout,transformer_explainability,Mexico City Mexico,2,ClayTiles,0.9999984502792358,IDEA-Research/grounding-dino-base,facebook/sam-vit-huge,building . rooftop . roof,0.2,0.15,0,1,True,4690,80.0,0.0747039407491684,0.2,224,224,67,70,1.0,0.0,0.2,1.0,0.2,938,938,4690,4690,0.397,success
ClayTiles__Mexico_City_Mexico-mexico-earthquake_00000160_pre_disaster_7a8501b0-f020-4f53-80fa-257a2144563e.png,/scratch/yd3288/RoofNet-xAI/RoofNet-Images/ClayTiles/Mexico_City_Mexico-mexico-earthquake_00000160_pre_disaster_7a8501b0-f020-4f53-80fa-257a2144563e.png,Mexico_City_Mexico-mexico-earthquake_00000160_pre_disaster_7a8501b0-f020-4f53-80fa-257a2144563e.png,holdout,transformer_explainability,Mexico City Mexico,2,ClayTiles,0.9999973773956299,IDEA-Research/grounding-dino-base,facebook/sam-vit-huge,building . rooftop . roof,0.2,0.15,1,1,False,231,80.0,0.03898051604628563,0.20010252904989748,224,224,77,76,0.048510871384970275,0.9514891286150298,0.10133542812254517,0.11016225448334757,0.5584415584415584,1171,129,1273,231,0.394,success
ClayTiles__Mexico_City_Mexico-mexico-earthquake_00000171_pre_disaster_62ccada5-a348-4e13-84ef-f4d7ae057980.png,/scratch/yd3288/RoofNet-xAI/RoofNet-Images/ClayTiles/Mexico_City_Mexico-mexico-earthquake_00000171_pre_disaster_62ccada5-a348-4e13-84ef-f4d7ae057980.png,Mexico_City_Mexico-mexico-earthquake_00000171_pre_disaster_62ccada5-a348-4e13-84ef-f4d7ae057980.png,holdout,transformer_explainability,Mexico City Mexico,9,AmorphousConcrete,0.9557616114616394,IDEA-Research/grounding-dino-base,facebook/sam-vit-huge,building . rooftop . roof,0.2,0.15,6,6,False,4485,80.0,0.19946919679641725,0.2,224,224,69,65,1.0,0.0,0.2,1.0,0.2,897,897,4485,4485,0.402,success
ClayTiles__Mexico_City_Mexico-mexico-earthquake_00000173_pre_disaster_559434aa-7476-4d88-8c15-2a0a36a548c3.png,/scratch/yd3288/RoofNet-xAI/RoofNet-Images/ClayTiles/Mexico_City_Mexico-mexico-earthquake_00000173_pre_disaster_559434aa-7476-4d88-8c15-2a0a36a548c3.png,Mexico_City_Mexico-mexico-earthquake_00000173_pre_disaster_559434aa-7476-4d88-8c15-2a0a36a548c3.png,holdout,transformer_explainability,Mexico City Mexico,2,ClayTiles,0.9999829530715942,IDEA-Research/grounding-dino-base,facebook/sam-vit-huge,building . rooftop . roof,0.2,0.15,10,10,False,11794,80.0,0.05994735658168793,0.20022834308548595,224,224,143,98,0.6612343498877844,0.33876565011221554,0.15533750098915883,0.6995723449750535,0.16644056299813464,2806,1963,12637,11794,0.423,success
ConcreteTiles__Bucharest_Romania_heightNA_numstoriesNA_roofshapeNA_fpArea3039_imsat_44.4408404526.08483712_1.jpg,/scratch/yd3288/RoofNet-xAI/RoofNet-Images/ConcreteTiles/Bucharest_Romania_heightNA_numstoriesNA_roofshapeNA_fpArea3039_imsat_44.4408404526.08483712_1.jpg,Bucharest_Romania_heightNA_numstoriesNA_roofshapeNA_fpArea3039_imsat_44.4408404526.08483712_1.jpg,holdout,transformer_explainability,Bucharest Romania,2,ClayTiles,0.9645780324935913,IDEA-Research/grounding-dino-base,facebook/sam-vit-huge,building . rooftop . roof,0.2,0.15,13,13,False,204906,80.0,0.07611373513937,0.2000011697000889,224,224,536,638,0.438644629216785,0.5613553707832151,0.11179815961402338,0.40181887300055563,0.13412003552848623,68394,27482,245818,204906,0.443,success
ConcreteTiles__Vilnius_Lithuania_heightNA_numstoriesNA_roofshapeNA_fpArea677_imsat_54.6756415925.39736817.jpg,/scratch/yd3288/RoofNet-xAI/RoofNet-Images/ConcreteTiles/Vilnius_Lithuania_heightNA_numstoriesNA_roofshapeNA_fpArea677_imsat_54.6756415925.39736817.jpg,Vilnius_Lithuania_heightNA_numstoriesNA_roofshapeNA_fpArea677_imsat_54.6756415925.39736817.jpg,holdout,transformer_explainability,Vilnius Lithuania,6,MetalSheetMaterials,0.9865429401397705,IDEA-Research/grounding-dino-base,facebook/sam-vit-huge,building . rooftop . roof,0.2,0.15,2,2,False,259578,80.0,0.05902370437979698,0.20000254861482783,224,224,492,638,0.8290688329038085,0.17093116709619152,0.189460245302791,0.8178719337368588,0.1978056692015502,62780,51346,271012,259578,0.365,success
ConcreteTiles__Sedona_AZ_heightNA_numstoriesNA_roofshapeNA_fpArea2419_imsat_34.86155629-111.80388457.jpg,/scratch/yd3288/RoofNet-xAI/RoofNet-Images/ConcreteTiles/Sedona_AZ_heightNA_numstoriesNA_roofshapeNA_fpArea2419_imsat_34.86155629-111.80388457.jpg,Sedona_AZ_heightNA_numstoriesNA_roofshapeNA_fpArea2419_imsat_34.86155629-111.80388457.jpg,holdout,transformer_explainability,Sedona Az Heightna Numstoriesna Roofshapena Fparea2419 Imsat 34.86155629,10,AmorphousAsphalt,0.7675130367279053,IDEA-Research/grounding-dino-base,facebook/sam-vit-huge,building . rooftop . roof,0.2,0.15,2,2,False,182498,80.0,0.09111204445362091,0.2000025145424371,224,224,638,374,0.7223068328798673,0.2776931671201327,0.18390509053322293,0.7493661337300672,0.19595831187191093,47723,35762,194459,182498,0.404,success
ConcreteTiles__Vilnius_Lithuania_heightNA_numstoriesNA_roofshapeNA_fpArea1246_imsat_54.756303625.2685726.jpg,/scratch/yd3288/RoofNet-xAI/RoofNet-Images/ConcreteTiles/Vilnius_Lithuania_heightNA_numstoriesNA_roofshapeNA_fpArea1246_imsat_54.756303625.2685726.jpg,Vilnius_Lithuania_heightNA_numstoriesNA_roofshapeNA_fpArea1246_imsat_54.756303625.2685726.jpg,holdout,transformer_explainability,Vilnius Lithuania,6,MetalSheetMaterials,0.9978834986686707,IDEA-Research/grounding-dino-base,facebook/sam-vit-huge,building . rooftop . roof,0.2,0.15,6,6,False,399480,80.0,0.07443118244409565,0.20000049134737277,224,224,638,638,0.9912622077564192,0.008737792243580875,0.20101547944315962,0.9886744708815979,0.2014794232502253,81409,80487,400402,399480,0.365,success
MetalSheetMaterials__Tallinn_Estonia_height9.8_numstories1_roofshapeNA_fpArea524_imsat_59.416230824.7412088.jpg,/scratch/yd3288/RoofNet-xAI/RoofNet-Images/MetalSheetMaterials/Tallinn_Estonia_height9.8_numstories1_roofshapeNA_fpArea524_imsat_59.416230824.7412088.jpg,Tallinn_Estonia_height9.8_numstories1_roofshapeNA_fpArea524_imsat_59.416230824.7412088.jpg,holdout,transformer_explainability,Tallinn Estonia,6,MetalSheetMaterials,0.9293058514595032,IDEA-Research/grounding-dino-base,facebook/sam-vit-huge,building . rooftop . roof,0.2,0.15,1,1,False,302278,80.0,0.05485560074448586,0.2,224,224,565,638,0.7776876929541235,0.2223123070458764,0.18817323744295136,0.8223985352456515,0.19614394696272966,72094,59290,315082,302278,1.364,success
ConcreteTiles__Los_Angeles_California_height16.1_numstoriesNA_roofshapeNA_fpArea1276_imsat_33.96320778-118.26972669.jpg,/scratch/yd3288/RoofNet-xAI/RoofNet-Images/ConcreteTiles/Los_Angeles_California_height16.1_numstoriesNA_roofshapeNA_fpArea1276_imsat_33.96320778-118.26972669.jpg,Los_Angeles_California_height16.1_numstoriesNA_roofshapeNA_fpArea1276_imsat_33.96320778-118.26972669.jpg,holdout,transformer_explainability,Los Angeles California Height16.1 Numstoriesna Roofshapena Fparea1276 Imsat 33.96320778,10,AmorphousAsphalt,0.4180647134780884,IDEA-Research/grounding-dino-base,facebook/sam-vit-huge,building . rooftop . roof,0.2,0.15,3,3,False,248497,80.0,0.06753253936767578,0.20001380262249827,224,224,483,600,0.7302489616933522,0.26975103830664776,0.17511206205688037,0.7878683320681803,0.18377686652152742,57964,45668,260793,248497,0.361,success
ConcreteTiles__Sydney_Australia_heightNA_numstoriesNA_roofshapeNA_fpArea440_imsat_-33.73576142151.01521557.jpg,/scratch/yd3288/RoofNet-xAI/RoofNet-Images/ConcreteTiles/Sydney_Australia_heightNA_numstoriesNA_roofshapeNA_fpArea440_imsat_-33.73576142151.01521557.jpg,Sydney_Australia_heightNA_numstoriesNA_roofshapeNA_fpArea440_imsat_-33.73576142151.01521557.jpg,holdout,transformer_explainability,Sydney Australia Heightna Numstoriesna Roofshapena Fparea440 Imsat ,6,MetalSheetMaterials,0.9795979857444763,IDEA-Research/grounding-dino-base,facebook/sam-vit-huge,building . rooftop . roof,0.2,0.15,1,1,False,365428,80.0,0.05078962445259096,0.20000049134737277,224,224,638,638,0.9057063665097854,0.0942936334902146,0.19610414988074748,0.8999005024014544,0.2004772485961667,81409,73260,373577,365428,0.874,success
ConcreteTiles__London_United_Kingdom_heightNA_numstories2_roofshapeNA_fpArea1073_imsat_52.23572920.92783305.jpg,/scratch/yd3288/RoofNet-xAI/RoofNet-Images/ConcreteTiles/London_United_Kingdom_heightNA_numstories2_roofshapeNA_fpArea1073_imsat_52.23572920.92783305.jpg,London_United_Kingdom_heightNA_numstories2_roofshapeNA_fpArea1073_imsat_52.23572920.92783305.jpg,holdout,transformer_explainability,London United Kingdom,5,WoodTiles,0.33502164483070374,IDEA-Research/grounding-dino-base,facebook/sam-vit-huge,building . rooftop . roof,0.2,0.15,1,1,False,239242,80.0,0.09809101074934014,0.20000211496975592,224,224,503,564,0.7870081910772687,0.2129918089227313,0.170709036397149,0.7606584536209662,0.1803989266098762,56739,43159,252822,239242,0.698,success
ConcreteTiles__Sydney_Australia_heightNA_numstoriesNA_roofshapeNA_fpArea1643_imsat_-33.75019662150.80293436.jpg,/scratch/yd3288/RoofNet-xAI/RoofNet-Images/ConcreteTiles/Sydney_Australia_heightNA_numstoriesNA_roofshapeNA_fpArea1643_imsat_-33.75019662150.80293436.jpg,Sydney_Australia_heightNA_numstoriesNA_roofshapeNA_fpArea1643_imsat_-33.75019662150.80293436.jpg,holdout,transformer_explainability,Sydney Australia Heightna Numstoriesna Roofshapena Fparea1643 Imsat ,2,ClayTiles,0.5219362378120422,IDEA-Research/grounding-dino-base,facebook/sam-vit-huge,building . rooftop . roof,0.2,0.15,3,3,False,364030,80.0,0.07708668559789658,0.20000049134737277,224,224,638,638,0.8675892613603255,0.13241073863967448,0.1977644047196498,0.9034259111400459,0.20203554652089115,81409,73547,371892,364030,0.692,success
ConcreteTiles__Sofia_Bulgaria_heightNA_numstoriesNA_roofshapeNA_fpArea993_imsat_42.6710926523.22506315.jpg,/scratch/yd3288/RoofNet-xAI/RoofNet-Images/ConcreteTiles/Sofia_Bulgaria_heightNA_numstoriesNA_roofshapeNA_fpArea993_imsat_42.6710926523.22506315.jpg,Sofia_Bulgaria_heightNA_numstoriesNA_roofshapeNA_fpArea993_imsat_42.6710926523.22506315.jpg,holdout,transformer_explainability,Sofia Bulgaria,6,MetalSheetMaterials,0.9998748302459717,IDEA-Research/grounding-dino-base,facebook/sam-vit-huge,building . rooftop . roof,0.2,0.15,9,9,False,164020,80.0,0.04842966198921204,0.20000146841260927,224,224,531,513,0.773449466545492,0.226550533454508,0.2589218838224957,0.8248563719461831,0.273984879892696,54481,44939,173562,164020,0.694,success
ConcreteTiles__Los_Angeles_California_height21.7_numstoriesNA_roofshapeNA_fpArea3862_imsat_34.18349807-118.62469487.jpg,/scratch/yd3288/RoofNet-xAI/RoofNet-Images/ConcreteTiles/Los_Angeles_California_height21.7_numstoriesNA_roofshapeNA_fpArea3862_imsat_34.18349807-118.62469487.jpg,Los_Angeles_California_height21.7_numstoriesNA_roofshapeNA_fpArea3862_imsat_34.18349807-118.62469487.jpg,holdout,transformer_explainability,Los Angeles California Height21.7 Numstoriesna Roofshapena Fparea3862 Imsat 34.18349807,2,ClayTiles,0.9999933242797852,IDEA-Research/grounding-dino-base,facebook/sam-vit-huge,building . rooftop . roof,0.2,0.15,9,9,False,219245,80.0,0.042498897016048434,0.2,224,224,600,603,0.726991565448776,0.27300843455122403,0.2266381185140939,0.7445826423438364,0.24574334648452645,72360,53878,237727,219245,0.696,success
ConcreteTiles__Helsinki_Finland_heightNA_numstoriesNA_roofshapeNA_fpArea2001_imsat_60.262904725.02218477.jpg,/scratch/yd3288/RoofNet-xAI/RoofNet-Images/ConcreteTiles/Helsinki_Finland_heightNA_numstoriesNA_roofshapeNA_fpArea2001_imsat_60.262904725.02218477.jpg,Helsinki_Finland_heightNA_numstoriesNA_roofshapeNA_fpArea2001_imsat_60.262904725.02218477.jpg,holdout,transformer_explainability,Helsinki Finland,6,MetalSheetMaterials,0.9990744590759277,IDEA-Research/grounding-dino-base,facebook/sam-vit-huge,building . rooftop . roof,0.2,0.15,7,7,False,249367,80.0,0.05757569968700412,0.2000015071135761,224,224,624,638,0.7578548817031759,0.24214511829682403,0.259238845445742,0.8506210517061653,0.27160370056984284,79623,67729,261261,249367,0.705,success
ConcreteTiles__Lynn_Haven_Florida-hurricane-michael_00000059_pre_disaster_064ab2aa-149a-4779-992c-b72d2ec6a514.png,/scratch/yd3288/RoofNet-xAI/RoofNet-Images/ConcreteTiles/Lynn_Haven_Florida-hurricane-michael_00000059_pre_disaster_064ab2aa-149a-4779-992c-b72d2ec6a514.png,Lynn_Haven_Florida-hurricane-michael_00000059_pre_disaster_064ab2aa-149a-4779-992c-b72d2ec6a514.png,holdout,transformer_explainability,Lynn Haven Florida,6,MetalSheetMaterials,0.9999445676803589,IDEA-Research/grounding-dino-base,facebook/sam-vit-huge,building . rooftop . roof,0.2,0.15,9,9,False,6912,80.0,0.04350086823105812,0.20008680555555555,224,224,72,96,1.0,0.0,0.20008680555555555,1.0,0.20008680555555555,1383,1383,6912,6912,0.72,success
ConcreteTiles__Lynn_Haven_Florida-hurricane-michael_00000101_pre_disaster_bc4bf220-357b-4ea6-b1dd-99d05537789d.png,/scratch/yd3288/RoofNet-xAI/RoofNet-Images/ConcreteTiles/Lynn_Haven_Florida-hurricane-michael_00000101_pre_disaster_bc4bf220-357b-4ea6-b1dd-99d05537789d.png,Lynn_Haven_Florida-hurricane-michael_00000101_pre_disaster_bc4bf220-357b-4ea6-b1dd-99d05537789d.png,holdout,transformer_explainability,Lynn Haven Florida,10,AmorphousAsphalt,0.6412086486816406,IDEA-Research/grounding-dino-base,facebook/sam-vit-huge,building . rooftop . roof,0.2,0.15,1,1,False,6460,80.0,0.04134046658873559,0.2,224,224,85,76,1.0,0.0,0.2,1.0,0.2,1292,1292,6460,6460,0.734,success
ConcreteTiles__Lynn_Haven_Florida-hurricane-michael_00000489_pre_disaster_c37b5d38-3782-489d-81bd-08864e0e8fe1.png,/scratch/yd3288/RoofNet-xAI/RoofNet-Images/ConcreteTiles/Lynn_Haven_Florida-hurricane-michael_00000489_pre_disaster_c37b5d38-3782-489d-81bd-08864e0e8fe1.png,Lynn_Haven_Florida-hurricane-michael_00000489_pre_disaster_c37b5d38-3782-489d-81bd-08864e0e8fe1.png,holdout,transformer_explainability,Lynn Haven Florida,6,MetalSheetMaterials,0.42987003922462463,IDEA-Research/grounding-dino-base,facebook/sam-vit-huge,building . rooftop . roof,0.2,0.15,2,2,False,5772,80.0,0.060310655087232594,0.2001039501039501,224,224,74,78,1.0,0.0,0.2001039501039501,1.0,0.2001039501039501,1155,1155,5772,5772,0.734,success
ConcreteTiles__Lynn_Haven_Florida-hurricane-michael_00000494_pre_disaster_ecd128c7-2c9e-4799-8571-7ad288b3f044.png,/scratch/yd3288/RoofNet-xAI/RoofNet-Images/ConcreteTiles/Lynn_Haven_Florida-hurricane-michael_00000494_pre_disaster_ecd128c7-2c9e-4799-8571-7ad288b3f044.png,Lynn_Haven_Florida-hurricane-michael_00000494_pre_disaster_ecd128c7-2c9e-4799-8571-7ad288b3f044.png,holdout,transformer_explainability,Lynn Haven Florida,6,MetalSheetMaterials,0.7227212190628052,IDEA-Research/grounding-dino-base,facebook/sam-vit-huge,building . rooftop . roof,0.2,0.15,2,2,False,5840,80.0,0.0397870622575283,0.2,224,224,73,80,1.0,0.0,0.2,1.0,0.2,1168,1168,5840,5840,0.734,success
ConcreteTiles__Lynn_Haven_Florida-hurricane-michael_00000497_pre_disaster_c9d1b6ee-a1fd-4f4e-b784-fcafae15a9f8.png,/scratch/yd3288/RoofNet-xAI/RoofNet-Images/ConcreteTiles/Lynn_Haven_Florida-hurricane-michael_00000497_pre_disaster_c9d1b6ee-a1fd-4f4e-b784-fcafae15a9f8.png,Lynn_Haven_Florida-hurricane-michael_00000497_pre_disaster_c9d1b6ee-a1fd-4f4e-b784-fcafae15a9f8.png,holdout,transformer_explainability,Lynn Haven Florida,3,AsphaltTiles,0.9705083966255188,IDEA-Research/grounding-dino-base,facebook/sam-vit-huge,building . rooftop . roof,0.2,0.15,4,4,False,9402,80.0,0.040146563202142715,0.20008496176720475,224,224,107,88,0.9986377203692497,0.0013622796307502733,0.19987242185838827,0.9978768577494692,0.1999574558604552,1884,1880,9406,9402,0.717,success
ConcreteTiles__Lynn_Haven_Florida-hurricane-michael_00000512_pre_disaster_4d2e6d25-d8a7-4154-aa36-9b139ca56df5.png,/scratch/yd3288/RoofNet-xAI/RoofNet-Images/ConcreteTiles/Lynn_Haven_Florida-hurricane-michael_00000512_pre_disaster_4d2e6d25-d8a7-4154-aa36-9b139ca56df5.png,Lynn_Haven_Florida-hurricane-michael_00000512_pre_disaster_4d2e6d25-d8a7-4154-aa36-9b139ca56df5.png,holdout,transformer_explainability,Lynn Haven Florida,10,AmorphousAsphalt,0.45076215267181396,IDEA-Research/grounding-dino-base,facebook/sam-vit-huge,building . rooftop . roof,0.2,0.15,2,2,False,5392,80.0,0.06905118376016617,0.2003302146395157,224,224,69,79,0.9821856299222996,0.01781437007770039,0.19410681399631677,0.9652014652014652,0.1954747774480712,1092,1054,5430,5392,0.745,success
ConcreteTiles__Lynn_Haven_Florida-hurricane-michael_00000515_pre_disaster_41db2e51-024e-4b7d-8f10-a1945421b3fb.png,/scratch/yd3288/RoofNet-xAI/RoofNet-Images/ConcreteTiles/Lynn_Haven_Florida-hurricane-michael_00000515_pre_disaster_41db2e51-024e-4b7d-8f10-a1945421b3fb.png,Lynn_Haven_Florida-hurricane-michael_00000515_pre_disaster_41db2e51-024e-4b7d-8f10-a1945421b3fb.png,holdout,transformer_explainability,Lynn Haven Florida,10,AmorphousAsphalt,0.8990788459777832,IDEA-Research/grounding-dino-base,facebook/sam-vit-huge,building . rooftop . roof,0.2,0.15,13,13,False,7200,80.0,0.07363212257623673,0.2,224,224,90,80,1.0,0.0,0.2,1.0,0.2,1440,1440,7200,7200,0.746,success
ConcreteTiles__Lynn_Haven_Florida-hurricane-michael_00000517_pre_disaster_ab23a646-bfdd-40ae-91bd-7bb3af5a0f77.png,/scratch/yd3288/RoofNet-xAI/RoofNet-Images/ConcreteTiles/Lynn_Haven_Florida-hurricane-michael_00000517_pre_disaster_ab23a646-bfdd-40ae-91bd-7bb3af5a0f77.png,Lynn_Haven_Florida-hurricane-michael_00000517_pre_disaster_ab23a646-bfdd-40ae-91bd-7bb3af5a0f77.png,holdout,transformer_explainability,Lynn Haven Florida,10,AmorphousAsphalt,0.628349781036377,IDEA-Research/grounding-dino-base,facebook/sam-vit-huge,building . rooftop . roof,0.2,0.15,3,3,False,5550,80.0,0.05599298179149627,0.2,224,224,74,75,1.0,0.0,0.2,1.0,0.2,1110,1110,5550,5550,0.723,success
ConcreteTiles__Lynn_Haven_Florida-hurricane-michael_00000519_pre_disaster_1dcd4179-f9ba-4198-9349-25b7c5876107.png,/scratch/yd3288/RoofNet-xAI/RoofNet-Images/ConcreteTiles/Lynn_Haven_Florida-hurricane-michael_00000519_pre_disaster_1dcd4179-f9ba-4198-9349-25b7c5876107.png,Lynn_Haven_Florida-hurricane-michael_00000519_pre_disaster_1dcd4179-f9ba-4198-9349-25b7c5876107.png,holdout,transformer_explainability,Lynn Haven Florida,6,MetalSheetMaterials,0.9985790252685547,IDEA-Research/grounding-dino-base,facebook/sam-vit-huge,building . rooftop . roof,0.2,0.15,6,6,False,6553,80.0,0.05167240872979165,0.20009150526155253,224,224,79,83,0.9993030857767958,0.0006969142232041864,0.20003051571559352,0.9992378048780488,0.20006104074469708,1312,1311,6554,6553,0.739,success
ConcreteTiles__Lynn_Haven_Florida-hurricane-michael_00000521_pre_disaster_1b5e6ab7-9ea1-46a6-bbad-347bec87a558.png,/scratch/yd3288/RoofNet-xAI/RoofNet-Images/ConcreteTiles/Lynn_Haven_Florida-hurricane-michael_00000521_pre_disaster_1b5e6ab7-9ea1-46a6-bbad-347bec87a558.png,Lynn_Haven_Florida-hurricane-michael_00000521_pre_disaster_1b5e6ab7-9ea1-46a6-bbad-347bec87a558.png,holdout,transformer_explainability,Lynn Haven Florida,3,AsphaltTiles,0.5239871740341187,IDEA-Research/grounding-dino-base,facebook/sam-vit-huge,building . rooftop . roof,0.2,0.15,3,3,False,6964,80.0,0.07777004688978195,0.20008605851979347,224,224,84,83,0.9993109393408961,0.0006890606591038847,0.20031591039632396,1.0,0.20031591039632396,1395,1395,6964,6964,0.732,success
ConcreteTiles__Lynn_Haven_Florida-hurricane-michael_00000527_pre_disaster_c4334ed0-4651-46c1-a3a7-9751c9be8d5a.png,/scratch/yd3288/RoofNet-xAI/RoofNet-Images/ConcreteTiles/Lynn_Haven_Florida-hurricane-michael_00000527_pre_disaster_c4334ed0-4651-46c1-a3a7-9751c9be8d5a.png,Lynn_Haven_Florida-hurricane-michael_00000527_pre_disaster_c4334ed0-4651-46c1-a3a7-9751c9be8d5a.png,holdout,transformer_explainability,Lynn Haven Florida,3,AsphaltTiles,0.4859412908554077,IDEA-Research/grounding-dino-base,facebook/sam-vit-huge,building . rooftop . roof,0.2,0.15,2,2,False,6640,80.0,0.0515088796615601,0.2,224,224,83,80,1.0,0.0,0.2,1.0,0.2,1328,1328,6640,6640,0.726,success
ConcreteTiles__Lynn_Haven_Florida-hurricane-michael_00000536_pre_disaster_4cddbab1-4f91-448c-883f-2ff70c7c1d5c.png,/scratch/yd3288/RoofNet-xAI/RoofNet-Images/ConcreteTiles/Lynn_Haven_Florida-hurricane-michael_00000536_pre_disaster_4cddbab1-4f91-448c-883f-2ff70c7c1d5c.png,Lynn_Haven_Florida-hurricane-michael_00000536_pre_disaster_4cddbab1-4f91-448c-883f-2ff70c7c1d5c.png,holdout,transformer_explainability,Lynn Haven Florida,6,MetalSheetMaterials,0.9982774257659912,IDEA-Research/grounding-dino-base,facebook/sam-vit-huge,building . rooftop . roof,0.2,0.15,3,3,False,6053,80.0,0.024532277137041095,0.20009784735812133,224,224,73,84,0.9728740050776725,0.02712599492232752,0.19520604170087014,0.9690301548492257,0.19643152155955723,1227,1189,6091,6053,0.736,success
ConcreteTiles__Lynn_Haven_Florida-hurricane-michael_00000546_pre_disaster_a4016532-d36d-405b-8fe5-9db92bdb9755.png,/scratch/yd3288/RoofNet-xAI/RoofNet-Images/ConcreteTiles/Lynn_Haven_Florida-hurricane-michael_00000546_pre_disaster_a4016532-d36d-405b-8fe5-9db92bdb9755.png,Lynn_Haven_Florida-hurricane-michael_00000546_pre_disaster_a4016532-d36d-405b-8fe5-9db92bdb9755.png,holdout,transformer_explainability,Lynn Haven Florida,6,MetalSheetMaterials,0.6379387974739075,IDEA-Research/grounding-dino-base,facebook/sam-vit-huge,building . rooftop . roof,0.2,0.15,3,3,False,5984,80.0,0.07624775469303141,0.20003342245989306,224,224,88,68,1.0,0.0,0.20003342245989306,1.0,0.20003342245989306,1197,1197,5984,5984,0.7,success
StoneSlates__Horsham_England_heightNA_numstoriesNA_roofshapeNA_fpArea5234_imsat_51.07771364-0.28016643.jpg,/scratch/yd3288/RoofNet-xAI/RoofNet-Images/StoneSlates/Horsham_England_heightNA_numstoriesNA_roofshapeNA_fpArea5234_imsat_51.07771364-0.28016643.jpg,Horsham_England_heightNA_numstoriesNA_roofshapeNA_fpArea5234_imsat_51.07771364-0.28016643.jpg,holdout,transformer_explainability,Horsham England Heightna Numstoriesna Roofshapena Fparea5234 Imsat 51.07771364,10,AmorphousAsphalt,0.3576049208641052,IDEA-Research/grounding-dino-base,facebook/sam-vit-huge,building . rooftop . roof,0.2,0.15,5,5,False,171693,80.0,0.01867647059261799,0.20000335210512202,224,224,452,396,0.9698021322417915,0.03019786775820859,0.19436353798510297,0.9432107042096148,0.19666497760537704,35799,33766,173726,171693,0.758,success
GlassSheetMaterials__Valletta_Malta_heightNA_numstoriesNA_roofshapeNA_fpArea1434_imsat_35.8968340914.5104751.jpg,/scratch/yd3288/RoofNet-xAI/RoofNet-Images/GlassSheetMaterials/Valletta_Malta_heightNA_numstoriesNA_roofshapeNA_fpArea1434_imsat_35.8968340914.5104751.jpg,Valletta_Malta_heightNA_numstoriesNA_roofshapeNA_fpArea1434_imsat_35.8968340914.5104751.jpg,holdout,transformer_explainability,Valletta Malta,9,AmorphousConcrete,0.9974877834320068,IDEA-Research/grounding-dino-base,facebook/sam-vit-huge,building . rooftop . roof,0.2,0.15,6,6,False,369057,80.0,0.12216340005397798,0.20000049134737277,224,224,638,638,0.8162200643760756,0.18377993562392433,0.17187089456528243,0.8115441781621197,0.1790157076007229,81409,66067,384399,369057,0.694,success
GlassSheetMaterials__Lynn_Haven_Florida-hurricane-michael_00000386_pre_disaster_c4032398-2287-4889-be7b-246ffc3d6fa6.png,/scratch/yd3288/RoofNet-xAI/RoofNet-Images/GlassSheetMaterials/Lynn_Haven_Florida-hurricane-michael_00000386_pre_disaster_c4032398-2287-4889-be7b-246ffc3d6fa6.png,Lynn_Haven_Florida-hurricane-michael_00000386_pre_disaster_c4032398-2287-4889-be7b-246ffc3d6fa6.png,holdout,transformer_explainability,Lynn Haven Florida,3,AsphaltTiles,0.5687254071235657,IDEA-Research/grounding-dino-base,facebook/sam-vit-huge,building . rooftop . roof,0.2,0.15,4,4,False,6004,80.0,0.06335320174694062,0.20003331112591605,224,224,76,79,1.0,0.0,0.20003331112591605,1.0,0.20003331112591605,1201,1201,6004,6004,0.696,success
GlassSheetMaterials__Hawaii-lower-puna-volcano_00000176_pre_disaster_76e61d8b-ec8c-4798-99d5-fcb71c59c626.png,/scratch/yd3288/RoofNet-xAI/RoofNet-Images/GlassSheetMaterials/Hawaii-lower-puna-volcano_00000176_pre_disaster_76e61d8b-ec8c-4798-99d5-fcb71c59c626.png,Hawaii-lower-puna-volcano_00000176_pre_disaster_76e61d8b-ec8c-4798-99d5-fcb71c59c626.png,holdout,transformer_explainability,Hawaii,6,MetalSheetMaterials,0.9999229907989502,IDEA-Research/grounding-dino-base,facebook/sam-vit-huge,building . rooftop . roof,0.2,0.15,6,6,False,6244,80.0,0.038439993560314197,0.2,224,224,125,124,0.44012204814275907,0.559877951857241,0.1913808491648604,0.4841935483870968,0.24039077514413837,3100,1501,7843,6244,0.718,success
GreenVegetative__Colombo_Sri_Lanka_heightNA_numstories1_roofshapeNA_fpArea655_imsat_6.897720979.8814803.jpg,/scratch/yd3288/RoofNet-xAI/RoofNet-Images/GreenVegetative/Colombo_Sri_Lanka_heightNA_numstories1_roofshapeNA_fpArea655_imsat_6.897720979.8814803.jpg,Colombo_Sri_Lanka_heightNA_numstories1_roofshapeNA_fpArea655_imsat_6.897720979.8814803.jpg,holdout,transformer_explainability,Colombo Sri Lanka,9,AmorphousConcrete,0.48940104246139526,IDEA-Research/grounding-dino-base,facebook/sam-vit-huge,building . rooftop . roof,0.2,0.15,1,1,False,223019,80.0,0.1102042749524117,0.20000070762894767,224,224,638,443,0.7862476957899137,0.21375230421008626,0.18067973999755033,0.756788791197127,0.19181773750218592,56527,42779,236767,223019,0.732,success
GreenVegetative__Colombo_Sri_Lanka_heightNA_numstories14_roofshapeNA_fpArea511_imsat_6.8872978379.86079161.jpg,/scratch/yd3288/RoofNet-xAI/RoofNet-Images/GreenVegetative/Colombo_Sri_Lanka_heightNA_numstories14_roofshapeNA_fpArea511_imsat_6.8872978379.86079161.jpg,Colombo_Sri_Lanka_heightNA_numstories14_roofshapeNA_fpArea511_imsat_6.8872978379.86079161.jpg,holdout,transformer_explainability,Colombo Sri Lanka,9,AmorphousConcrete,0.837393045425415,IDEA-Research/grounding-dino-base,facebook/sam-vit-huge,building . rooftop . roof,0.2,0.15,2,2,False,268734,80.0,0.06675027310848237,0.2,224,224,580,638,0.6855460137711935,0.3144539862288065,0.17371367909182747,0.6854258999027132,0.18876286588224786,74008,50727,292015,268734,0.703,success
GreenVegetative__Santiago_Chile_heightNA_numstoriesNA_roofshapeNA_fpArea1456_imsat_-33.45925318-70.6369345.jpg,/scratch/yd3288/RoofNet-xAI/RoofNet-Images/GreenVegetative/Santiago_Chile_heightNA_numstoriesNA_roofshapeNA_fpArea1456_imsat_-33.45925318-70.6369345.jpg,Santiago_Chile_heightNA_numstoriesNA_roofshapeNA_fpArea1456_imsat_-33.45925318-70.6369345.jpg,holdout,transformer_explainability,Santiago Chile Heightna Numstoriesna Roofshapena Fparea1456 Imsat ,14,GreenVegetative,0.5426449179649353,IDEA-Research/grounding-dino-base,facebook/sam-vit-huge,building . rooftop . roof,0.2,0.15,6,6,False,252842,80.0,0.033822264522314086,0.20000065581511262,224,224,478,638,0.5764283713231503,0.42357162867684967,0.13894030121575032,0.6276949813913072,0.15141867253067132,60993,38285,275550,252842,0.72,success
GreenVegetative__Bogotá_Colombia_heightNA_numstoriesNA_roofshapeNA_fpArea18473_imsat_4.58906441-74.15710979.jpg,/scratch/yd3288/RoofNet-xAI/RoofNet-Images/GreenVegetative/Bogotá_Colombia_heightNA_numstoriesNA_roofshapeNA_fpArea18473_imsat_4.58906441-74.15710979.jpg,Bogotá_Colombia_heightNA_numstoriesNA_roofshapeNA_fpArea18473_imsat_4.58906441-74.15710979.jpg,holdout,transformer_explainability,Bogotá Colombia Heightna Numstoriesna Roofshapena Fparea18473 Imsat 4.58906441,14,GreenVegetative,0.9090196490287781,IDEA-Research/grounding-dino-base,facebook/sam-vit-huge,building . rooftop . roof,0.2,0.15,7,7,False,148179,80.0,0.0969245657324791,0.20000383461313548,224,224,638,327,0.6659013733773144,0.3340986266226856,0.1695674131007809,0.6598523702247999,0.1858090552642412,41726,27533,162372,148179,0.721,success
GreenVegetative__Toronto_Canada_heightNA_numstoriesNA_roofshapeNA_fpArea9245_imsat_43.67561722-79.39783072.jpg,/scratch/yd3288/RoofNet-xAI/RoofNet-Images/GreenVegetative/Toronto_Canada_heightNA_numstoriesNA_roofshapeNA_fpArea9245_imsat_43.67561722-79.39783072.jpg,Toronto_Canada_heightNA_numstoriesNA_roofshapeNA_fpArea9245_imsat_43.67561722-79.39783072.jpg,holdout,transformer_explainability,Toronto Canada Heightna Numstoriesna Roofshapena Fparea9245 Imsat 43.67561722,14,GreenVegetative,0.9520068168640137,IDEA-Research/grounding-dino-base,facebook/sam-vit-huge,building . rooftop . roof,0.2,0.15,7,7,False,320587,80.0,0.06503950655460358,0.20000055931696212,224,224,593,603,0.947736406716627,0.05226359328337301,0.21841877114970495,0.9828569830527435,0.21925405584131608,71516,70290,321813,320587,0.696,success
GreenVegetative__Casablanca_Morocco_heightNA_numstoriesNA_roofshapeNA_fpArea5130_imsat_33.58877131-7.61148217.jpg,/scratch/yd3288/RoofNet-xAI/RoofNet-Images/GreenVegetative/Casablanca_Morocco_heightNA_numstoriesNA_roofshapeNA_fpArea5130_imsat_33.58877131-7.61148217.jpg,Casablanca_Morocco_heightNA_numstoriesNA_roofshapeNA_fpArea5130_imsat_33.58877131-7.61148217.jpg,holdout,transformer_explainability,Casablanca Morocco Heightna Numstoriesna Roofshapena Fparea5130 Imsat 33.58877131,9,AmorphousConcrete,0.959029495716095,IDEA-Research/grounding-dino-base,facebook/sam-vit-huge,building . rooftop . roof,0.2,0.15,2,2,False,366254,80.0,0.0830664947628975,0.20000049134737277,224,224,638,638,0.8536150981970686,0.1463849018029314,0.18194539420357966,0.8464911741944994,0.1881535764797108,81409,68912,378751,366254,0.688,success
GreenVegetative__Stockholm_Sweden_heightNA_numstoriesNA_roofshapeNA_fpArea5073_imsat_59.3943960517.89942396.jpg,/scratch/yd3288/RoofNet-xAI/RoofNet-Images/GreenVegetative/Stockholm_Sweden_heightNA_numstoriesNA_roofshapeNA_fpArea5073_imsat_59.3943960517.89942396.jpg,Stockholm_Sweden_heightNA_numstoriesNA_roofshapeNA_fpArea5073_imsat_59.3943960517.89942396.jpg,holdout,transformer_explainability,Stockholm Sweden,10,AmorphousAsphalt,0.7414092421531677,IDEA-Research/grounding-dino-base,facebook/sam-vit-huge,building . rooftop . roof,0.2,0.15,14,14,False,158175,80.0,0.05525188520550728,0.200002368012882,224,224,599,564,0.6816988670430543,0.3183011329569457,0.26319470868679634,0.6961135448733128,0.29736051841315,67568,47035,178708,158175,0.713,success
GreenVegetative__Zagreb_Croatia_heightNA_numstoriesNA_roofshapeNA_fpArea1131_imsat_45.8165473816.03215927.jpg,/scratch/yd3288/RoofNet-xAI/RoofNet-Images/GreenVegetative/Zagreb_Croatia_heightNA_numstoriesNA_roofshapeNA_fpArea1131_imsat_45.8165473816.03215927.jpg,Zagreb_Croatia_heightNA_numstoriesNA_roofshapeNA_fpArea1131_imsat_45.8165473816.03215927.jpg,holdout,transformer_explainability,Zagreb Croatia,9,AmorphousConcrete,0.5232537388801575,IDEA-Research/grounding-dino-base,facebook/sam-vit-huge,building . rooftop . roof,0.2,0.15,8,8,False,232338,80.0,0.12061046063899994,0.20000277415596304,224,224,638,452,0.7828958297918559,0.2171041702081441,0.18187338264360087,0.773788057424232,0.19208652910845406,57676,44629,245385,232338,0.73,success
GreenVegetative__Tokyo_Japan_heightNA_numstoriesNA_roofshapeNA_fpArea1068_imsat_35.67259975139.6594345.jpg,/scratch/yd3288/RoofNet-xAI/RoofNet-Images/GreenVegetative/Tokyo_Japan_heightNA_numstoriesNA_roofshapeNA_fpArea1068_imsat_35.67259975139.6594345.jpg,Tokyo_Japan_heightNA_numstoriesNA_roofshapeNA_fpArea1068_imsat_35.67259975139.6594345.jpg,holdout,transformer_explainability,Tokyo Japan,11,AmorphousMembrane,0.6511900424957275,IDEA-Research/grounding-dino-base,facebook/sam-vit-huge,building . rooftop . roof,0.2,0.15,3,3,False,298974,80.0,0.06634047627449036,0.200002271591477,224,224,552,638,0.5922234508705202,0.40777654912947986,0.14974976345799512,0.6830881935373957,0.1609303819061189,70436,48114,321296,298974,0.698,success
GreenVegetative__Mexico_City_Mexico-mexico-earthquake_00000048_pre_disaster_307dd5a8-dfab-45c0-bfb8-96ea9cc35921.png,/scratch/yd3288/RoofNet-xAI/RoofNet-Images/GreenVegetative/Mexico_City_Mexico-mexico-earthquake_00000048_pre_disaster_307dd5a8-dfab-45c0-bfb8-96ea9cc35921.png,Mexico_City_Mexico-mexico-earthquake_00000048_pre_disaster_307dd5a8-dfab-45c0-bfb8-96ea9cc35921.png,holdout,transformer_explainability,Mexico City Mexico,11,AmorphousMembrane,0.5460900664329529,IDEA-Research/grounding-dino-base,facebook/sam-vit-huge,building . rooftop . roof,0.2,0.15,4,4,False,1290,80.0,0.02611517645418646,0.2,224,224,86,75,0.1940103744922352,0.8059896255077648,0.19610570236439498,0.32790697674418606,0.32790697674418606,1290,423,2157,1290,0.689,success
MetalSheetMaterials__San_José_Costa_Rica_heightNA_numstories4_roofshapeNA_fpArea10744_imsat_9.94861822-84.19171285.jpg,/scratch/yd3288/RoofNet-xAI/RoofNet-Images/MetalSheetMaterials/San_José_Costa_Rica_heightNA_numstories4_roofshapeNA_fpArea10744_imsat_9.94861822-84.19171285.jpg,San_José_Costa_Rica_heightNA_numstories4_roofshapeNA_fpArea10744_imsat_9.94861822-84.19171285.jpg,holdout,transformer_explainability,San José Costa Rica Heightna Numstories4 Roofshapena Fparea10744 Imsat 9.94861822,6,MetalSheetMaterials,0.9982847571372986,IDEA-Research/grounding-dino-base,facebook/sam-vit-huge,building . rooftop . roof,0.2,0.15,5,5,False,299113,80.0,0.03458496406674385,0.2,224,224,638,555,0.6469757943489263,0.35302420565107373,0.1681244631940585,0.7518286311389759,0.1780029620912498,70818,53243,316688,299113,0.73,success
MetalSheetMaterials__Manila_Philippines_heightNA_numstoriesNA_roofshapeNA_fpArea676_imsat_14.57425441121.00698201.jpg,/scratch/yd3288/RoofNet-xAI/RoofNet-Images/MetalSheetMaterials/Manila_Philippines_heightNA_numstoriesNA_roofshapeNA_fpArea676_imsat_14.57425441121.00698201.jpg,Manila_Philippines_heightNA_numstoriesNA_roofshapeNA_fpArea676_imsat_14.57425441121.00698201.jpg,holdout,transformer_explainability,Manila Philippines,9,AmorphousConcrete,0.8752938508987427,IDEA-Research/grounding-dino-base,facebook/sam-vit-huge,building . rooftop . roof,0.2,0.15,1,1,False,404148,80.0,0.03232390061020851,0.2000201452422834,224,224,638,638,0.9974703572817688,0.0025296427182311667,0.2010076725583604,0.9981576329267843,0.2010822767896909,81417,81267,404298,404148,0.684,success
MetalSheetMaterials__Kampala_Uganda_heightNA_numstoriesNA_roofshapeNA_fpArea235_imsat_0.3060482432.58882434.jpg,/scratch/yd3288/RoofNet-xAI/RoofNet-Images/MetalSheetMaterials/Kampala_Uganda_heightNA_numstoriesNA_roofshapeNA_fpArea235_imsat_0.3060482432.58882434.jpg,Kampala_Uganda_heightNA_numstoriesNA_roofshapeNA_fpArea235_imsat_0.3060482432.58882434.jpg,holdout,transformer_explainability,Kampala Uganda,12,AmorphousFabric,0.9610837697982788,IDEA-Research/grounding-dino-base,facebook/sam-vit-huge,building . rooftop . roof,0.2,0.15,1,1,False,404009,80.0,0.056077317893505105,0.20000049134737277,224,224,638,638,0.9921667792684367,0.007833220731563294,0.19959372497850003,0.9921016103870579,0.19991138811264106,81409,80766,404652,404009,0.682,success
MetalSheetMaterials__Ulaanbaatar_Mongolia_heightNA_numstoriesNA_roofshapeNA_fpArea1247_imsat_47.9544859106.83997454.jpg,/scratch/yd3288/RoofNet-xAI/RoofNet-Images/MetalSheetMaterials/Ulaanbaatar_Mongolia_heightNA_numstoriesNA_roofshapeNA_fpArea1247_imsat_47.9544859106.83997454.jpg,Ulaanbaatar_Mongolia_heightNA_numstoriesNA_roofshapeNA_fpArea1247_imsat_47.9544859106.83997454.jpg,holdout,transformer_explainability,Ulaanbaatar Mongolia,11,AmorphousMembrane,0.999718964099884,IDEA-Research/grounding-dino-base,facebook/sam-vit-huge,building . rooftop . roof,0.2,0.15,1,1,False,321317,80.0,0.09212263822555543,0.20000053312861193,224,224,588,638,0.7826978426864002,0.2173021573135998,0.18839389051134287,0.8374361913393488,0.19554520924818794,75029,62832,333514,321317,0.707,success
MetalSheetMaterials__Kathmandu_Nepal_heightNA_numstories1_roofshapeNA_fpArea799_imsat_27.7125558885.33981285.jpg,/scratch/yd3288/RoofNet-xAI/RoofNet-Images/MetalSheetMaterials/Kathmandu_Nepal_heightNA_numstories1_roofshapeNA_fpArea799_imsat_27.7125558885.33981285.jpg,Kathmandu_Nepal_heightNA_numstories1_roofshapeNA_fpArea799_imsat_27.7125558885.33981285.jpg,holdout,transformer_explainability,Kathmandu Nepal,6,MetalSheetMaterials,0.94316166639328,IDEA-Research/grounding-dino-base,facebook/sam-vit-huge,building . rooftop . roof,0.2,0.15,1,1,False,350948,80.0,0.07997323274612428,0.20000049134737277,224,224,638,638,0.957795714379732,0.04220428562026803,0.22300577053632042,0.9684064415482317,0.22464011762426342,81409,78837,353520,350948,0.686,success
MetalSheetMaterials__Warsaw_Poland_heightNA_numstoriesNA_roofshapeNA_fpArea1905_imsat_52.2485077321.19661922.jpg,/scratch/yd3288/RoofNet-xAI/RoofNet-Images/MetalSheetMaterials/Warsaw_Poland_heightNA_numstoriesNA_roofshapeNA_fpArea1905_imsat_52.2485077321.19661922.jpg,Warsaw_Poland_heightNA_numstoriesNA_roofshapeNA_fpArea1905_imsat_52.2485077321.19661922.jpg,holdout,transformer_explainability,Warsaw Poland,6,MetalSheetMaterials,0.9390955567359924,IDEA-Research/grounding-dino-base,facebook/sam-vit-huge,building . rooftop . roof,0.2,0.15,1,1,False,315404,80.0,0.05485900118947029,0.2000021544991328,224,224,638,582,0.8380970147594208,0.16190298524057925,0.20498112133984372,0.8925859097274588,0.21016537520132908,74264,66287,323381,315404,0.698,success
MetalSheetMaterials__Warsaw_Poland_heightNA_numstoriesNA_roofshapeNA_fpArea1263_imsat_52.2072798620.90840981.jpg,/scratch/yd3288/RoofNet-xAI/RoofNet-Images/MetalSheetMaterials/Warsaw_Poland_heightNA_numstoriesNA_roofshapeNA_fpArea1263_imsat_52.2072798620.90840981.jpg,Warsaw_Poland_heightNA_numstoriesNA_roofshapeNA_fpArea1263_imsat_52.2072798620.90840981.jpg,holdout,transformer_explainability,Warsaw Poland,6,MetalSheetMaterials,0.7065532207489014,IDEA-Research/grounding-dino-base,facebook/sam-vit-huge,building . rooftop . roof,0.2,0.15,3,3,False,196199,80.0,0.05893319249153137,0.20000158323042336,224,224,638,396,0.6901166091340333,0.3098833908659668,0.18439774189212543,0.7602018602810212,0.19578591124317657,50530,38413,208316,196199,5.366,success
MetalSheetMaterials__Santiago_Chile_heightNA_numstoriesNA_roofshapeNA_fpArea4692_imsat_-33.45162545-70.66090095.jpg,/scratch/yd3288/RoofNet-xAI/RoofNet-Images/MetalSheetMaterials/Santiago_Chile_heightNA_numstoriesNA_roofshapeNA_fpArea4692_imsat_-33.45162545-70.66090095.jpg,Santiago_Chile_heightNA_numstoriesNA_roofshapeNA_fpArea4692_imsat_-33.45162545-70.66090095.jpg,holdout,transformer_explainability,Santiago Chile Heightna Numstoriesna Roofshapena Fparea4692 Imsat ,9,AmorphousConcrete,0.574181079864502,IDEA-Research/grounding-dino-base,facebook/sam-vit-huge,building . rooftop . roof,0.2,0.15,9,9,False,175683,80.0,0.07068902999162674,0.20000317887952443,224,224,447,563,0.5693227392342036,0.4306772607657963,0.13715881361475182,0.5416128583633004,0.1551715305408036,50333,27261,198755,175683,0.51,success
MetalSheetMaterials__Cairo_Egypt_heightNA_numstoriesNA_roofshapeNA_fpArea569_imsat_30.0509604631.28448851.jpg,/scratch/yd3288/RoofNet-xAI/RoofNet-Images/MetalSheetMaterials/Cairo_Egypt_heightNA_numstoriesNA_roofshapeNA_fpArea569_imsat_30.0509604631.28448851.jpg,Cairo_Egypt_heightNA_numstoriesNA_roofshapeNA_fpArea569_imsat_30.0509604631.28448851.jpg,holdout,transformer_explainability,Cairo Egypt,9,AmorphousConcrete,0.9923893809318542,IDEA-Research/grounding-dino-base,facebook/sam-vit-huge,building . rooftop . roof,0.2,0.15,2,2,False,372930,80.0,0.049838074296712886,0.20000049134737277,224,224,638,638,0.9330051299253629,0.0669948700746371,0.19437799357515023,0.9082656708717709,0.19827045290000805,81409,73941,380398,372930,0.449,success
MetalSheetMaterials__Bamako_Mali_heightNA_numstoriesNA_roofshapeNA_fpArea494_imsat_12.62567257-8.0391671.jpg,/scratch/yd3288/RoofNet-xAI/RoofNet-Images/MetalSheetMaterials/Bamako_Mali_heightNA_numstoriesNA_roofshapeNA_fpArea494_imsat_12.62567257-8.0391671.jpg,Bamako_Mali_heightNA_numstoriesNA_roofshapeNA_fpArea494_imsat_12.62567257-8.0391671.jpg,holdout,transformer_explainability,Bamako Mali Heightna Numstoriesna Roofshapena Fparea494 Imsat 12.62567257,6,MetalSheetMaterials,0.9912227392196655,IDEA-Research/grounding-dino-base,facebook/sam-vit-huge,building . rooftop . roof,0.2,0.15,2,2,False,273864,80.0,0.03272281885147094,0.20000181202094697,224,224,519,638,0.5040083862364578,0.4959916137635421,0.13619780704391926,0.6155832389580974,0.14885855753220575,66225,40767,299322,273864,0.481,success
MetalSheetMaterials__Kinshasa_Democratic_Republic_of_the_Congo_heightNA_numstoriesNA_roofshapeNA_fpArea657_imsat_-4.4275998715.40875514.jpg,/scratch/yd3288/RoofNet-xAI/RoofNet-Images/MetalSheetMaterials/Kinshasa_Democratic_Republic_of_the_Congo_heightNA_numstoriesNA_roofshapeNA_fpArea657_imsat_-4.4275998715.40875514.jpg,Kinshasa_Democratic_Republic_of_the_Congo_heightNA_numstoriesNA_roofshapeNA_fpArea657_imsat_-4.4275998715.40875514.jpg,holdout,transformer_explainability,Kinshasa Democratic Republic Of The Congo Heightna Numstoriesna Roofshapena Fparea657 Imsat ,6,MetalSheetMaterials,0.9209326505661011,IDEA-Research/grounding-dino-base,facebook/sam-vit-huge,building . rooftop . roof,0.2,0.15,1,1,False,296502,80.0,0.05589268431067467,0.20000056687092915,224,224,553,638,0.7468544244053875,0.2531455755946124,0.1870022021944334,0.8195229794651588,0.19503409757775664,70563,57828,309237,296502,0.471,success
MetalSheetMaterials__Beijing_China_heightNA_numstoriesNA_roofshapeNA_fpArea40205_imsat_39.66817925116.79017695.jpg,/scratch/yd3288/RoofNet-xAI/RoofNet-Images/MetalSheetMaterials/Beijing_China_heightNA_numstoriesNA_roofshapeNA_fpArea40205_imsat_39.66817925116.79017695.jpg,Beijing_China_heightNA_numstoriesNA_roofshapeNA_fpArea40205_imsat_39.66817925116.79017695.jpg,holdout,transformer_explainability,Beijing China,6,MetalSheetMaterials,0.9999518394470215,IDEA-Research/grounding-dino-base,facebook/sam-vit-huge,building . rooftop . roof,0.2,0.15,3,3,False,324345,80.0,0.07245197594165803,0.2,224,224,638,610,0.7985979525486606,0.20140204745133936,0.19213132441909753,0.8327509121743152,0.19984276002404847,77836,64818,337363,324345,0.483,success
MetalSheetMaterials__Abidjan_Ivory_Coast_heightNA_numstoriesNA_roofshapeNA_fpArea1924_imsat_5.32959498-4.10578032.jpg,/scratch/yd3288/RoofNet-xAI/RoofNet-Images/MetalSheetMaterials/Abidjan_Ivory_Coast_heightNA_numstoriesNA_roofshapeNA_fpArea1924_imsat_5.32959498-4.10578032.jpg,Abidjan_Ivory_Coast_heightNA_numstoriesNA_roofshapeNA_fpArea1924_imsat_5.32959498-4.10578032.jpg,holdout,transformer_explainability,Abidjan Ivory Coast Heightna Numstoriesna Roofshapena Fparea1924 Imsat 5.32959498,9,AmorphousConcrete,0.9078051447868347,IDEA-Research/grounding-dino-base,facebook/sam-vit-huge,building . rooftop . roof,0.2,0.15,2,2,False,278425,80.0,0.07265021204948426,0.20000179473067076,224,224,524,638,0.7089761784186539,0.29102382158134615,0.1791455081293178,0.7845744283086311,0.1884133967854898,66863,52459,292829,278425,0.475,success
MetalSheetMaterials__Guatemala_City_Guatemala_heightNA_numstoriesNA_roofshapeNA_fpArea856_imsat_14.59632033-90.4809351.jpg,/scratch/yd3288/RoofNet-xAI/RoofNet-Images/MetalSheetMaterials/Guatemala_City_Guatemala_heightNA_numstoriesNA_roofshapeNA_fpArea856_imsat_14.59632033-90.4809351.jpg,Guatemala_City_Guatemala_heightNA_numstoriesNA_roofshapeNA_fpArea856_imsat_14.59632033-90.4809351.jpg,holdout,transformer_explainability,Guatemala City Guatemala Heightna Numstoriesna Roofshapena Fparea856 Imsat 14.59632033,6,MetalSheetMaterials,0.888943076133728,IDEA-Research/grounding-dino-base,facebook/sam-vit-huge,building . rooftop . roof,0.2,0.15,1,1,False,177109,80.0,0.0424300841987133,0.2000034166716493,224,224,638,367,0.6803908508321912,0.31960914916780886,0.17140675102395236,0.6997224001708306,0.185016007091678,46830,32768,191171,177109,0.487,success
MetalSheetMaterials__Managua_Nicaragua_heightNA_numstoriesNA_roofshapeNA_fpArea1304_imsat_12.12651846-86.25472618.jpg,/scratch/yd3288/RoofNet-xAI/RoofNet-Images/MetalSheetMaterials/Managua_Nicaragua_heightNA_numstoriesNA_roofshapeNA_fpArea1304_imsat_12.12651846-86.25472618.jpg,Managua_Nicaragua_heightNA_numstoriesNA_roofshapeNA_fpArea1304_imsat_12.12651846-86.25472618.jpg,holdout,transformer_explainability,Managua Nicaragua Heightna Numstoriesna Roofshapena Fparea1304 Imsat 12.12651846,6,MetalSheetMaterials,0.9854198098182678,IDEA-Research/grounding-dino-base,facebook/sam-vit-huge,building . rooftop . roof,0.2,0.15,1,1,False,290290,80.0,0.02672204375267031,0.20000115888955203,224,224,638,541,0.6764959113375958,0.3235040886624042,0.1860025283114774,0.81633155637965,0.19412656309208035,69032,56353,302969,290290,0.47,success
MetalSheetMaterials__Bandar_Seri_Begawan_Brunei_heightNA_numstoriesNA_roofshapeNA_fpArea2066_imsat_4.89269087114.9381378.jpg,/scratch/yd3288/RoofNet-xAI/RoofNet-Images/MetalSheetMaterials/Bandar_Seri_Begawan_Brunei_heightNA_numstoriesNA_roofshapeNA_fpArea2066_imsat_4.89269087114.9381378.jpg,Bandar_Seri_Begawan_Brunei_heightNA_numstoriesNA_roofshapeNA_fpArea2066_imsat_4.89269087114.9381378.jpg,holdout,transformer_explainability,Bandar Seri Begawan Brunei,6,MetalSheetMaterials,0.9999754428863525,IDEA-Research/grounding-dino-base,facebook/sam-vit-huge,building . rooftop . roof,0.2,0.15,2,2,False,298424,80.0,0.03789785876870155,0.20000049134737277,224,224,638,638,0.8071282669866163,0.1928717330133837,0.21346580834784276,0.8207692024223366,0.2239029032517492,81409,66818,313015,298424,0.454,success
MetalSheetMaterials__San_Jose_Province_Costa_Rica_heightNA_numstoriesNA_roofshapeNA_fpArea3333_imsat_9.35169927-83.73200009.jpg,/scratch/yd3288/RoofNet-xAI/RoofNet-Images/MetalSheetMaterials/San_Jose_Province_Costa_Rica_heightNA_numstoriesNA_roofshapeNA_fpArea3333_imsat_9.35169927-83.73200009.jpg,San_Jose_Province_Costa_Rica_heightNA_numstoriesNA_roofshapeNA_fpArea3333_imsat_9.35169927-83.73200009.jpg,holdout,transformer_explainability,San Jose Province Costa Rica Heightna Numstoriesna Roofshapena Fparea3333 Imsat 9.35169927,2,ClayTiles,0.5028683543205261,IDEA-Research/grounding-dino-base,facebook/sam-vit-huge,building . rooftop . roof,0.2,0.15,1,1,False,256419,80.0,0.055390989035367995,0.2000012769027447,224,224,638,491,0.7686663511142048,0.2313336488857952,0.17914159854543305,0.7737183170529273,0.18904605352957465,62652,48475,270596,256419,0.485,success
MetalSheetMaterials__Tashkent_Uzbekistan_heightNA_numstoriesNA_roofshapeNA_fpArea30274_imsat_41.3134730569.34798705.jpg,/scratch/yd3288/RoofNet-xAI/RoofNet-Images/MetalSheetMaterials/Tashkent_Uzbekistan_heightNA_numstoriesNA_roofshapeNA_fpArea30274_imsat_41.3134730569.34798705.jpg,Tashkent_Uzbekistan_heightNA_numstoriesNA_roofshapeNA_fpArea30274_imsat_41.3134730569.34798705.jpg,holdout,transformer_explainability,Tashkent Uzbekistan,10,AmorphousAsphalt,0.9990597367286682,IDEA-Research/grounding-dino-base,facebook/sam-vit-huge,building . rooftop . roof,0.2,0.15,14,14,False,246345,80.0,0.08072750121355064,0.2000011832639152,224,224,608,556,0.8267986325503395,0.17320136744966053,0.2346628179515817,0.8825765419316669,0.24222533438876373,67610,59671,254284,246345,0.482,success
MetalSheetMaterials__Haiti-hurricane-matthew_00000143_pre_disaster_9cb9bdc8-fba6-432f-b7fd-3f458048e643.png,/scratch/yd3288/RoofNet-xAI/RoofNet-Images/MetalSheetMaterials/Haiti-hurricane-matthew_00000143_pre_disaster_9cb9bdc8-fba6-432f-b7fd-3f458048e643.png,Haiti-hurricane-matthew_00000143_pre_disaster_9cb9bdc8-fba6-432f-b7fd-3f458048e643.png,holdout,transformer_explainability,Haiti,6,MetalSheetMaterials,0.5624419450759888,IDEA-Research/grounding-dino-base,facebook/sam-vit-huge,building . rooftop . roof,0.2,0.15,2,2,False,4165,80.0,0.03759159371256829,0.2,224,224,49,85,1.0,0.0,0.2,1.0,0.2,833,833,4165,4165,0.488,success
MetalSheetMaterials__Lynn_Haven_Florida-hurricane-michael_00000323_pre_disaster_3c424325-b5ca-4fa7-b7ff-d80cf396ee36.png,/scratch/yd3288/RoofNet-xAI/RoofNet-Images/MetalSheetMaterials/Lynn_Haven_Florida-hurricane-michael_00000323_pre_disaster_3c424325-b5ca-4fa7-b7ff-d80cf396ee36.png,Lynn_Haven_Florida-hurricane-michael_00000323_pre_disaster_3c424325-b5ca-4fa7-b7ff-d80cf396ee36.png,holdout,transformer_explainability,Lynn Haven Florida,6,MetalSheetMaterials,0.9999369382858276,IDEA-Research/grounding-dino-base,facebook/sam-vit-huge,building . rooftop . roof,0.2,0.15,2,2,False,10244,80.0,0.021958505734801292,0.20007770007770007,224,224,198,52,0.9901831921445057,0.009816807855494276,0.19746958637469586,0.9849514563106796,0.1980671612651308,2060,2029,10275,10244,0.444,success
MetalSheetMaterials__Lynn_Haven_Florida-hurricane-michael_00000474_pre_disaster_7f75620c-ff7c-48a7-94a1-c5e0c269911c.png,/scratch/yd3288/RoofNet-xAI/RoofNet-Images/MetalSheetMaterials/Lynn_Haven_Florida-hurricane-michael_00000474_pre_disaster_7f75620c-ff7c-48a7-94a1-c5e0c269911c.png,Lynn_Haven_Florida-hurricane-michael_00000474_pre_disaster_7f75620c-ff7c-48a7-94a1-c5e0c269911c.png,holdout,transformer_explainability,Lynn Haven Florida,6,MetalSheetMaterials,0.9999542236328125,IDEA-Research/grounding-dino-base,facebook/sam-vit-huge,building . rooftop . roof,0.2,0.15,4,4,False,12472,80.0,0.05984100773930552,0.20001183501982367,224,224,129,131,0.8007165802415689,0.19928341975843117,0.2304587440813475,0.8784023668639053,0.2380532392559333,3380,2969,12883,12472,0.506,success
MetalSheetMaterials__Lynn_Haven_Florida-hurricane-michael_00000542_pre_disaster_d7f7f5a7-1594-4046-8e02-ef4a2ad54d9c.png,/scratch/yd3288/RoofNet-xAI/RoofNet-Images/MetalSheetMaterials/Lynn_Haven_Florida-hurricane-michael_00000542_pre_disaster_d7f7f5a7-1594-4046-8e02-ef4a2ad54d9c.png,Lynn_Haven_Florida-hurricane-michael_00000542_pre_disaster_d7f7f5a7-1594-4046-8e02-ef4a2ad54d9c.png,holdout,transformer_explainability,Lynn Haven Florida,6,MetalSheetMaterials,0.5997655987739563,IDEA-Research/grounding-dino-base,facebook/sam-vit-huge,building . rooftop . roof,0.2,0.15,6,6,False,4360,80.0,0.037874246388673836,0.2,224,224,75,101,0.628447195042791,0.371552804957209,0.18903056061526008,0.6165016501650165,0.21422018348623853,1515,934,4941,4360,0.538,success
MetalSheetMaterials__Mexico_City_Mexico-mexico-earthquake_00000001_pre_disaster_e74c063f-8fe9-4fe9-ae2d-ad934baa3bd3.png,/scratch/yd3288/RoofNet-xAI/RoofNet-Images/MetalSheetMaterials/Mexico_City_Mexico-mexico-earthquake_00000001_pre_disaster_e74c063f-8fe9-4fe9-ae2d-ad934baa3bd3.png,Mexico_City_Mexico-mexico-earthquake_00000001_pre_disaster_e74c063f-8fe9-4fe9-ae2d-ad934baa3bd3.png,holdout,transformer_explainability,Mexico City Mexico,2,ClayTiles,0.999045193195343,IDEA-Research/grounding-dino-base,facebook/sam-vit-huge,building . rooftop . roof,0.2,0.15,5,5,False,4095,80.0,0.07089500427246094,0.2,224,224,65,63,1.0,0.0,0.2,1.0,0.2,819,819,4095,4095,0.512,success
MetalSheetMaterials__Mexico_City_Mexico-mexico-earthquake_00000001_pre_disaster_86e86e6a-264f-43ef-902f-93bb5aaeb882.png,/scratch/yd3288/RoofNet-xAI/RoofNet-Images/MetalSheetMaterials/Mexico_City_Mexico-mexico-earthquake_00000001_pre_disaster_86e86e6a-264f-43ef-902f-93bb5aaeb882.png,Mexico_City_Mexico-mexico-earthquake_00000001_pre_disaster_86e86e6a-264f-43ef-902f-93bb5aaeb882.png,holdout,transformer_explainability,Mexico City Mexico,2,ClayTiles,0.9999159574508667,IDEA-Research/grounding-dino-base,facebook/sam-vit-huge,building . rooftop . roof,0.2,0.15,1,1,False,6659,80.0,0.08846712708473206,0.2,224,224,74,90,0.9996527291389615,0.000347270861038509,0.19984984984984985,0.9992492492492493,0.19987986184111728,1332,1331,6660,6659,0.515,success
MetalSheetMaterials__Mexico_City_Mexico-mexico-earthquake_00000001_pre_disaster_f9782999-97ac-44af-b03d-5b537ac7b8b9.png,/scratch/yd3288/RoofNet-xAI/RoofNet-Images/MetalSheetMaterials/Mexico_City_Mexico-mexico-earthquake_00000001_pre_disaster_f9782999-97ac-44af-b03d-5b537ac7b8b9.png,Mexico_City_Mexico-mexico-earthquake_00000001_pre_disaster_f9782999-97ac-44af-b03d-5b537ac7b8b9.png,holdout,transformer_explainability,Mexico City Mexico,2,ClayTiles,0.9999946355819702,IDEA-Research/grounding-dino-base,facebook/sam-vit-huge,building . rooftop . roof,0.2,0.15,2,2,False,4420,80.0,0.01930973716080189,0.2,224,224,65,68,1.0,0.0,0.2,1.0,0.2,884,884,4420,4420,0.522,success
MetalSheetMaterials__Mexico_City_Mexico-mexico-earthquake_00000002_pre_disaster_6ab7ff05-0dc8-442b-90c5-1fd0b1d71798.png,/scratch/yd3288/RoofNet-xAI/RoofNet-Images/MetalSheetMaterials/Mexico_City_Mexico-mexico-earthquake_00000002_pre_disaster_6ab7ff05-0dc8-442b-90c5-1fd0b1d71798.png,Mexico_City_Mexico-mexico-earthquake_00000002_pre_disaster_6ab7ff05-0dc8-442b-90c5-1fd0b1d71798.png,holdout,transformer_explainability,Mexico City Mexico,2,ClayTiles,0.9999861717224121,IDEA-Research/grounding-dino-base,facebook/sam-vit-huge,building . rooftop . roof,0.2,0.15,8,8,False,4019,80.0,0.03645704016089442,0.2,224,224,60,67,0.9999609299141297,3.907008587028704e-05,0.20004976362279173,1.0,0.20004976362279173,804,804,4019,4019,0.513,success
MetalSheetMaterials__Mexico_City_Mexico-mexico-earthquake_00000002_pre_disaster_94c7abba-d22c-4933-af3f-2c3dd37507d8.png,/scratch/yd3288/RoofNet-xAI/RoofNet-Images/MetalSheetMaterials/Mexico_City_Mexico-mexico-earthquake_00000002_pre_disaster_94c7abba-d22c-4933-af3f-2c3dd37507d8.png,Mexico_City_Mexico-mexico-earthquake_00000002_pre_disaster_94c7abba-d22c-4933-af3f-2c3dd37507d8.png,holdout,transformer_explainability,Mexico City Mexico,2,ClayTiles,0.9999492168426514,IDEA-Research/grounding-dino-base,facebook/sam-vit-huge,building . rooftop . roof,0.2,0.15,2,2,False,6426,80.0,0.07875856757164003,0.2000858123569794,224,224,92,76,0.9603627834964781,0.03963721650352191,0.21167544131310004,0.9771265189421015,0.21272953625894803,1399,1367,6458,6426,0.515,success
MetalSheetMaterials__Mexico_City_Mexico-mexico-earthquake_00000002_pre_disaster_5fdf829e-cff2-4b73-8e5e-92c1c2ca098f.png,/scratch/yd3288/RoofNet-xAI/RoofNet-Images/MetalSheetMaterials/Mexico_City_Mexico-mexico-earthquake_00000002_pre_disaster_5fdf829e-cff2-4b73-8e5e-92c1c2ca098f.png,Mexico_City_Mexico-mexico-earthquake_00000002_pre_disaster_5fdf829e-cff2-4b73-8e5e-92c1c2ca098f.png,holdout,transformer_explainability,Mexico City Mexico,6,MetalSheetMaterials,0.9934367537498474,IDEA-Research/grounding-dino-base,facebook/sam-vit-huge,building . rooftop . roof,0.2,0.15,2,2,False,3389,80.0,0.048131665587425244,0.2,224,224,63,60,0.9304909664428377,0.06950903355716227,0.19901648828463986,0.91005291005291,0.2030097373856595,756,688,3457,3389,0.508,success
MetalSheetMaterials__Mexico_City_Mexico-mexico-earthquake_00000008_pre_disaster_0eb376b0-dcc2-4014-8533-74913d303844.png,/scratch/yd3288/RoofNet-xAI/RoofNet-Images/MetalSheetMaterials/Mexico_City_Mexico-mexico-earthquake_00000008_pre_disaster_0eb376b0-dcc2-4014-8533-74913d303844.png,Mexico_City_Mexico-mexico-earthquake_00000008_pre_disaster_0eb376b0-dcc2-4014-8533-74913d303844.png,holdout,transformer_explainability,Mexico City Mexico,2,ClayTiles,0.9816691279411316,IDEA-Research/grounding-dino-base,facebook/sam-vit-huge,building . rooftop . roof,0.2,0.15,5,5,False,12908,80.0,0.07431630939245232,0.20001424602891943,224,224,101,139,0.9202555154468257,0.07974448455317425,0.1978658536585366,0.9245014245014245,0.20111558723272388,2808,2596,13120,12908,0.539,success
MetalSheetMaterials__Mexico_City_Mexico-mexico-earthquake_00000011_pre_disaster_3ff33a4a-765d-4e04-9f30-90642a61bdc7.png,/scratch/yd3288/RoofNet-xAI/RoofNet-Images/MetalSheetMaterials/Mexico_City_Mexico-mexico-earthquake_00000011_pre_disaster_3ff33a4a-765d-4e04-9f30-90642a61bdc7.png,Mexico_City_Mexico-mexico-earthquake_00000011_pre_disaster_3ff33a4a-765d-4e04-9f30-90642a61bdc7.png,holdout,transformer_explainability,Mexico City Mexico,2,ClayTiles,0.9504625797271729,IDEA-Research/grounding-dino-base,facebook/sam-vit-huge,building . rooftop . roof,0.2,0.15,3,3,False,8134,80.0,0.05070256292819979,0.20002458814851243,224,224,98,83,1.0,0.0,0.20002458814851243,1.0,0.20002458814851243,1627,1627,8134,8134,0.476,success
MetalSheetMaterials__Mexico_City_Mexico-mexico-earthquake_00000013_pre_disaster_4d9b23d9-f70f-4870-bd6e-0cfd9a5e86fa.png,/scratch/yd3288/RoofNet-xAI/RoofNet-Images/MetalSheetMaterials/Mexico_City_Mexico-mexico-earthquake_00000013_pre_disaster_4d9b23d9-f70f-4870-bd6e-0cfd9a5e86fa.png,Mexico_City_Mexico-mexico-earthquake_00000013_pre_disaster_4d9b23d9-f70f-4870-bd6e-0cfd9a5e86fa.png,holdout,transformer_explainability,Mexico City Mexico,9,AmorphousConcrete,0.34872967004776,IDEA-Research/grounding-dino-base,facebook/sam-vit-huge,building . rooftop . roof,0.2,0.15,9,9,False,16656,80.0,0.043331524729728704,0.2,224,224,153,110,0.9948957943916068,0.005104205608393218,0.2005756431012772,0.9937611408199644,0.200828530259366,3366,3345,16677,16656,0.541,success
MetalSheetMaterials__Mexico_City_Mexico-mexico-earthquake_00000017_pre_disaster_205087a3-890f-46d0-a4ca-991bbe1dce18.png,/scratch/yd3288/RoofNet-xAI/RoofNet-Images/MetalSheetMaterials/Mexico_City_Mexico-mexico-earthquake_00000017_pre_disaster_205087a3-890f-46d0-a4ca-991bbe1dce18.png,Mexico_City_Mexico-mexico-earthquake_00000017_pre_disaster_205087a3-890f-46d0-a4ca-991bbe1dce18.png,holdout,transformer_explainability,Mexico City Mexico,2,ClayTiles,0.9847933053970337,IDEA-Research/grounding-dino-base,facebook/sam-vit-huge,building . rooftop . roof,0.2,0.15,8,8,False,5548,80.0,0.05273600816726686,0.20007209805335255,224,224,73,76,1.0,0.0,0.20007209805335255,1.0,0.20007209805335255,1110,1110,5548,5548,0.504,success
MetalSheetMaterials__Mexico_City_Mexico-mexico-earthquake_00000020_pre_disaster_cfa6dddd-2e70-417d-8cea-b580bea81428.png,/scratch/yd3288/RoofNet-xAI/RoofNet-Images/MetalSheetMaterials/Mexico_City_Mexico-mexico-earthquake_00000020_pre_disaster_cfa6dddd-2e70-417d-8cea-b580bea81428.png,Mexico_City_Mexico-mexico-earthquake_00000020_pre_disaster_cfa6dddd-2e70-417d-8cea-b580bea81428.png,holdout,transformer_explainability,Mexico City Mexico,2,ClayTiles,0.9963983297348022,IDEA-Research/grounding-dino-base,facebook/sam-vit-huge,building . rooftop . roof,0.2,0.15,2,2,False,5568,80.0,0.055600497126579294,0.20007183908045978,224,224,87,64,1.0,0.0,0.20007183908045978,1.0,0.20007183908045978,1114,1114,5568,5568,0.532,success
MetalSheetMaterials__Mexico_City_Mexico-mexico-earthquake_00000034_pre_disaster_30eaa6a7-6612-4562-bd67-b24e42537e10.png,/scratch/yd3288/RoofNet-xAI/RoofNet-Images/MetalSheetMaterials/Mexico_City_Mexico-mexico-earthquake_00000034_pre_disaster_30eaa6a7-6612-4562-bd67-b24e42537e10.png,Mexico_City_Mexico-mexico-earthquake_00000034_pre_disaster_30eaa6a7-6612-4562-bd67-b24e42537e10.png,holdout,transformer_explainability,Mexico City Mexico,6,MetalSheetMaterials,0.7192081212997437,IDEA-Research/grounding-dino-base,facebook/sam-vit-huge,building . rooftop . roof,0.2,0.15,1,1,False,184,80.0,0.05525457486510277,0.20009194345477532,224,224,113,77,0.023163737324039597,0.9768362626759604,0.028861571352218066,0.031016657093624354,0.29347826086956524,1741,54,1871,184,0.537,success
MetalSheetMaterials__Mexico_City_Mexico-mexico-earthquake_00000037_pre_disaster_d249959d-6f66-43ab-ae9c-f1c069831bd9.png,/scratch/yd3288/RoofNet-xAI/RoofNet-Images/MetalSheetMaterials/Mexico_City_Mexico-mexico-earthquake_00000037_pre_disaster_d249959d-6f66-43ab-ae9c-f1c069831bd9.png,Mexico_City_Mexico-mexico-earthquake_00000037_pre_disaster_d249959d-6f66-43ab-ae9c-f1c069831bd9.png,holdout,transformer_explainability,Mexico City Mexico,2,ClayTiles,0.7847257256507874,IDEA-Research/grounding-dino-base,facebook/sam-vit-huge,building . rooftop . roof,0.2,0.15,3,3,False,1932,80.0,0.07926447391510011,0.20003858024691357,224,224,54,96,0.43747361192694345,0.5625263880730565,0.1441233140655106,0.36065573770491804,0.19358178053830227,1037,374,2595,1932,0.541,success
MetalSheetMaterials__Mexico_City_Mexico-mexico-earthquake_00000040_pre_disaster_25d4e2fe-30c0-495d-8904-9e8b40402944.png,/scratch/yd3288/RoofNet-xAI/RoofNet-Images/MetalSheetMaterials/Mexico_City_Mexico-mexico-earthquake_00000040_pre_disaster_25d4e2fe-30c0-495d-8904-9e8b40402944.png,Mexico_City_Mexico-mexico-earthquake_00000040_pre_disaster_25d4e2fe-30c0-495d-8904-9e8b40402944.png,holdout,transformer_explainability,Mexico City Mexico,6,MetalSheetMaterials,0.9731095433235168,IDEA-Research/grounding-dino-base,facebook/sam-vit-huge,building . rooftop . roof,0.2,0.15,0,1,True,5166,80.0,0.031869497150182724,0.20015485869144406,224,224,63,82,1.0,0.0,0.20015485869144406,1.0,0.20015485869144406,1034,1034,5166,5166,0.524,success
MetalSheetMaterials__Mexico_City_Mexico-mexico-earthquake_00000040_pre_disaster_c205499d-5764-4f50-ac58-bad8ce9442dc.png,/scratch/yd3288/RoofNet-xAI/RoofNet-Images/MetalSheetMaterials/Mexico_City_Mexico-mexico-earthquake_00000040_pre_disaster_c205499d-5764-4f50-ac58-bad8ce9442dc.png,Mexico_City_Mexico-mexico-earthquake_00000040_pre_disaster_c205499d-5764-4f50-ac58-bad8ce9442dc.png,holdout,transformer_explainability,Mexico City Mexico,9,AmorphousConcrete,0.6574388146400452,IDEA-Research/grounding-dino-base,facebook/sam-vit-huge,building . rooftop . roof,0.2,0.15,4,4,False,5742,80.0,0.08850783407688141,0.2001044932079415,224,224,87,66,1.0,0.0,0.2001044932079415,1.0,0.2001044932079415,1149,1149,5742,5742,0.53,success
MetalSheetMaterials__Mexico_City_Mexico-mexico-earthquake_00000043_pre_disaster_956a0af9-50bd-4c88-a4cc-3958383418a4.png,/scratch/yd3288/RoofNet-xAI/RoofNet-Images/MetalSheetMaterials/Mexico_City_Mexico-mexico-earthquake_00000043_pre_disaster_956a0af9-50bd-4c88-a4cc-3958383418a4.png,Mexico_City_Mexico-mexico-earthquake_00000043_pre_disaster_956a0af9-50bd-4c88-a4cc-3958383418a4.png,holdout,transformer_explainability,Mexico City Mexico,11,AmorphousMembrane,0.5071396827697754,IDEA-Research/grounding-dino-base,facebook/sam-vit-huge,building . rooftop . roof,0.2,0.15,1,1,False,4026,80.0,0.05962098017334938,0.20019870839542972,224,224,61,66,1.0,0.0,0.20019870839542972,1.0,0.20019870839542972,806,806,4026,4026,0.509,success
MetalSheetMaterials__Mexico_City_Mexico-mexico-earthquake_00000043_pre_disaster_c1530e10-2a55-445b-b4e0-550e4638b844.png,/scratch/yd3288/RoofNet-xAI/RoofNet-Images/MetalSheetMaterials/Mexico_City_Mexico-mexico-earthquake_00000043_pre_disaster_c1530e10-2a55-445b-b4e0-550e4638b844.png,Mexico_City_Mexico-mexico-earthquake_00000043_pre_disaster_c1530e10-2a55-445b-b4e0-550e4638b844.png,holdout,transformer_explainability,Mexico City Mexico,12,AmorphousFabric,0.43955186009407043,IDEA-Research/grounding-dino-base,facebook/sam-vit-huge,building . rooftop . roof,0.2,0.15,1,1,False,5508,80.0,0.06715245395898821,0.2000726216412491,224,224,68,81,1.0,0.0,0.2000726216412491,1.0,0.2000726216412491,1102,1102,5508,5508,0.477,success
MetalSheetMaterials__Mexico_City_Mexico-mexico-earthquake_00000043_pre_disaster_78abbd88-496e-48f6-8ae2-e955413b9e4f.png,/scratch/yd3288/RoofNet-xAI/RoofNet-Images/MetalSheetMaterials/Mexico_City_Mexico-mexico-earthquake_00000043_pre_disaster_78abbd88-496e-48f6-8ae2-e955413b9e4f.png,Mexico_City_Mexico-mexico-earthquake_00000043_pre_disaster_78abbd88-496e-48f6-8ae2-e955413b9e4f.png,holdout,transformer_explainability,Mexico City Mexico,4,ConcreteTiles,0.6013091802597046,IDEA-Research/grounding-dino-base,facebook/sam-vit-huge,building . rooftop . roof,0.2,0.15,2,2,False,4896,80.0,0.08528435975313187,0.20016339869281047,224,224,72,68,1.0,0.0,0.20016339869281047,1.0,0.20016339869281047,980,980,4896,4896,0.503,success
MetalSheetMaterials__Mexico_City_Mexico-mexico-earthquake_00000044_pre_disaster_4aec7311-4de9-47ba-97f2-25d9c0c3c1cf.png,/scratch/yd3288/RoofNet-xAI/RoofNet-Images/MetalSheetMaterials/Mexico_City_Mexico-mexico-earthquake_00000044_pre_disaster_4aec7311-4de9-47ba-97f2-25d9c0c3c1cf.png,Mexico_City_Mexico-mexico-earthquake_00000044_pre_disaster_4aec7311-4de9-47ba-97f2-25d9c0c3c1cf.png,holdout,transformer_explainability,Mexico City Mexico,2,ClayTiles,0.9974958300590515,IDEA-Research/grounding-dino-base,facebook/sam-vit-huge,building . rooftop . roof,0.2,0.15,8,8,False,17749,80.0,0.07681848108768463,0.20002244920866538,224,224,118,151,0.9945904768616727,0.0054095231383273195,0.19924600495160927,0.9935465768799102,0.19950419741957293,3564,3541,17772,17749,0.524,success
MetalSheetMaterials__Mexico_City_Mexico-mexico-earthquake_00000048_pre_disaster_038a5854-fb13-44f8-b975-a65a5046c77a.png,/scratch/yd3288/RoofNet-xAI/RoofNet-Images/MetalSheetMaterials/Mexico_City_Mexico-mexico-earthquake_00000048_pre_disaster_038a5854-fb13-44f8-b975-a65a5046c77a.png,Mexico_City_Mexico-mexico-earthquake_00000048_pre_disaster_038a5854-fb13-44f8-b975-a65a5046c77a.png,holdout,transformer_explainability,Mexico City Mexico,2,ClayTiles,0.9989737272262573,IDEA-Research/grounding-dino-base,facebook/sam-vit-huge,building . rooftop . roof,0.2,0.15,1,1,False,4662,80.0,0.04782548174262048,0.20012870012870013,224,224,74,63,1.0,0.0,0.20012870012870013,1.0,0.20012870012870013,933,933,4662,4662,0.51,success
MetalSheetMaterials__Mexico_City_Mexico-mexico-earthquake_00000049_pre_disaster_6f566da3-ebb0-458f-a456-5327fcf79e21.png,/scratch/yd3288/RoofNet-xAI/RoofNet-Images/MetalSheetMaterials/Mexico_City_Mexico-mexico-earthquake_00000049_pre_disaster_6f566da3-ebb0-458f-a456-5327fcf79e21.png,Mexico_City_Mexico-mexico-earthquake_00000049_pre_disaster_6f566da3-ebb0-458f-a456-5327fcf79e21.png,holdout,transformer_explainability,Mexico City Mexico,10,AmorphousAsphalt,0.8670129776000977,IDEA-Research/grounding-dino-base,facebook/sam-vit-huge,building . rooftop . roof,0.2,0.15,6,6,False,20592,80.0,0.09333889037370684,0.2,224,224,140,173,0.8214946444770049,0.1785053555229951,0.17590495122740513,0.7855078447563997,0.18478049728049728,4844,3805,21631,20592,0.52,success
MetalSheetMaterials__Mexico_City_Mexico-mexico-earthquake_00000049_pre_disaster_25e84580-9188-41cf-a32a-fcdafa5fecda.png,/scratch/yd3288/RoofNet-xAI/RoofNet-Images/MetalSheetMaterials/Mexico_City_Mexico-mexico-earthquake_00000049_pre_disaster_25e84580-9188-41cf-a32a-fcdafa5fecda.png,Mexico_City_Mexico-mexico-earthquake_00000049_pre_disaster_25e84580-9188-41cf-a32a-fcdafa5fecda.png,holdout,transformer_explainability,Mexico City Mexico,4,ConcreteTiles,0.7570014595985413,IDEA-Research/grounding-dino-base,facebook/sam-vit-huge,building . rooftop . roof,0.2,0.15,6,6,False,4526,80.0,0.0886741429567337,0.2000439174352218,224,224,66,69,0.9915366633944839,0.008463336605516092,0.19995585963363496,0.9945115257958288,0.2001767565178966,911,906,4531,4526,0.51,success
MetalSheetMaterials__Mexico_City_Mexico-mexico-earthquake_00000052_pre_disaster_ca1c079e-8d85-43b9-8762-6077396d4824.png,/scratch/yd3288/RoofNet-xAI/RoofNet-Images/MetalSheetMaterials/Mexico_City_Mexico-mexico-earthquake_00000052_pre_disaster_ca1c079e-8d85-43b9-8762-6077396d4824.png,Mexico_City_Mexico-mexico-earthquake_00000052_pre_disaster_ca1c079e-8d85-43b9-8762-6077396d4824.png,holdout,transformer_explainability,Mexico City Mexico,9,AmorphousConcrete,0.6129357814788818,IDEA-Research/grounding-dino-base,facebook/sam-vit-huge,building . rooftop . roof,0.2,0.15,2,2,False,4891,80.0,0.07223308086395264,0.20016356573297894,224,224,67,73,1.0,0.0,0.20016356573297894,1.0,0.20016356573297894,979,979,4891,4891,0.51,success
MetalSheetMaterials__Mexico_City_Mexico-mexico-earthquake_00000052_pre_disaster_766f3207-3e5b-4996-b6a4-a439231db13a.png,/scratch/yd3288/RoofNet-xAI/RoofNet-Images/MetalSheetMaterials/Mexico_City_Mexico-mexico-earthquake_00000052_pre_disaster_766f3207-3e5b-4996-b6a4-a439231db13a.png,Mexico_City_Mexico-mexico-earthquake_00000052_pre_disaster_766f3207-3e5b-4996-b6a4-a439231db13a.png,holdout,transformer_explainability,Mexico City Mexico,6,MetalSheetMaterials,0.5161715745925903,IDEA-Research/grounding-dino-base,facebook/sam-vit-huge,building . rooftop . roof,0.2,0.15,2,2,False,4662,80.0,0.04460363984107971,0.20012870012870013,224,224,63,74,1.0,0.0,0.20012870012870013,1.0,0.20012870012870013,933,933,4662,4662,0.518,success
MetalSheetMaterials__Mexico_City_Mexico-mexico-earthquake_00000052_pre_disaster_832353a7-f3e1-46bb-9681-41d51432138c.png,/scratch/yd3288/RoofNet-xAI/RoofNet-Images/MetalSheetMaterials/Mexico_City_Mexico-mexico-earthquake_00000052_pre_disaster_832353a7-f3e1-46bb-9681-41d51432138c.png,Mexico_City_Mexico-mexico-earthquake_00000052_pre_disaster_832353a7-f3e1-46bb-9681-41d51432138c.png,holdout,transformer_explainability,Mexico City Mexico,2,ClayTiles,0.9999237060546875,IDEA-Research/grounding-dino-base,facebook/sam-vit-huge,building . rooftop . roof,0.2,0.15,2,2,False,3834,80.0,0.04423578232526779,0.20005216484089725,224,224,71,54,1.0,0.0,0.20005216484089725,1.0,0.20005216484089725,767,767,3834,3834,3.89,success
MetalSheetMaterials__Mexico_City_Mexico-mexico-earthquake_00000059_pre_disaster_4278dd92-c934-4518-8134-5434c4ad3f14.png,/scratch/yd3288/RoofNet-xAI/RoofNet-Images/MetalSheetMaterials/Mexico_City_Mexico-mexico-earthquake_00000059_pre_disaster_4278dd92-c934-4518-8134-5434c4ad3f14.png,Mexico_City_Mexico-mexico-earthquake_00000059_pre_disaster_4278dd92-c934-4518-8134-5434c4ad3f14.png,holdout,transformer_explainability,Mexico City Mexico,9,AmorphousConcrete,0.940925121307373,IDEA-Research/grounding-dino-base,facebook/sam-vit-huge,building . rooftop . roof,0.2,0.15,6,6,False,7656,80.0,0.08253783732652664,0.2001044932079415,224,224,88,87,1.0,0.0,0.2001044932079415,1.0,0.2001044932079415,1532,1532,7656,7656,0.485,success
MetalSheetMaterials__Mexico_City_Mexico-mexico-earthquake_00000078_pre_disaster_de17157e-75b9-4bca-bb1b-651d7fe2313b.png,/scratch/yd3288/RoofNet-xAI/RoofNet-Images/MetalSheetMaterials/Mexico_City_Mexico-mexico-earthquake_00000078_pre_disaster_de17157e-75b9-4bca-bb1b-651d7fe2313b.png,Mexico_City_Mexico-mexico-earthquake_00000078_pre_disaster_de17157e-75b9-4bca-bb1b-651d7fe2313b.png,holdout,transformer_explainability,Mexico City Mexico,2,ClayTiles,0.48701027035713196,IDEA-Research/grounding-dino-base,facebook/sam-vit-huge,building . rooftop . roof,0.2,0.15,2,2,False,12107,80.0,0.052076730877161026,0.2000651678071033,224,224,124,99,0.9866649542456849,0.01333504575431515,0.20196434466820734,0.9963355048859935,0.20211447922689355,2456,2447,12116,12107,0.498,success
MetalSheetMaterials__Mexico_City_Mexico-mexico-earthquake_00000079_pre_disaster_cf63d2a3-4fcf-4928-b0d8-d603b5a7ddd2.png,/scratch/yd3288/RoofNet-xAI/RoofNet-Images/MetalSheetMaterials/Mexico_City_Mexico-mexico-earthquake_00000079_pre_disaster_cf63d2a3-4fcf-4928-b0d8-d603b5a7ddd2.png,Mexico_City_Mexico-mexico-earthquake_00000079_pre_disaster_cf63d2a3-4fcf-4928-b0d8-d603b5a7ddd2.png,holdout,transformer_explainability,Mexico City Mexico,2,ClayTiles,0.9999860525131226,IDEA-Research/grounding-dino-base,facebook/sam-vit-huge,building . rooftop . roof,0.2,0.15,7,7,False,5440,80.0,0.044454672187566754,0.2,224,224,64,85,1.0,0.0,0.2,1.0,0.2,1088,1088,5440,5440,0.502,success
MetalSheetMaterials__Mexico_City_Mexico-mexico-earthquake_00000083_pre_disaster_754da80b-d351-4e95-b419-8b5299a9f2b3.png,/scratch/yd3288/RoofNet-xAI/RoofNet-Images/MetalSheetMaterials/Mexico_City_Mexico-mexico-earthquake_00000083_pre_disaster_754da80b-d351-4e95-b419-8b5299a9f2b3.png,Mexico_City_Mexico-mexico-earthquake_00000083_pre_disaster_754da80b-d351-4e95-b419-8b5299a9f2b3.png,holdout,transformer_explainability,Mexico City Mexico,2,ClayTiles,0.9999823570251465,IDEA-Research/grounding-dino-base,facebook/sam-vit-huge,building . rooftop . roof,0.2,0.15,4,4,False,5850,80.0,0.03383406400680542,0.2,224,224,78,75,1.0,0.0,0.2,1.0,0.2,1170,1170,5850,5850,0.48,success
MetalSheetMaterials__Mexico_City_Mexico-mexico-earthquake_00000083_pre_disaster_2d59ddf8-15e9-4a1a-8cd4-3eb67fdd698a.png,/scratch/yd3288/RoofNet-xAI/RoofNet-Images/MetalSheetMaterials/Mexico_City_Mexico-mexico-earthquake_00000083_pre_disaster_2d59ddf8-15e9-4a1a-8cd4-3eb67fdd698a.png,Mexico_City_Mexico-mexico-earthquake_00000083_pre_disaster_2d59ddf8-15e9-4a1a-8cd4-3eb67fdd698a.png,holdout,transformer_explainability,Mexico City Mexico,2,ClayTiles,0.8145429491996765,IDEA-Research/grounding-dino-base,facebook/sam-vit-huge,building . rooftop . roof,0.2,0.15,2,2,False,4020,80.0,0.02769801951944828,0.2,224,224,67,60,1.0,0.0,0.2,1.0,0.2,804,804,4020,4020,0.47,success
MetalSheetMaterials__Mexico_City_Mexico-mexico-earthquake_00000084_pre_disaster_4d41592b-6740-4e5f-b263-e19828297d95.png,/scratch/yd3288/RoofNet-xAI/RoofNet-Images/MetalSheetMaterials/Mexico_City_Mexico-mexico-earthquake_00000084_pre_disaster_4d41592b-6740-4e5f-b263-e19828297d95.png,Mexico_City_Mexico-mexico-earthquake_00000084_pre_disaster_4d41592b-6740-4e5f-b263-e19828297d95.png,holdout,transformer_explainability,Mexico City Mexico,9,AmorphousConcrete,0.9471455812454224,IDEA-Research/grounding-dino-base,facebook/sam-vit-huge,building . rooftop . roof,0.2,0.15,5,5,False,2186,80.0,0.06570238918066026,0.2,224,224,62,65,0.5372879117330482,0.46271208826695176,0.19919839679358717,0.6166253101736973,0.227355901189387,806,497,2495,2186,0.468,success
MetalSheetMaterials__Mexico_City_Mexico-mexico-earthquake_00000085_pre_disaster_0b766fa9-21d3-439a-973e-9378389dc63a.png,/scratch/yd3288/RoofNet-xAI/RoofNet-Images/MetalSheetMaterials/Mexico_City_Mexico-mexico-earthquake_00000085_pre_disaster_0b766fa9-21d3-439a-973e-9378389dc63a.png,Mexico_City_Mexico-mexico-earthquake_00000085_pre_disaster_0b766fa9-21d3-439a-973e-9378389dc63a.png,holdout,transformer_explainability,Mexico City Mexico,2,ClayTiles,0.9916690587997437,IDEA-Research/grounding-dino-base,facebook/sam-vit-huge,building . rooftop . roof,0.2,0.15,1,1,False,4543,80.0,0.024727536737918856,0.20008804754567466,224,224,59,77,1.0,0.0,0.20008804754567466,1.0,0.20008804754567466,909,909,4543,4543,0.488,success
MetalSheetMaterials__Mexico_City_Mexico-mexico-earthquake_00000086_pre_disaster_0f1b528b-a9ed-4588-9211-fe4f0aabeb0d.png,/scratch/yd3288/RoofNet-xAI/RoofNet-Images/MetalSheetMaterials/Mexico_City_Mexico-mexico-earthquake_00000086_pre_disaster_0f1b528b-a9ed-4588-9211-fe4f0aabeb0d.png,Mexico_City_Mexico-mexico-earthquake_00000086_pre_disaster_0f1b528b-a9ed-4588-9211-fe4f0aabeb0d.png,holdout,transformer_explainability,Mexico City Mexico,9,AmorphousConcrete,0.9372011423110962,IDEA-Research/grounding-dino-base,facebook/sam-vit-huge,building . rooftop . roof,0.2,0.15,4,4,False,20142,80.0,0.05905945226550102,0.2000390034615572,224,224,129,159,0.9652885289418285,0.03471147105817149,0.19204483996263336,0.9519863514501584,0.193923145665773,4103,3906,20339,20142,0.484,success
MetalSheetMaterials__Mexico_City_Mexico-mexico-earthquake_00000088_pre_disaster_3b46c0ef-a6d8-4636-9b1e-9a5817e317a3.png,/scratch/yd3288/RoofNet-xAI/RoofNet-Images/MetalSheetMaterials/Mexico_City_Mexico-mexico-earthquake_00000088_pre_disaster_3b46c0ef-a6d8-4636-9b1e-9a5817e317a3.png,Mexico_City_Mexico-mexico-earthquake_00000088_pre_disaster_3b46c0ef-a6d8-4636-9b1e-9a5817e317a3.png,holdout,transformer_explainability,Mexico City Mexico,11,AmorphousMembrane,0.9528038501739502,IDEA-Research/grounding-dino-base,facebook/sam-vit-huge,building . rooftop . roof,0.2,0.15,1,1,False,2223,80.0,0.05604388564825058,0.2000703544103421,224,224,83,137,0.2832890548003166,0.7167109451996835,0.28734974241556954,0.4413186813186813,0.45164192532613584,2275,1004,3494,2223,0.52,success
MetalSheetMaterials__Mexico_City_Mexico-mexico-earthquake_00000089_pre_disaster_d97ecdf8-7e1e-4fc9-bcca-5f5232071b66.png,/scratch/yd3288/RoofNet-xAI/RoofNet-Images/MetalSheetMaterials/Mexico_City_Mexico-mexico-earthquake_00000089_pre_disaster_d97ecdf8-7e1e-4fc9-bcca-5f5232071b66.png,Mexico_City_Mexico-mexico-earthquake_00000089_pre_disaster_d97ecdf8-7e1e-4fc9-bcca-5f5232071b66.png,holdout,transformer_explainability,Mexico City Mexico,9,AmorphousConcrete,0.9519120454788208,IDEA-Research/grounding-dino-base,facebook/sam-vit-huge,building . rooftop . roof,0.2,0.15,7,7,False,7733,80.0,0.07191835045814518,0.2,224,224,91,85,0.9998650915570582,0.00013490844294179974,0.20005172636751584,1.0,0.20005172636751584,1547,1547,7733,7733,0.517,success
MetalSheetMaterials__Mexico_City_Mexico-mexico-earthquake_00000092_pre_disaster_7235cc33-94e7-49c9-b51d-9cb45491721d.png,/scratch/yd3288/RoofNet-xAI/RoofNet-Images/MetalSheetMaterials/Mexico_City_Mexico-mexico-earthquake_00000092_pre_disaster_7235cc33-94e7-49c9-b51d-9cb45491721d.png,Mexico_City_Mexico-mexico-earthquake_00000092_pre_disaster_7235cc33-94e7-49c9-b51d-9cb45491721d.png,holdout,transformer_explainability,Mexico City Mexico,2,ClayTiles,0.9926480054855347,IDEA-Research/grounding-dino-base,facebook/sam-vit-huge,building . rooftop . roof,0.2,0.15,3,3,False,3776,80.0,0.04280202463269234,0.20021186440677965,224,224,64,59,1.0,0.0,0.20021186440677965,1.0,0.20021186440677965,756,756,3776,3776,0.477,success
MetalSheetMaterials__Mexico_City_Mexico-mexico-earthquake_00000092_pre_disaster_f101fa21-d1d5-43ed-9a9c-f171a40c0379.png,/scratch/yd3288/RoofNet-xAI/RoofNet-Images/MetalSheetMaterials/Mexico_City_Mexico-mexico-earthquake_00000092_pre_disaster_f101fa21-d1d5-43ed-9a9c-f171a40c0379.png,Mexico_City_Mexico-mexico-earthquake_00000092_pre_disaster_f101fa21-d1d5-43ed-9a9c-f171a40c0379.png,holdout,transformer_explainability,Mexico City Mexico,9,AmorphousConcrete,0.9652359485626221,IDEA-Research/grounding-dino-base,facebook/sam-vit-huge,building . rooftop . roof,0.2,0.15,2,2,False,3712,80.0,0.07332621514797212,0.20016163793103448,224,224,58,64,1.0,0.0,0.20016163793103448,1.0,0.20016163793103448,743,743,3712,3712,0.477,success
MetalSheetMaterials__Mexico_City_Mexico-mexico-earthquake_00000098_pre_disaster_d57f7674-83ac-4919-8492-630a36b0796a.png,/scratch/yd3288/RoofNet-xAI/RoofNet-Images/MetalSheetMaterials/Mexico_City_Mexico-mexico-earthquake_00000098_pre_disaster_d57f7674-83ac-4919-8492-630a36b0796a.png,Mexico_City_Mexico-mexico-earthquake_00000098_pre_disaster_d57f7674-83ac-4919-8492-630a36b0796a.png,holdout,transformer_explainability,Mexico City Mexico,2,ClayTiles,0.9999829530715942,IDEA-Research/grounding-dino-base,facebook/sam-vit-huge,building . rooftop . roof,0.2,0.15,2,2,False,15501,80.0,0.03268493637442589,0.2000125754527163,224,224,112,142,0.9683989682636371,0.03160103173636283,0.19557148342506078,0.9607041810751336,0.1971485710599316,3181,3056,15626,15501,0.494,success
MetalSheetMaterials__Mexico_City_Mexico-mexico-earthquake_00000118_pre_disaster_d53a1436-57a8-4cfc-94ee-13c24845dc7e.png,/scratch/yd3288/RoofNet-xAI/RoofNet-Images/MetalSheetMaterials/Mexico_City_Mexico-mexico-earthquake_00000118_pre_disaster_d53a1436-57a8-4cfc-94ee-13c24845dc7e.png,Mexico_City_Mexico-mexico-earthquake_00000118_pre_disaster_d53a1436-57a8-4cfc-94ee-13c24845dc7e.png,holdout,transformer_explainability,Mexico City Mexico,6,MetalSheetMaterials,0.9909188747406006,IDEA-Research/grounding-dino-base,facebook/sam-vit-huge,building . rooftop . roof,0.2,0.15,5,5,False,15424,80.0,0.08871945738792421,0.20001295001295002,224,224,117,132,0.9961344821242926,0.0038655178757074286,0.19957234497505347,0.9970864357397216,0.19968879668049794,3089,3080,15433,15424,0.48,success
MetalSheetMaterials__Mexico_City_Mexico-mexico-earthquake_00000120_pre_disaster_74e0dad6-286f-4c27-92fe-99bad30590ef.png,/scratch/yd3288/RoofNet-xAI/RoofNet-Images/MetalSheetMaterials/Mexico_City_Mexico-mexico-earthquake_00000120_pre_disaster_74e0dad6-286f-4c27-92fe-99bad30590ef.png,Mexico_City_Mexico-mexico-earthquake_00000120_pre_disaster_74e0dad6-286f-4c27-92fe-99bad30590ef.png,holdout,transformer_explainability,Mexico City Mexico,2,ClayTiles,0.941336989402771,IDEA-Research/grounding-dino-base,facebook/sam-vit-huge,building . rooftop . roof,0.2,0.15,8,8,False,5964,80.0,0.07767268419265749,0.2000335345405768,224,224,84,71,1.0,0.0,0.2000335345405768,1.0,0.2000335345405768,1193,1193,5964,5964,0.482,success
MetalSheetMaterials__Mexico_City_Mexico-mexico-earthquake_00000120_pre_disaster_585af656-18f4-49c8-a224-a126ac21d835.png,/scratch/yd3288/RoofNet-xAI/RoofNet-Images/MetalSheetMaterials/Mexico_City_Mexico-mexico-earthquake_00000120_pre_disaster_585af656-18f4-49c8-a224-a126ac21d835.png,Mexico_City_Mexico-mexico-earthquake_00000120_pre_disaster_585af656-18f4-49c8-a224-a126ac21d835.png,holdout,transformer_explainability,Mexico City Mexico,2,ClayTiles,0.9999905824661255,IDEA-Research/grounding-dino-base,facebook/sam-vit-huge,building . rooftop . roof,0.2,0.15,7,7,False,3770,80.0,0.04968632534146309,0.2,224,224,58,65,1.0,0.0,0.2,1.0,0.2,754,754,3770,3770,0.491,success
MetalSheetMaterials__Mexico_City_Mexico-mexico-earthquake_00000122_pre_disaster_b02035dc-1dc4-4311-9347-96577492a3cd.png,/scratch/yd3288/RoofNet-xAI/RoofNet-Images/MetalSheetMaterials/Mexico_City_Mexico-mexico-earthquake_00000122_pre_disaster_b02035dc-1dc4-4311-9347-96577492a3cd.png,Mexico_City_Mexico-mexico-earthquake_00000122_pre_disaster_b02035dc-1dc4-4311-9347-96577492a3cd.png,holdout,transformer_explainability,Mexico City Mexico,9,AmorphousConcrete,0.9353126883506775,IDEA-Research/grounding-dino-base,facebook/sam-vit-huge,building . rooftop . roof,0.2,0.15,6,6,False,7506,80.0,0.04958919808268547,0.2001044932079415,224,224,88,87,0.9389916217488247,0.06100837825117529,0.18686802363755745,0.9288511749347258,0.1895816679989342,1532,1423,7615,7506,0.468,success
MetalSheetMaterials__Mexico_City_Mexico-mexico-earthquake_00000125_pre_disaster_65f1901f-bc11-43d1-8808-90e07f7e8772.png,/scratch/yd3288/RoofNet-xAI/RoofNet-Images/MetalSheetMaterials/Mexico_City_Mexico-mexico-earthquake_00000125_pre_disaster_65f1901f-bc11-43d1-8808-90e07f7e8772.png,Mexico_City_Mexico-mexico-earthquake_00000125_pre_disaster_65f1901f-bc11-43d1-8808-90e07f7e8772.png,holdout,transformer_explainability,Mexico City Mexico,2,ClayTiles,0.9999897480010986,IDEA-Research/grounding-dino-base,facebook/sam-vit-huge,building . rooftop . roof,0.2,0.15,1,1,False,3933,80.0,0.03622561544179917,0.20010170353419782,224,224,69,57,1.0,0.0,0.20010170353419782,1.0,0.20010170353419782,787,787,3933,3933,0.486,success
MetalSheetMaterials__Mexico_City_Mexico-mexico-earthquake_00000129_pre_disaster_5ea688e8-f527-4c5d-b069-8b5a130aae55.png,/scratch/yd3288/RoofNet-xAI/RoofNet-Images/MetalSheetMaterials/Mexico_City_Mexico-mexico-earthquake_00000129_pre_disaster_5ea688e8-f527-4c5d-b069-8b5a130aae55.png,Mexico_City_Mexico-mexico-earthquake_00000129_pre_disaster_5ea688e8-f527-4c5d-b069-8b5a130aae55.png,holdout,transformer_explainability,Mexico City Mexico,9,AmorphousConcrete,0.9175189733505249,IDEA-Research/grounding-dino-base,facebook/sam-vit-huge,building . rooftop . roof,0.2,0.15,8,8,False,5458,80.0,0.05855696201324464,0.2,224,224,127,70,0.7149053249359478,0.28509467506405217,0.22581738099271556,0.749718785151856,0.24422865518504946,1778,1333,5903,5458,0.51,success
MetalSheetMaterials__Mexico_City_Mexico-mexico-earthquake_00000129_pre_disaster_400e065d-57ae-4a0b-8a56-4fb4d520bad0.png,/scratch/yd3288/RoofNet-xAI/RoofNet-Images/MetalSheetMaterials/Mexico_City_Mexico-mexico-earthquake_00000129_pre_disaster_400e065d-57ae-4a0b-8a56-4fb4d520bad0.png,Mexico_City_Mexico-mexico-earthquake_00000129_pre_disaster_400e065d-57ae-4a0b-8a56-4fb4d520bad0.png,holdout,transformer_explainability,Mexico City Mexico,2,ClayTiles,0.9407422542572021,IDEA-Research/grounding-dino-base,facebook/sam-vit-huge,building . rooftop . roof,0.2,0.15,7,7,False,4818,80.0,0.034251019358634956,0.20008302200083022,224,224,73,66,1.0,0.0,0.20008302200083022,1.0,0.20008302200083022,964,964,4818,4818,0.489,success
MetalSheetMaterials__Mexico_City_Mexico-mexico-earthquake_00000129_pre_disaster_11aaa9be-84e0-4c5b-8b34-25a9d4328f74.png,/scratch/yd3288/RoofNet-xAI/RoofNet-Images/MetalSheetMaterials/Mexico_City_Mexico-mexico-earthquake_00000129_pre_disaster_11aaa9be-84e0-4c5b-8b34-25a9d4328f74.png,Mexico_City_Mexico-mexico-earthquake_00000129_pre_disaster_11aaa9be-84e0-4c5b-8b34-25a9d4328f74.png,holdout,transformer_explainability,Mexico City Mexico,9,AmorphousConcrete,0.5683501958847046,IDEA-Research/grounding-dino-base,facebook/sam-vit-huge,building . rooftop . roof,0.2,0.15,4,4,False,4810,80.0,0.100676029920578,0.20007050943063634,224,224,122,93,0.43373083280107094,0.5662691671989291,0.18,0.47577092511013214,0.22453222453222454,2270,1080,6000,4810,0.496,success
MetalSheetMaterials__Mexico_City_Mexico-mexico-earthquake_00000138_pre_disaster_a8490c19-02da-4d70-8706-8345f0aa470f.png,/scratch/yd3288/RoofNet-xAI/RoofNet-Images/MetalSheetMaterials/Mexico_City_Mexico-mexico-earthquake_00000138_pre_disaster_a8490c19-02da-4d70-8706-8345f0aa470f.png,Mexico_City_Mexico-mexico-earthquake_00000138_pre_disaster_a8490c19-02da-4d70-8706-8345f0aa470f.png,holdout,transformer_explainability,Mexico City Mexico,2,ClayTiles,0.9918199777603149,IDEA-Research/grounding-dino-base,facebook/sam-vit-huge,building . rooftop . roof,0.2,0.15,3,3,False,2189,80.0,0.0805523917078972,0.2,224,224,70,67,0.5608223024341878,0.43917769756581215,0.212955779674166,0.5852878464818764,0.25079945180447694,938,549,2578,2189,0.475,success
MetalSheetMaterials__Mexico_City_Mexico-mexico-earthquake_00000140_pre_disaster_ca297623-f455-43a7-8a9e-7d0020df7ae2.png,/scratch/yd3288/RoofNet-xAI/RoofNet-Images/MetalSheetMaterials/Mexico_City_Mexico-mexico-earthquake_00000140_pre_disaster_ca297623-f455-43a7-8a9e-7d0020df7ae2.png,Mexico_City_Mexico-mexico-earthquake_00000140_pre_disaster_ca297623-f455-43a7-8a9e-7d0020df7ae2.png,holdout,transformer_explainability,Mexico City Mexico,6,MetalSheetMaterials,0.9889625906944275,IDEA-Research/grounding-dino-base,facebook/sam-vit-huge,building . rooftop . roof,0.2,0.15,2,2,False,6579,80.0,0.0902162373065949,0.2,224,224,94,70,0.9997628542264245,0.00023714577357545388,0.19984802431610943,0.9992401215805471,0.19987840097279222,1316,1315,6580,6579,0.508,success
MetalSheetMaterials__Mexico_City_Mexico-mexico-earthquake_00000142_pre_disaster_ac2bc2b0-937d-41aa-995e-7d084f7f14d1.png,/scratch/yd3288/RoofNet-xAI/RoofNet-Images/MetalSheetMaterials/Mexico_City_Mexico-mexico-earthquake_00000142_pre_disaster_ac2bc2b0-937d-41aa-995e-7d084f7f14d1.png,Mexico_City_Mexico-mexico-earthquake_00000142_pre_disaster_ac2bc2b0-937d-41aa-995e-7d084f7f14d1.png,holdout,transformer_explainability,Mexico City Mexico,6,MetalSheetMaterials,0.9955129027366638,IDEA-Research/grounding-dino-base,facebook/sam-vit-huge,building . rooftop . roof,0.2,0.15,2,2,False,11547,80.0,0.049154892563819885,0.20002611306959134,224,224,138,111,0.6374869124906475,0.36251308750935257,0.1305323429278861,0.5505874673629243,0.14609855373690137,3064,1687,12924,11547,0.49,success
MetalSheetMaterials__Mexico_City_Mexico-mexico-earthquake_00000146_pre_disaster_4a3594b1-937a-4b93-9255-944f644cad89.png,/scratch/yd3288/RoofNet-xAI/RoofNet-Images/MetalSheetMaterials/Mexico_City_Mexico-mexico-earthquake_00000146_pre_disaster_4a3594b1-937a-4b93-9255-944f644cad89.png,Mexico_City_Mexico-mexico-earthquake_00000146_pre_disaster_4a3594b1-937a-4b93-9255-944f644cad89.png,holdout,transformer_explainability,Mexico City Mexico,9,AmorphousConcrete,0.5386316776275635,IDEA-Research/grounding-dino-base,facebook/sam-vit-huge,building . rooftop . roof,0.2,0.15,2,2,False,8463,80.0,0.058705385774374015,0.20004726456339358,224,224,93,91,1.0,0.0,0.20004726456339358,1.0,0.20004726456339358,1693,1693,8463,8463,0.472,success
MetalSheetMaterials__Mexico_City_Mexico-mexico-earthquake_00000160_pre_disaster_64b5b560-243d-44f4-82ef-7735fbdfd758.png,/scratch/yd3288/RoofNet-xAI/RoofNet-Images/MetalSheetMaterials/Mexico_City_Mexico-mexico-earthquake_00000160_pre_disaster_64b5b560-243d-44f4-82ef-7735fbdfd758.png,Mexico_City_Mexico-mexico-earthquake_00000160_pre_disaster_64b5b560-243d-44f4-82ef-7735fbdfd758.png,holdout,transformer_explainability,Mexico City Mexico,2,ClayTiles,0.9999958276748657,IDEA-Research/grounding-dino-base,facebook/sam-vit-huge,building . rooftop . roof,0.2,0.15,2,2,False,7308,80.0,0.06008323803544048,0.20005473453749315,224,224,84,87,1.0,0.0,0.20005473453749315,1.0,0.20005473453749315,1462,1462,7308,7308,0.479,success
MetalSheetMaterials__Mexico_City_Mexico-mexico-earthquake_00000181_pre_disaster_e92bb40a-11d0-4194-8eed-b0ebad409af2.png,/scratch/yd3288/RoofNet-xAI/RoofNet-Images/MetalSheetMaterials/Mexico_City_Mexico-mexico-earthquake_00000181_pre_disaster_e92bb40a-11d0-4194-8eed-b0ebad409af2.png,Mexico_City_Mexico-mexico-earthquake_00000181_pre_disaster_e92bb40a-11d0-4194-8eed-b0ebad409af2.png,holdout,transformer_explainability,Mexico City Mexico,9,AmorphousConcrete,0.9470740556716919,IDEA-Research/grounding-dino-base,facebook/sam-vit-huge,building . rooftop . roof,0.2,0.15,1,1,False,3640,80.0,0.051236485689878465,0.20015864621893178,224,224,61,62,0.9418364625449301,0.0581635374550698,0.18389876144318792,0.9022457067371202,0.18763736263736264,757,683,3714,3640,0.475,success
MetalSheetMaterials__Mexico_City_Mexico-mexico-earthquake_00000186_pre_disaster_6cecb62b-e6e1-4e99-9f4d-419480e1cb16.png,/scratch/yd3288/RoofNet-xAI/RoofNet-Images/MetalSheetMaterials/Mexico_City_Mexico-mexico-earthquake_00000186_pre_disaster_6cecb62b-e6e1-4e99-9f4d-419480e1cb16.png,Mexico_City_Mexico-mexico-earthquake_00000186_pre_disaster_6cecb62b-e6e1-4e99-9f4d-419480e1cb16.png,holdout,transformer_explainability,Mexico City Mexico,14,GreenVegetative,0.2803500294685364,IDEA-Research/grounding-dino-base,facebook/sam-vit-huge,building . rooftop . roof,0.2,0.15,2,2,False,4959,80.0,0.11295069754123689,0.20004033071183708,224,224,87,57,1.0,0.0,0.20004033071183708,1.0,0.20004033071183708,992,992,4959,4959,0.513,success
MetalSheetMaterials__Mexico_City_Mexico-mexico-earthquake_00000191_pre_disaster_61f48937-3b6e-4f23-a190-921a3a0f7983.png,/scratch/yd3288/RoofNet-xAI/RoofNet-Images/MetalSheetMaterials/Mexico_City_Mexico-mexico-earthquake_00000191_pre_disaster_61f48937-3b6e-4f23-a190-921a3a0f7983.png,Mexico_City_Mexico-mexico-earthquake_00000191_pre_disaster_61f48937-3b6e-4f23-a190-921a3a0f7983.png,holdout,transformer_explainability,Mexico City Mexico,2,ClayTiles,0.9540296196937561,IDEA-Research/grounding-dino-base,facebook/sam-vit-huge,building . rooftop . roof,0.2,0.15,4,4,False,5430,80.0,0.04945022910833357,0.2,224,224,78,70,0.9988067855294221,0.0011932144705778984,0.2011049723756906,1.0,0.2011049723756906,1092,1092,5430,5430,0.482,success
MetalSheetMaterials__Palu_Indonesia-palu-tsunami_00000006_pre_disaster_457686df-0b94-4c83-925c-ce831a003c72.png,/scratch/yd3288/RoofNet-xAI/RoofNet-Images/MetalSheetMaterials/Palu_Indonesia-palu-tsunami_00000006_pre_disaster_457686df-0b94-4c83-925c-ce831a003c72.png,Palu_Indonesia-palu-tsunami_00000006_pre_disaster_457686df-0b94-4c83-925c-ce831a003c72.png,holdout,transformer_explainability,Palu Indonesia,6,MetalSheetMaterials,0.9968867897987366,IDEA-Research/grounding-dino-base,facebook/sam-vit-huge,building . rooftop . roof,0.2,0.15,5,5,False,4349,80.0,0.02251012809574604,0.20012995451591942,224,224,81,76,0.7270060212965402,0.27299397870345976,0.1948190965532006,0.7386363636363636,0.20924350425385146,1232,910,4671,4349,0.488,success
MetalSheetMaterials__Palu_Indonesia-palu-tsunami_00000016_pre_disaster_5cfced2c-ca6a-4d62-89d8-2f1206fe42ba.png,/scratch/yd3288/RoofNet-xAI/RoofNet-Images/MetalSheetMaterials/Palu_Indonesia-palu-tsunami_00000016_pre_disaster_5cfced2c-ca6a-4d62-89d8-2f1206fe42ba.png,Palu_Indonesia-palu-tsunami_00000016_pre_disaster_5cfced2c-ca6a-4d62-89d8-2f1206fe42ba.png,holdout,transformer_explainability,Palu Indonesia,6,MetalSheetMaterials,0.9999815225601196,IDEA-Research/grounding-dino-base,facebook/sam-vit-huge,building . rooftop . roof,0.2,0.15,2,2,False,685,80.0,0.06703606992959976,0.20018115942028986,224,224,64,69,0.3495225446821616,0.6504774553178384,0.5247813411078717,0.6108597285067874,0.7883211678832117,884,540,1029,685,0.489,success
MetalSheetMaterials__Palu_Indonesia-palu-tsunami_00000019_pre_disaster_fd7fdc1e-1183-4812-b4fa-b52c5cf3861d.png,/scratch/yd3288/RoofNet-xAI/RoofNet-Images/MetalSheetMaterials/Palu_Indonesia-palu-tsunami_00000019_pre_disaster_fd7fdc1e-1183-4812-b4fa-b52c5cf3861d.png,Palu_Indonesia-palu-tsunami_00000019_pre_disaster_fd7fdc1e-1183-4812-b4fa-b52c5cf3861d.png,holdout,transformer_explainability,Palu Indonesia,6,MetalSheetMaterials,0.9999953508377075,IDEA-Research/grounding-dino-base,facebook/sam-vit-huge,building . rooftop . roof,0.2,0.15,3,3,False,4702,80.0,0.038882582634687426,0.20012733446519523,224,224,76,62,0.9991720995746404,0.0008279004253596786,0.2005529561888558,1.0,0.2005529561888558,943,943,4702,4702,0.502,success
MetalSheetMaterials__Palu_Indonesia-palu-tsunami_00000025_pre_disaster_8fb4a497-117e-4e23-90b1-8ab39871a08d.png,/scratch/yd3288/RoofNet-xAI/RoofNet-Images/MetalSheetMaterials/Palu_Indonesia-palu-tsunami_00000025_pre_disaster_8fb4a497-117e-4e23-90b1-8ab39871a08d.png,Palu_Indonesia-palu-tsunami_00000025_pre_disaster_8fb4a497-117e-4e23-90b1-8ab39871a08d.png,holdout,transformer_explainability,Palu Indonesia,6,MetalSheetMaterials,0.9999724626541138,IDEA-Research/grounding-dino-base,facebook/sam-vit-huge,building . rooftop . roof,0.2,0.15,3,3,False,5508,80.0,0.04993551596999171,0.2000726216412491,224,224,81,68,1.0,0.0,0.2000726216412491,1.0,0.2000726216412491,1102,1102,5508,5508,0.496,success
MetalSheetMaterials__Palu_Indonesia-palu-tsunami_00000025_pre_disaster_96b7a443-d874-46c8-b8f8-cc19f268ddb1.png,/scratch/yd3288/RoofNet-xAI/RoofNet-Images/MetalSheetMaterials/Palu_Indonesia-palu-tsunami_00000025_pre_disaster_96b7a443-d874-46c8-b8f8-cc19f268ddb1.png,Palu_Indonesia-palu-tsunami_00000025_pre_disaster_96b7a443-d874-46c8-b8f8-cc19f268ddb1.png,holdout,transformer_explainability,Palu Indonesia,6,MetalSheetMaterials,0.6176531910896301,IDEA-Research/grounding-dino-base,facebook/sam-vit-huge,building . rooftop . roof,0.2,0.15,1,1,False,3198,80.0,0.07426750659942628,0.20012507817385866,224,224,41,78,1.0,0.0,0.20012507817385866,1.0,0.20012507817385866,640,640,3198,3198,0.505,success
MetalSheetMaterials__Palu_Indonesia-palu-tsunami_00000061_pre_disaster_97a7be5f-0222-4e31-b2cc-e84c6871a0f5.png,/scratch/yd3288/RoofNet-xAI/RoofNet-Images/MetalSheetMaterials/Palu_Indonesia-palu-tsunami_00000061_pre_disaster_97a7be5f-0222-4e31-b2cc-e84c6871a0f5.png,Palu_Indonesia-palu-tsunami_00000061_pre_disaster_97a7be5f-0222-4e31-b2cc-e84c6871a0f5.png,holdout,transformer_explainability,Palu Indonesia,6,MetalSheetMaterials,0.5848197937011719,IDEA-Research/grounding-dino-base,facebook/sam-vit-huge,building . rooftop . roof,0.2,0.15,1,1,False,3762,80.0,0.062118700891733186,0.20015948963317384,224,224,66,57,1.0,0.0,0.20015948963317384,1.0,0.20015948963317384,753,753,3762,3762,0.476,success
MetalSheetMaterials__Palu_Indonesia-palu-tsunami_00000067_pre_disaster_dad661b7-e301-48c2-90eb-7117b4768629.png,/scratch/yd3288/RoofNet-xAI/RoofNet-Images/MetalSheetMaterials/Palu_Indonesia-palu-tsunami_00000067_pre_disaster_dad661b7-e301-48c2-90eb-7117b4768629.png,Palu_Indonesia-palu-tsunami_00000067_pre_disaster_dad661b7-e301-48c2-90eb-7117b4768629.png,holdout,transformer_explainability,Palu Indonesia,6,MetalSheetMaterials,0.8035579919815063,IDEA-Research/grounding-dino-base,facebook/sam-vit-huge,building . rooftop . roof,0.2,0.15,2,2,False,2180,80.0,0.10758724510669711,0.2,224,224,59,70,0.6320530087202826,0.3679469912797175,0.2120967741935484,0.6368038740920097,0.24128440366972478,826,526,2480,2180,0.475,success
MetalSheetMaterials__Palu_Indonesia-palu-tsunami_00000072_pre_disaster_33fa1c55-a31a-42f7-b7bf-877b70801b4f.png,/scratch/yd3288/RoofNet-xAI/RoofNet-Images/MetalSheetMaterials/Palu_Indonesia-palu-tsunami_00000072_pre_disaster_33fa1c55-a31a-42f7-b7bf-877b70801b4f.png,Palu_Indonesia-palu-tsunami_00000072_pre_disaster_33fa1c55-a31a-42f7-b7bf-877b70801b4f.png,holdout,transformer_explainability,Palu Indonesia,4,ConcreteTiles,0.5701761245727539,IDEA-Research/grounding-dino-base,facebook/sam-vit-huge,building . rooftop . roof,0.2,0.15,4,4,False,3847,80.0,0.0805708453059197,0.2001039501039501,224,224,52,74,0.9998641589328473,0.00013584106715270716,0.20015596568754873,1.0,0.20015596568754873,770,770,3847,3847,0.502,success
MetalSheetMaterials__Palu_Indonesia-palu-tsunami_00000084_pre_disaster_51fdcbf9-1cb7-4c70-a158-05da9e30ee9a.png,/scratch/yd3288/RoofNet-xAI/RoofNet-Images/MetalSheetMaterials/Palu_Indonesia-palu-tsunami_00000084_pre_disaster_51fdcbf9-1cb7-4c70-a158-05da9e30ee9a.png,Palu_Indonesia-palu-tsunami_00000084_pre_disaster_51fdcbf9-1cb7-4c70-a158-05da9e30ee9a.png,holdout,transformer_explainability,Palu Indonesia,6,MetalSheetMaterials,0.9999712705612183,IDEA-Research/grounding-dino-base,facebook/sam-vit-huge,building . rooftop . roof,0.2,0.15,3,3,False,4592,80.0,0.02828074656426907,0.20013066202090593,224,224,56,82,1.0,0.0,0.20013066202090593,1.0,0.20013066202090593,919,919,4592,4592,0.513,success
MetalSheetMaterials__Palu_Indonesia-palu-tsunami_00000097_pre_disaster_79d5f504-6516-43f0-b55b-988db19837a8.png,/scratch/yd3288/RoofNet-xAI/RoofNet-Images/MetalSheetMaterials/Palu_Indonesia-palu-tsunami_00000097_pre_disaster_79d5f504-6516-43f0-b55b-988db19837a8.png,Palu_Indonesia-palu-tsunami_00000097_pre_disaster_79d5f504-6516-43f0-b55b-988db19837a8.png,holdout,transformer_explainability,Palu Indonesia,6,MetalSheetMaterials,0.9861894249916077,IDEA-Research/grounding-dino-base,facebook/sam-vit-huge,building . rooftop . roof,0.2,0.15,3,3,False,6188,80.0,0.042807459086179736,0.20006464124111184,224,224,91,68,1.0,0.0,0.20006464124111184,1.0,0.20006464124111184,1238,1238,6188,6188,0.491,success
MetalSheetMaterials__Palu_Indonesia-palu-tsunami_00000108_pre_disaster_c5ef33af-04db-4f52-afc6-d69570d2449b.png,/scratch/yd3288/RoofNet-xAI/RoofNet-Images/MetalSheetMaterials/Palu_Indonesia-palu-tsunami_00000108_pre_disaster_c5ef33af-04db-4f52-afc6-d69570d2449b.png,Palu_Indonesia-palu-tsunami_00000108_pre_disaster_c5ef33af-04db-4f52-afc6-d69570d2449b.png,holdout,transformer_explainability,Palu Indonesia,2,ClayTiles,0.9999641180038452,IDEA-Research/grounding-dino-base,facebook/sam-vit-huge,building . rooftop . roof,0.2,0.15,1,1,False,6289,80.0,0.049099241942167304,0.2,224,224,74,85,0.9997976802133803,0.00020231978661963,0.20003180155827635,1.0,0.20003180155827635,1258,1258,6289,6289,6.869,success
MetalSheetMaterials__Palu_Indonesia-palu-tsunami_00000115_pre_disaster_b8868dcc-5581-4c5a-9b0a-6826f371c5b7.png,/scratch/yd3288/RoofNet-xAI/RoofNet-Images/MetalSheetMaterials/Palu_Indonesia-palu-tsunami_00000115_pre_disaster_b8868dcc-5581-4c5a-9b0a-6826f371c5b7.png,Palu_Indonesia-palu-tsunami_00000115_pre_disaster_b8868dcc-5581-4c5a-9b0a-6826f371c5b7.png,holdout,transformer_explainability,Palu Indonesia,6,MetalSheetMaterials,0.9842345118522644,IDEA-Research/grounding-dino-base,facebook/sam-vit-huge,building . rooftop . roof,0.2,0.15,4,4,False,6248,80.0,0.04782517701387408,0.2000640204865557,224,224,71,88,1.0,0.0,0.2000640204865557,1.0,0.2000640204865557,1250,1250,6248,6248,0.473,success
MetalSheetMaterials__Hawaii-lower-puna-volcano_00000249_pre_disaster_4d98b71d-dbce-452d-983c-49a227285433.png,/scratch/yd3288/RoofNet-xAI/RoofNet-Images/MetalSheetMaterials/Hawaii-lower-puna-volcano_00000249_pre_disaster_4d98b71d-dbce-452d-983c-49a227285433.png,Hawaii-lower-puna-volcano_00000249_pre_disaster_4d98b71d-dbce-452d-983c-49a227285433.png,holdout,transformer_explainability,Hawaii,11,AmorphousMembrane,0.7425517439842224,IDEA-Research/grounding-dino-base,facebook/sam-vit-huge,building . rooftop . roof,0.2,0.15,1,1,False,6726,80.0,0.06734985411167146,0.2,224,224,80,85,0.9178295594276196,0.08217044057238045,0.18911764705882353,0.9455882352941176,0.1911983348201011,1360,1286,6800,6726,0.486,success
StoneSlates__Dublin_Ireland_heightNA_numstories1_roofshapeNA_fpArea923_imsat_53.33216249-6.28042016.jpg,/scratch/yd3288/RoofNet-xAI/RoofNet-Images/StoneSlates/Dublin_Ireland_heightNA_numstories1_roofshapeNA_fpArea923_imsat_53.33216249-6.28042016.jpg,Dublin_Ireland_heightNA_numstories1_roofshapeNA_fpArea923_imsat_53.33216249-6.28042016.jpg,holdout,transformer_explainability,Dublin Ireland Heightna Numstories1 Roofshapena Fparea923 Imsat 53.33216249,10,AmorphousAsphalt,0.3250123858451843,IDEA-Research/grounding-dino-base,facebook/sam-vit-huge,building . rooftop . roof,0.2,0.15,5,5,False,369961,80.0,0.05984290763735772,0.20000049134737277,224,224,638,638,0.7243477479656166,0.2756522520343833,0.1761839492596897,0.8305224238106352,0.18275439843659197,81409,67612,383758,369961,0.508,success
StoneSlates__Horsham_England_heightNA_numstoriesNA_roofshapeNA_fpArea751_imsat_50.90870583-0.53094754.jpg,/scratch/yd3288/RoofNet-xAI/RoofNet-Images/StoneSlates/Horsham_England_heightNA_numstoriesNA_roofshapeNA_fpArea751_imsat_50.90870583-0.53094754.jpg,Horsham_England_heightNA_numstoriesNA_roofshapeNA_fpArea751_imsat_50.90870583-0.53094754.jpg,holdout,transformer_explainability,Horsham England Heightna Numstoriesna Roofshapena Fparea751 Imsat 50.90870583,1,StoneSlates,0.7245431542396545,IDEA-Research/grounding-dino-base,facebook/sam-vit-huge,building . rooftop . roof,0.2,0.15,2,2,False,333932,80.0,0.06085460260510448,0.20000102611988158,224,224,638,611,0.8767183908679623,0.12328160913203773,0.20194928360909276,0.8876661023036273,0.2072457865673251,77964,69206,342690,333932,0.454,success
StoneSlates__Horsham_England_heightNA_numstoriesNA_roofshapeNA_fpArea1997_imsat_50.92189442-0.42622137.jpg,/scratch/yd3288/RoofNet-xAI/RoofNet-Images/StoneSlates/Horsham_England_heightNA_numstoriesNA_roofshapeNA_fpArea1997_imsat_50.92189442-0.42622137.jpg,Horsham_England_heightNA_numstoriesNA_roofshapeNA_fpArea1997_imsat_50.92189442-0.42622137.jpg,holdout,transformer_explainability,Horsham England Heightna Numstoriesna Roofshapena Fparea1997 Imsat 50.92189442,1,StoneSlates,0.3224591910839081,IDEA-Research/grounding-dino-base,facebook/sam-vit-huge,building . rooftop . roof,0.2,0.15,13,13,False,83265,80.0,0.06142723634839061,0.20000068232837737,224,224,466,629,0.4126754010549646,0.5873245989450354,0.33325816090657945,0.6049843917916177,0.4259412718429112,58623,35466,106422,83265,0.54,success
StoneSlates__Budapest_Hungary_heightNA_numstories3_roofshapegabled_fpArea1351_imsat_47.5600667218.94351794.jpg,/scratch/yd3288/RoofNet-xAI/RoofNet-Images/StoneSlates/Budapest_Hungary_heightNA_numstories3_roofshapegabled_fpArea1351_imsat_47.5600667218.94351794.jpg,Budapest_Hungary_heightNA_numstories3_roofshapegabled_fpArea1351_imsat_47.5600667218.94351794.jpg,holdout,transformer_explainability,Budapest Hungary,6,MetalSheetMaterials,0.9963657855987549,IDEA-Research/grounding-dino-base,facebook/sam-vit-huge,building . rooftop . roof,0.2,0.15,4,4,False,349290,80.0,0.051122923195362095,0.20000049134737277,224,224,638,638,0.8344030561127358,0.16559694388726418,0.19818671948678432,0.8750875210357577,0.20395659766955826,81409,71240,359459,349290,0.443,success
StoneSlates__Prague_Czech_Republic_heightNA_numstoriesNA_roofshapeNA_fpArea703_imsat_50.1534692314.53179801.jpg,/scratch/yd3288/RoofNet-xAI/RoofNet-Images/StoneSlates/Prague_Czech_Republic_heightNA_numstoriesNA_roofshapeNA_fpArea703_imsat_50.1534692314.53179801.jpg,Prague_Czech_Republic_heightNA_numstoriesNA_roofshapeNA_fpArea703_imsat_50.1534692314.53179801.jpg,holdout,transformer_explainability,Prague Czech Republic,10,AmorphousAsphalt,0.986759603023529,IDEA-Research/grounding-dino-base,facebook/sam-vit-huge,building . rooftop . roof,0.2,0.15,1,1,False,258644,80.0,0.03599663823843002,0.20000254861482783,224,224,492,638,0.7171623607515061,0.28283763924849387,0.15065099645236468,0.6703249442497611,0.1627062680750375,62780,42083,279341,258644,0.485,success
StoneSlates__Horsham_England_heightNA_numstoriesNA_roofshapeNA_fpArea868_imsat_51.07475473-0.29157517.jpg,/scratch/yd3288/RoofNet-xAI/RoofNet-Images/StoneSlates/Horsham_England_heightNA_numstoriesNA_roofshapeNA_fpArea868_imsat_51.07475473-0.29157517.jpg,Horsham_England_heightNA_numstoriesNA_roofshapeNA_fpArea868_imsat_51.07475473-0.29157517.jpg,holdout,transformer_explainability,Horsham England Heightna Numstoriesna Roofshapena Fparea868 Imsat 51.07475473,1,StoneSlates,0.5068068504333496,IDEA-Research/grounding-dino-base,facebook/sam-vit-huge,building . rooftop . roof,0.2,0.15,1,1,False,245162,80.0,0.13462207615375524,0.20000198404825206,224,224,638,474,0.8610730481023637,0.13892695189763624,0.20637595813039256,0.8644908486682208,0.21327530367675251,60483,52287,253358,245162,0.47,success
StoneSlates__Vilnius_Lithuania_heightNA_numstoriesNA_roofshapeNA_fpArea2674_imsat_54.7943909925.3926524.jpg,/scratch/yd3288/RoofNet-xAI/RoofNet-Images/StoneSlates/Vilnius_Lithuania_heightNA_numstoriesNA_roofshapeNA_fpArea2674_imsat_54.7943909925.3926524.jpg,Vilnius_Lithuania_heightNA_numstoriesNA_roofshapeNA_fpArea2674_imsat_54.7943909925.3926524.jpg,holdout,transformer_explainability,Vilnius Lithuania,10,AmorphousAsphalt,0.7818053364753723,IDEA-Research/grounding-dino-base,facebook/sam-vit-huge,building . rooftop . roof,0.2,0.15,3,3,False,353092,80.0,0.11682503223419193,0.2,224,224,635,638,0.8281023703636878,0.1718976296363122,0.18803313547285372,0.8479870658800879,0.19459234420490976,81026,68709,365409,353092,0.45,success
StoneSlates__Guatemala_City_Guatemala_heightNA_numstoriesNA_roofshapeNA_fpArea948_imsat_14.66273163-90.44963762.jpg,/scratch/yd3288/RoofNet-xAI/RoofNet-Images/StoneSlates/Guatemala_City_Guatemala_heightNA_numstoriesNA_roofshapeNA_fpArea948_imsat_14.66273163-90.44963762.jpg,Guatemala_City_Guatemala_heightNA_numstoriesNA_roofshapeNA_fpArea948_imsat_14.66273163-90.44963762.jpg,holdout,transformer_explainability,Guatemala City Guatemala Heightna Numstoriesna Roofshapena Fparea948 Imsat 14.66273163,10,AmorphousAsphalt,0.7249701619148254,IDEA-Research/grounding-dino-base,facebook/sam-vit-huge,building . rooftop . roof,0.2,0.15,1,1,False,248880,80.0,0.09243720024824144,0.20000065581511262,224,224,638,478,0.8471183359419635,0.15288166405803646,0.20398877888814634,0.8607709081369993,0.21094905175184828,60993,52501,257372,248880,0.473,success
StoneSlates__Horsham_England_heightNA_numstoriesNA_roofshapeNA_fpArea1690_imsat_51.06228683-0.34454608.jpg,/scratch/yd3288/RoofNet-xAI/RoofNet-Images/StoneSlates/Horsham_England_heightNA_numstoriesNA_roofshapeNA_fpArea1690_imsat_51.06228683-0.34454608.jpg,Horsham_England_heightNA_numstoriesNA_roofshapeNA_fpArea1690_imsat_51.06228683-0.34454608.jpg,holdout,transformer_explainability,Horsham England Heightna Numstoriesna Roofshapena Fparea1690 Imsat 51.06228683,9,AmorphousConcrete,0.4228486716747284,IDEA-Research/grounding-dino-base,facebook/sam-vit-huge,building . rooftop . roof,0.2,0.15,2,2,False,370006,80.0,0.05373347476124765,0.20000049134737277,224,224,638,638,0.8517265786433013,0.14827342135669874,0.18608952917961802,0.8699775209129211,0.19141311221980184,81409,70824,380591,370006,0.459,success
StoneSlates__Brussels_Belgium_heightNA_numstoriesNA_roofshapeNA_fpArea1841_imsat_49.97001714.42064986.jpg,/scratch/yd3288/RoofNet-xAI/RoofNet-Images/StoneSlates/Brussels_Belgium_heightNA_numstoriesNA_roofshapeNA_fpArea1841_imsat_49.97001714.42064986.jpg,Brussels_Belgium_heightNA_numstoriesNA_roofshapeNA_fpArea1841_imsat_49.97001714.42064986.jpg,holdout,transformer_explainability,Brussels Belgium,6,MetalSheetMaterials,0.3932112455368042,IDEA-Research/grounding-dino-base,facebook/sam-vit-huge,building . rooftop . roof,0.2,0.15,2,2,False,342185,80.0,0.056684460490942,0.20000208292108854,224,224,602,638,0.8748016721054257,0.12519832789457425,0.1848034475153119,0.8507993126431993,0.19099317620585357,76816,65355,353646,342185,0.456,success
StoneSlates__Kyoto_Japan_heightNA_numstoriesNA_roofshapeNA_fpArea952_imsat_35.07141584135.76457066.jpg,/scratch/yd3288/RoofNet-xAI/RoofNet-Images/StoneSlates/Kyoto_Japan_heightNA_numstoriesNA_roofshapeNA_fpArea952_imsat_35.07141584135.76457066.jpg,Kyoto_Japan_heightNA_numstoriesNA_roofshapeNA_fpArea952_imsat_35.07141584135.76457066.jpg,holdout,transformer_explainability,Kyoto Japan,2,ClayTiles,0.9194791913032532,IDEA-Research/grounding-dino-base,facebook/sam-vit-huge,building . rooftop . roof,0.2,0.15,3,3,False,199949,80.0,0.059817586094141006,0.2000038696695302,224,224,354,584,0.9909741029874282,0.009025897012571796,0.20543024853253403,0.9945341975428074,0.2056624439232004,41348,41122,200175,199949,0.497,success
StoneSlates__Horsham_England_heightNA_numstoriesNA_roofshapeNA_fpArea532_imsat_50.99671835-0.26869195.jpg,/scratch/yd3288/RoofNet-xAI/RoofNet-Images/StoneSlates/Horsham_England_heightNA_numstoriesNA_roofshapeNA_fpArea532_imsat_50.99671835-0.26869195.jpg,Horsham_England_heightNA_numstoriesNA_roofshapeNA_fpArea532_imsat_50.99671835-0.26869195.jpg,holdout,transformer_explainability,Horsham England Heightna Numstoriesna Roofshapena Fparea532 Imsat 50.99671835,1,StoneSlates,0.5806582570075989,IDEA-Research/grounding-dino-base,facebook/sam-vit-huge,building . rooftop . roof,0.2,0.15,3,3,False,307912,80.0,0.043378562480211255,0.20000165279239274,224,224,569,638,0.7511729071480907,0.24882709285190935,0.18229525922335527,0.8080848426416913,0.19054470108342644,72605,58671,321846,307912,0.474,success
StoneSlates__Kyoto_Japan_heightNA_numstoriesNA_roofshapeNA_fpArea180_imsat_34.97889938135.72430428.jpg,/scratch/yd3288/RoofNet-xAI/RoofNet-Images/StoneSlates/Kyoto_Japan_heightNA_numstoriesNA_roofshapeNA_fpArea180_imsat_34.97889938135.72430428.jpg,Kyoto_Japan_heightNA_numstoriesNA_roofshapeNA_fpArea180_imsat_34.97889938135.72430428.jpg,holdout,transformer_explainability,Kyoto Japan,10,AmorphousAsphalt,0.7009376883506775,IDEA-Research/grounding-dino-base,facebook/sam-vit-huge,building . rooftop . roof,0.2,0.15,2,2,False,391015,80.0,0.09186765551567078,0.20000049134737277,224,224,638,638,0.9895797197111453,0.010420280288854637,0.20819917394473358,1.0,0.20819917394473358,81409,81409,391015,391015,0.448,success
StoneSlates__Horsham_England_heightNA_numstoriesNA_roofshapeNA_fpArea1061_imsat_50.95754218-0.50340758.jpg,/scratch/yd3288/RoofNet-xAI/RoofNet-Images/StoneSlates/Horsham_England_heightNA_numstoriesNA_roofshapeNA_fpArea1061_imsat_50.95754218-0.50340758.jpg,Horsham_England_heightNA_numstoriesNA_roofshapeNA_fpArea1061_imsat_50.95754218-0.50340758.jpg,holdout,transformer_explainability,Horsham England Heightna Numstoriesna Roofshapena Fparea1061 Imsat 50.95754218,6,MetalSheetMaterials,0.42737922072410583,IDEA-Research/grounding-dino-base,facebook/sam-vit-huge,building . rooftop . roof,0.2,0.15,3,3,False,171465,80.0,0.053515613079071045,0.20000351237673752,224,224,638,357,0.5477127689091714,0.4522872310908285,0.17279040233456727,0.7018922597356982,0.1864753739830286,45554,31974,185045,171465,0.486,success
StoneSlates__Horsham_England_heightNA_numstoriesNA_roofshapeNA_fpArea442_imsat_50.9454214-0.4519738.jpg,/scratch/yd3288/RoofNet-xAI/RoofNet-Images/StoneSlates/Horsham_England_heightNA_numstoriesNA_roofshapeNA_fpArea442_imsat_50.9454214-0.4519738.jpg,Horsham_England_heightNA_numstoriesNA_roofshapeNA_fpArea442_imsat_50.9454214-0.4519738.jpg,holdout,transformer_explainability,Horsham England Heightna Numstoriesna Roofshapena Fparea442 Imsat 50.9454214,6,MetalSheetMaterials,0.9898108243942261,IDEA-Research/grounding-dino-base,facebook/sam-vit-huge,building . rooftop . roof,0.2,0.15,2,2,False,374955,80.0,0.05193911790847779,0.20000049134737277,224,224,638,638,0.8733866370568637,0.12661336294313635,0.19064627137083834,0.8976034590770062,0.1948847194996733,81409,73073,383291,374955,0.45,success
StoneSlates__Tokyo_Japan_heightNA_numstoriesNA_roofshapeNA_fpArea300_imsat_35.75393529139.56607419.jpg,/scratch/yd3288/RoofNet-xAI/RoofNet-Images/StoneSlates/Tokyo_Japan_heightNA_numstoriesNA_roofshapeNA_fpArea300_imsat_35.75393529139.56607419.jpg,Tokyo_Japan_heightNA_numstoriesNA_roofshapeNA_fpArea300_imsat_35.75393529139.56607419.jpg,holdout,transformer_explainability,Tokyo Japan,6,MetalSheetMaterials,0.9960041642189026,IDEA-Research/grounding-dino-base,facebook/sam-vit-huge,building . rooftop . roof,0.2,0.15,3,3,False,279941,80.0,0.04778577759861946,0.2000023350437529,224,224,638,537,0.7349317833339762,0.2650682166660238,0.18782191346556995,0.8041213041067102,0.19682718858616638,68522,55100,293363,279941,0.458,success
StoneSlates__Horsham_England_heightNA_numstoriesNA_roofshapeNA_fpArea763_imsat_51.06129483-0.30668563.jpg,/scratch/yd3288/RoofNet-xAI/RoofNet-Images/StoneSlates/Horsham_England_heightNA_numstoriesNA_roofshapeNA_fpArea763_imsat_51.06129483-0.30668563.jpg,Horsham_England_heightNA_numstoriesNA_roofshapeNA_fpArea763_imsat_51.06129483-0.30668563.jpg,holdout,transformer_explainability,Horsham England Heightna Numstoriesna Roofshapena Fparea763 Imsat 51.06129483,4,ConcreteTiles,0.624963104724884,IDEA-Research/grounding-dino-base,facebook/sam-vit-huge,building . rooftop . roof,0.2,0.15,2,2,False,356579,80.0,0.12710596621036532,0.20000049134737277,224,224,638,638,0.8178996095285428,0.18210039047145715,0.18091078217261183,0.8242086255819381,0.1881714851407402,81409,67098,370890,356579,0.445,success
StoneSlates__Horsham_England_heightNA_numstoriesNA_roofshapeNA_fpArea1122_imsat_51.07512841-0.33627589.jpg,/scratch/yd3288/RoofNet-xAI/RoofNet-Images/StoneSlates/Horsham_England_heightNA_numstoriesNA_roofshapeNA_fpArea1122_imsat_51.07512841-0.33627589.jpg,Horsham_England_heightNA_numstoriesNA_roofshapeNA_fpArea1122_imsat_51.07512841-0.33627589.jpg,holdout,transformer_explainability,Horsham England Heightna Numstoriesna Roofshapena Fparea1122 Imsat 51.07512841,1,StoneSlates,0.4346047639846802,IDEA-Research/grounding-dino-base,facebook/sam-vit-huge,building . rooftop . roof,0.2,0.15,3,3,False,382983,80.0,0.03619857132434846,0.20000049134737277,224,224,638,638,0.9649649581351292,0.035035041864870844,0.20287617725374804,0.9621049269736761,0.2045103829673902,81409,78324,386068,382983,0.449,success
StoneSlates__Vilnius_Lithuania_heightNA_numstoriesNA_roofshapeNA_fpArea2373_imsat_54.8079252725.31271374.jpg,/scratch/yd3288/RoofNet-xAI/RoofNet-Images/StoneSlates/Vilnius_Lithuania_heightNA_numstoriesNA_roofshapeNA_fpArea2373_imsat_54.8079252725.31271374.jpg,Vilnius_Lithuania_heightNA_numstoriesNA_roofshapeNA_fpArea2373_imsat_54.8079252725.31271374.jpg,holdout,transformer_explainability,Vilnius Lithuania,10,AmorphousAsphalt,0.6364450454711914,IDEA-Research/grounding-dino-base,facebook/sam-vit-huge,building . rooftop . roof,0.2,0.15,5,5,False,352853,80.0,0.10271432250738145,0.2,224,224,638,635,0.9327221362269068,0.06727786377309317,0.2110864856415524,0.9333177004912003,0.2143187106245377,81026,75623,358256,352853,0.453,success
StoneSlates__Horsham_England_heightNA_numstoriesNA_roofshapeNA_fpArea1085_imsat_51.08711175-0.32169211.jpg,/scratch/yd3288/RoofNet-xAI/RoofNet-Images/StoneSlates/Horsham_England_heightNA_numstoriesNA_roofshapeNA_fpArea1085_imsat_51.08711175-0.32169211.jpg,Horsham_England_heightNA_numstoriesNA_roofshapeNA_fpArea1085_imsat_51.08711175-0.32169211.jpg,holdout,transformer_explainability,Horsham England Heightna Numstoriesna Roofshapena Fparea1085 Imsat 51.08711175,1,StoneSlates,0.41054460406303406,IDEA-Research/grounding-dino-base,facebook/sam-vit-huge,building . rooftop . roof,0.2,0.15,2,2,False,394468,80.0,0.05992669612169266,0.20000049134737277,224,224,638,638,0.9863208287326287,0.013679171267371327,0.20447136363176172,0.9923349998157451,0.20479481225346544,81409,80785,395092,394468,0.476,success
StoneSlates__Horsham_England_heightNA_numstoriesNA_roofshapeNA_fpArea1264_imsat_50.98457043-0.40997729.jpg,/scratch/yd3288/RoofNet-xAI/RoofNet-Images/StoneSlates/Horsham_England_heightNA_numstoriesNA_roofshapeNA_fpArea1264_imsat_50.98457043-0.40997729.jpg,Horsham_England_heightNA_numstoriesNA_roofshapeNA_fpArea1264_imsat_50.98457043-0.40997729.jpg,holdout,transformer_explainability,Horsham England Heightna Numstoriesna Roofshapena Fparea1264 Imsat 50.98457043,1,StoneSlates,0.6193742156028748,IDEA-Research/grounding-dino-base,facebook/sam-vit-huge,building . rooftop . roof,0.2,0.15,1,1,False,319759,80.0,0.06866009384393694,0.20000106989632704,224,224,638,586,0.7811665525068756,0.21883344749312442,0.18476243671285203,0.822839489662182,0.1924167888941359,74774,61527,333006,319759,0.462,success
StoneSlates__Horsham_England_heightNA_numstoriesNA_roofshapeNA_fpArea796_imsat_51.07178247-0.33810713.jpg,/scratch/yd3288/RoofNet-xAI/RoofNet-Images/StoneSlates/Horsham_England_heightNA_numstoriesNA_roofshapeNA_fpArea796_imsat_51.07178247-0.33810713.jpg,Horsham_England_heightNA_numstoriesNA_roofshapeNA_fpArea796_imsat_51.07178247-0.33810713.jpg,holdout,transformer_explainability,Horsham England Heightna Numstoriesna Roofshapena Fparea796 Imsat 51.07178247,6,MetalSheetMaterials,0.7415363788604736,IDEA-Research/grounding-dino-base,facebook/sam-vit-huge,building . rooftop . roof,0.2,0.15,1,1,False,272452,80.0,0.08562494665384292,0.20000182964760987,224,224,514,638,0.6984162638384595,0.30158373616154055,0.16196948291448823,0.718435055727507,0.17294789540909958,65587,47120,290919,272452,0.463,success
StoneSlates__Horsham_England_heightNA_numstoriesNA_roofshapeNA_fpArea423_imsat_50.91093168-0.2384059.jpg,/scratch/yd3288/RoofNet-xAI/RoofNet-Images/StoneSlates/Horsham_England_heightNA_numstoriesNA_roofshapeNA_fpArea423_imsat_50.91093168-0.2384059.jpg,Horsham_England_heightNA_numstoriesNA_roofshapeNA_fpArea423_imsat_50.91093168-0.2384059.jpg,holdout,transformer_explainability,Horsham England Heightna Numstoriesna Roofshapena Fparea423 Imsat 50.91093168,6,MetalSheetMaterials,0.9319905042648315,IDEA-Research/grounding-dino-base,facebook/sam-vit-huge,building . rooftop . roof,0.2,0.15,6,6,False,241666,80.0,0.0328512504696846,0.20000066982825604,224,224,468,638,0.5135341658999051,0.48646583410009486,0.14201322445577008,0.6275934825928965,0.15508180712222655,59717,37478,263905,241666,0.474,success
StoneSlates__Riga_Latvia_heightNA_numstoriesNA_roofshapeNA_fpArea809_imsat_56.9300381924.08373363.jpg,/scratch/yd3288/RoofNet-xAI/RoofNet-Images/StoneSlates/Riga_Latvia_heightNA_numstoriesNA_roofshapeNA_fpArea809_imsat_56.9300381924.08373363.jpg,Riga_Latvia_heightNA_numstoriesNA_roofshapeNA_fpArea809_imsat_56.9300381924.08373363.jpg,holdout,transformer_explainability,Riga Latvia,6,MetalSheetMaterials,0.9474586844444275,IDEA-Research/grounding-dino-base,facebook/sam-vit-huge,building . rooftop . roof,0.2,0.15,1,1,False,396015,80.0,0.039166539162397415,0.20000049134737277,224,224,638,638,0.9914645573290535,0.008535442670946513,0.20515053527298796,0.9983048557284822,0.20522202441826698,81409,81271,396153,396015,0.459,success
StoneSlates__Tokyo_Japan_heightNA_numstoriesNA_roofshapeNA_fpArea1432_imsat_35.62206028139.69597312.jpg,/scratch/yd3288/RoofNet-xAI/RoofNet-Images/StoneSlates/Tokyo_Japan_heightNA_numstoriesNA_roofshapeNA_fpArea1432_imsat_35.62206028139.69597312.jpg,Tokyo_Japan_heightNA_numstoriesNA_roofshapeNA_fpArea1432_imsat_35.62206028139.69597312.jpg,holdout,transformer_explainability,Tokyo Japan,9,AmorphousConcrete,0.8630096316337585,IDEA-Research/grounding-dino-base,facebook/sam-vit-huge,building . rooftop . roof,0.2,0.15,3,3,False,237463,80.0,0.0397591292858124,0.2000006770618225,224,224,463,638,0.7278239892964797,0.27217601070352027,0.16679913436946686,0.7175476903806767,0.178520443184833,59079,42392,254150,237463,0.476,success
StoneSlates__Horsham_England_heightNA_numstoriesNA_roofshapeNA_fpArea1537_imsat_50.9303274-0.38969872.jpg,/scratch/yd3288/RoofNet-xAI/RoofNet-Images/StoneSlates/Horsham_England_heightNA_numstoriesNA_roofshapeNA_fpArea1537_imsat_50.9303274-0.38969872.jpg,Horsham_England_heightNA_numstoriesNA_roofshapeNA_fpArea1537_imsat_50.9303274-0.38969872.jpg,holdout,transformer_explainability,Horsham England Heightna Numstoriesna Roofshapena Fparea1537 Imsat 50.9303274,4,ConcreteTiles,0.4851977527141571,IDEA-Research/grounding-dino-base,facebook/sam-vit-huge,building . rooftop . roof,0.2,0.15,6,6,False,254784,80.0,0.08844303339719772,0.20000260149065416,224,224,482,638,0.6243867308486833,0.3756132691513167,0.15013399951272904,0.6712896722164412,0.1620470673197689,61504,41287,275001,254784,0.482,success
StoneSlates__Horsham_England_heightNA_numstoriesNA_roofshapeNA_fpArea797_imsat_51.12154966-0.27901445.jpg,/scratch/yd3288/RoofNet-xAI/RoofNet-Images/StoneSlates/Horsham_England_heightNA_numstoriesNA_roofshapeNA_fpArea797_imsat_51.12154966-0.27901445.jpg,Horsham_England_heightNA_numstoriesNA_roofshapeNA_fpArea797_imsat_51.12154966-0.27901445.jpg,holdout,transformer_explainability,Horsham England Heightna Numstoriesna Roofshapena Fparea797 Imsat 51.12154966,4,ConcreteTiles,0.38797616958618164,IDEA-Research/grounding-dino-base,facebook/sam-vit-huge,building . rooftop . roof,0.2,0.15,2,2,False,394289,80.0,0.04527277871966362,0.20003488566346636,224,224,638,638,0.9763647814229808,0.023635218577019224,0.19859004819938875,0.9680188644486202,0.19990159502294003,81423,78819,396893,394289,0.453,success
StoneSlates__Horsham_England_heightNA_numstoriesNA_roofshapeNA_fpArea697_imsat_50.91376495-0.50759443.jpg,/scratch/yd3288/RoofNet-xAI/RoofNet-Images/StoneSlates/Horsham_England_heightNA_numstoriesNA_roofshapeNA_fpArea697_imsat_50.91376495-0.50759443.jpg,Horsham_England_heightNA_numstoriesNA_roofshapeNA_fpArea697_imsat_50.91376495-0.50759443.jpg,holdout,transformer_explainability,Horsham England Heightna Numstoriesna Roofshapena Fparea697 Imsat 50.91376495,4,ConcreteTiles,0.39119210839271545,IDEA-Research/grounding-dino-base,facebook/sam-vit-huge,building . rooftop . roof,0.2,0.15,3,3,False,281118,80.0,0.052915974706411406,0.20000049134737277,224,224,638,638,0.726525513036243,0.2734744869637569,0.19307639398536822,0.7206574211696496,0.20869528098520906,81409,58668,303859,281118,0.457,success
StoneSlates__Horsham_England_heightNA_numstoriesNA_roofshapeNA_fpArea580_imsat_50.91825663-0.4540373.jpg,/scratch/yd3288/RoofNet-xAI/RoofNet-Images/StoneSlates/Horsham_England_heightNA_numstoriesNA_roofshapeNA_fpArea580_imsat_50.91825663-0.4540373.jpg,Horsham_England_heightNA_numstoriesNA_roofshapeNA_fpArea580_imsat_50.91825663-0.4540373.jpg,holdout,transformer_explainability,Horsham England Heightna Numstoriesna Roofshapena Fparea580 Imsat 50.91825663,1,StoneSlates,0.19884471595287323,IDEA-Research/grounding-dino-base,facebook/sam-vit-huge,building . rooftop . roof,0.2,0.15,2,2,False,406905,80.0,0.05766621604561806,0.20002751545287487,224,224,638,638,0.9993169079106266,0.0006830920893734722,0.1998098289443295,0.9988086465241955,0.1998574605866234,81420,81323,407002,406905,0.453,success
StoneSlates__Horsham_England_heightNA_numstoriesNA_roofshapeNA_fpArea662_imsat_51.0708567-0.3125635.jpg,/scratch/yd3288/RoofNet-xAI/RoofNet-Images/StoneSlates/Horsham_England_heightNA_numstoriesNA_roofshapeNA_fpArea662_imsat_51.0708567-0.3125635.jpg,Horsham_England_heightNA_numstoriesNA_roofshapeNA_fpArea662_imsat_51.0708567-0.3125635.jpg,holdout,transformer_explainability,Horsham England Heightna Numstoriesna Roofshapena Fparea662 Imsat 51.0708567,0,Thatch,0.20310568809509277,IDEA-Research/grounding-dino-base,facebook/sam-vit-huge,building . rooftop . roof,0.2,0.15,1,1,False,382498,80.0,0.08040296882390977,0.20000049134737277,224,224,638,638,0.9217108546506425,0.07828914534935745,0.19510680832208402,0.9303025464015036,0.19800103529953098,81409,75735,388172,382498,0.447,success
StoneSlates__Horsham_England_heightNA_numstoriesNA_roofshapeNA_fpArea360_imsat_51.0950187-0.276239.jpg,/scratch/yd3288/RoofNet-xAI/RoofNet-Images/StoneSlates/Horsham_England_heightNA_numstoriesNA_roofshapeNA_fpArea360_imsat_51.0950187-0.276239.jpg,Horsham_England_heightNA_numstoriesNA_roofshapeNA_fpArea360_imsat_51.0950187-0.276239.jpg,holdout,transformer_explainability,Horsham England Heightna Numstoriesna Roofshapena Fparea360 Imsat 51.0950187,6,MetalSheetMaterials,0.7286555767059326,IDEA-Research/grounding-dino-base,facebook/sam-vit-huge,building . rooftop . roof,0.2,0.15,3,3,False,385775,80.0,0.05562231540679932,0.20000049134737277,224,224,638,638,0.9720447760131481,0.027955223986851872,0.2042376594922026,0.9732830522423811,0.20538915170760158,81409,79234,387950,385775,0.457,success
StoneSlates__Horsham_England_heightNA_numstoriesNA_roofshapeNA_fpArea1932_imsat_50.9562773-0.4819779.jpg,/scratch/yd3288/RoofNet-xAI/RoofNet-Images/StoneSlates/Horsham_England_heightNA_numstoriesNA_roofshapeNA_fpArea1932_imsat_50.9562773-0.4819779.jpg,Horsham_England_heightNA_numstoriesNA_roofshapeNA_fpArea1932_imsat_50.9562773-0.4819779.jpg,holdout,transformer_explainability,Horsham England Heightna Numstoriesna Roofshapena Fparea1932 Imsat 50.9562773,4,ConcreteTiles,0.5389158129692078,IDEA-Research/grounding-dino-base,facebook/sam-vit-huge,building . rooftop . roof,0.2,0.15,3,3,False,257956,80.0,0.06098640710115433,0.2000025747813045,224,224,487,638,0.680405414411742,0.319594585588258,0.17331525026116598,0.7608863570532007,0.18329870210423482,62142,47283,272815,257956,0.469,success
StoneSlates__Horsham_England_heightNA_numstoriesNA_roofshapeNA_fpArea1133_imsat_51.08360398-0.305708.jpg,/scratch/yd3288/RoofNet-xAI/RoofNet-Images/StoneSlates/Horsham_England_heightNA_numstoriesNA_roofshapeNA_fpArea1133_imsat_51.08360398-0.305708.jpg,Horsham_England_heightNA_numstoriesNA_roofshapeNA_fpArea1133_imsat_51.08360398-0.305708.jpg,holdout,transformer_explainability,Horsham England Heightna Numstoriesna Roofshapena Fparea1133 Imsat 51.08360398,6,MetalSheetMaterials,0.6319053769111633,IDEA-Research/grounding-dino-base,facebook/sam-vit-huge,building . rooftop . roof,0.2,0.15,3,3,False,280805,80.0,0.05728005394339567,0.20000059371140877,224,224,638,528,0.7020919010919909,0.29790809890800907,0.18175461938444412,0.7948287889807489,0.19070173251900785,67373,53550,294628,280805,0.47,success
StoneSlates__Tokyo_Japan_heightNA_numstoriesNA_roofshapeNA_fpArea508_imsat_35.67233665139.4777751.jpg,/scratch/yd3288/RoofNet-xAI/RoofNet-Images/StoneSlates/Tokyo_Japan_heightNA_numstoriesNA_roofshapeNA_fpArea508_imsat_35.67233665139.4777751.jpg,Tokyo_Japan_heightNA_numstoriesNA_roofshapeNA_fpArea508_imsat_35.67233665139.4777751.jpg,holdout,transformer_explainability,Tokyo Japan,6,MetalSheetMaterials,0.9964877367019653,IDEA-Research/grounding-dino-base,facebook/sam-vit-huge,building . rooftop . roof,0.2,0.15,3,3,False,364977,80.0,0.1075681790709496,0.20000049134737277,224,224,638,638,0.9625925235509705,0.03740747644902955,0.21377393839033954,0.9657286049453991,0.21540809420867615,81409,78619,367767,364977,0.451,success
StoneSlates__Toronto_Canada_heightNA_numstoriesNA_roofshapeNA_fpArea1570_imsat_43.64597941-79.54045069.jpg,/scratch/yd3288/RoofNet-xAI/RoofNet-Images/StoneSlates/Toronto_Canada_heightNA_numstoriesNA_roofshapeNA_fpArea1570_imsat_43.64597941-79.54045069.jpg,Toronto_Canada_heightNA_numstoriesNA_roofshapeNA_fpArea1570_imsat_43.64597941-79.54045069.jpg,holdout,transformer_explainability,Toronto Canada Heightna Numstoriesna Roofshapena Fparea1570 Imsat 43.64597941,10,AmorphousAsphalt,0.9010930061340332,IDEA-Research/grounding-dino-base,facebook/sam-vit-huge,building . rooftop . roof,0.2,0.15,2,2,False,308113,80.0,0.06470156461000443,0.20000221149646438,224,224,638,567,0.8032644476524535,0.19673555234754644,0.19094915827234538,0.8431375259156876,0.19798255834709994,72350,61001,319462,308113,0.457,success
StoneSlates__Budapest_Hungary_heightNA_numstoriesNA_roofshapeNA_fpArea8026_imsat_47.4762485519.01981427.jpg,/scratch/yd3288/RoofNet-xAI/RoofNet-Images/StoneSlates/Budapest_Hungary_heightNA_numstoriesNA_roofshapeNA_fpArea8026_imsat_47.4762485519.01981427.jpg,Budapest_Hungary_heightNA_numstoriesNA_roofshapeNA_fpArea8026_imsat_47.4762485519.01981427.jpg,holdout,transformer_explainability,Budapest Hungary,9,AmorphousConcrete,0.9870697259902954,IDEA-Research/grounding-dino-base,facebook/sam-vit-huge,building . rooftop . roof,0.2,0.15,3,3,False,199942,80.0,0.04939686879515648,0.20000311920023706,224,224,638,402,0.678637793883028,0.3213622061169719,0.17511856986501276,0.7298814722395508,0.18725430374808694,51296,37440,213798,199942,1.145,success
StoneSlates__Horsham_England_heightNA_numstoriesNA_roofshapeNA_fpArea1415_imsat_50.9314508-0.27245212.jpg,/scratch/yd3288/RoofNet-xAI/RoofNet-Images/StoneSlates/Horsham_England_heightNA_numstoriesNA_roofshapeNA_fpArea1415_imsat_50.9314508-0.27245212.jpg,Horsham_England_heightNA_numstoriesNA_roofshapeNA_fpArea1415_imsat_50.9314508-0.27245212.jpg,holdout,transformer_explainability,Horsham England Heightna Numstoriesna Roofshapena Fparea1415 Imsat 50.9314508,6,MetalSheetMaterials,0.5707102417945862,IDEA-Research/grounding-dino-base,facebook/sam-vit-huge,building . rooftop . roof,0.2,0.15,2,2,False,198958,80.0,0.04612892121076585,0.20000235698965282,224,224,399,638,0.5882276896658054,0.4117723103341946,0.1479507688349635,0.6325300021605483,0.16186330783381417,50913,32204,217667,198958,0.496,success
StoneSlates__Horsham_England_heightNA_numstoriesNA_roofshapeNA_fpArea931_imsat_51.06244462-0.31676783.jpg,/scratch/yd3288/RoofNet-xAI/RoofNet-Images/StoneSlates/Horsham_England_heightNA_numstoriesNA_roofshapeNA_fpArea931_imsat_51.06244462-0.31676783.jpg,Horsham_England_heightNA_numstoriesNA_roofshapeNA_fpArea931_imsat_51.06244462-0.31676783.jpg,holdout,transformer_explainability,Horsham England Heightna Numstoriesna Roofshapena Fparea931 Imsat 51.06244462,4,ConcreteTiles,0.4575675129890442,IDEA-Research/grounding-dino-base,facebook/sam-vit-huge,building . rooftop . roof,0.2,0.15,2,2,False,288776,80.0,0.05721385329961782,0.2000011697000889,224,224,536,638,0.6723138825612316,0.32768611743876835,0.14636659209736588,0.6667690148258619,0.1579182480538549,68394,45603,311567,288776,0.459,success
StoneSlates__Horsham_England_heightNA_numstoriesNA_roofshapeNA_fpArea865_imsat_50.88502638-0.33175304.jpg,/scratch/yd3288/RoofNet-xAI/RoofNet-Images/StoneSlates/Horsham_England_heightNA_numstoriesNA_roofshapeNA_fpArea865_imsat_50.88502638-0.33175304.jpg,Horsham_England_heightNA_numstoriesNA_roofshapeNA_fpArea865_imsat_50.88502638-0.33175304.jpg,holdout,transformer_explainability,Horsham England Heightna Numstoriesna Roofshapena Fparea865 Imsat 50.88502638,10,AmorphousAsphalt,0.55130535364151,IDEA-Research/grounding-dino-base,facebook/sam-vit-huge,building . rooftop . roof,0.2,0.15,3,3,False,306930,80.0,0.0542515836656094,0.20000109800218502,224,224,638,571,0.7755693130755557,0.22443068692444434,0.18307270575042053,0.8066154268460061,0.1914768839800606,72860,58770,321020,306930,0.459,success
StoneSlates__Horsham_England_heightNA_numstoriesNA_roofshapeNA_fpArea884_imsat_50.94032601-0.27132213.jpg,/scratch/yd3288/RoofNet-xAI/RoofNet-Images/StoneSlates/Horsham_England_heightNA_numstoriesNA_roofshapeNA_fpArea884_imsat_50.94032601-0.27132213.jpg,Horsham_England_heightNA_numstoriesNA_roofshapeNA_fpArea884_imsat_50.94032601-0.27132213.jpg,holdout,transformer_explainability,Horsham England Heightna Numstoriesna Roofshapena Fparea884 Imsat 50.94032601,0,Thatch,0.45318105816841125,IDEA-Research/grounding-dino-base,facebook/sam-vit-huge,building . rooftop . roof,0.2,0.15,3,3,False,291968,80.0,0.06613102853298186,0.20000174478454819,224,224,539,638,0.6460923005828878,0.3539076994171122,0.16215275876177068,0.7318434941913721,0.17239560499780798,68777,50334,310411,291968,0.472,success
StoneSlates__Budapest_Hungary_heightNA_numstoriesNA_roofshapeNA_fpArea3069_imsat_47.5516750719.10816614.jpg,/scratch/yd3288/RoofNet-xAI/RoofNet-Images/StoneSlates/Budapest_Hungary_heightNA_numstoriesNA_roofshapeNA_fpArea3069_imsat_47.5516750719.10816614.jpg,Budapest_Hungary_heightNA_numstoriesNA_roofshapeNA_fpArea3069_imsat_47.5516750719.10816614.jpg,holdout,transformer_explainability,Budapest Hungary,6,MetalSheetMaterials,0.9999096393585205,IDEA-Research/grounding-dino-base,facebook/sam-vit-huge,building . rooftop . roof,0.2,0.15,6,6,False,134578,80.0,0.040608453750610354,0.20000280751665794,224,224,361,592,0.45435970073639553,0.5456402992636045,0.1644328576775829,0.585826919027677,0.18606310095260742,42743,25040,152281,134578,0.5,success
StoneSlates__Horsham_England_heightNA_numstoriesNA_roofshapeNA_fpArea297_imsat_51.02579715-0.39489663.jpg,/scratch/yd3288/RoofNet-xAI/RoofNet-Images/StoneSlates/Horsham_England_heightNA_numstoriesNA_roofshapeNA_fpArea297_imsat_51.02579715-0.39489663.jpg,Horsham_England_heightNA_numstoriesNA_roofshapeNA_fpArea297_imsat_51.02579715-0.39489663.jpg,holdout,transformer_explainability,Horsham England Heightna Numstoriesna Roofshapena Fparea297 Imsat 51.02579715,10,AmorphousAsphalt,0.7800956964492798,IDEA-Research/grounding-dino-base,facebook/sam-vit-huge,building . rooftop . roof,0.2,0.15,2,2,False,399309,80.0,0.042802855372428894,0.20004471261092166,224,224,638,638,0.991900944682868,0.008099055317131973,0.20179192832286708,0.9913173763002444,0.20214921276505163,81427,80720,400016,399309,0.454,success
StoneSlates__Horsham_England_heightNA_numstoriesNA_roofshapeNA_fpArea1090_imsat_50.9364882-0.27143412.jpg,/scratch/yd3288/RoofNet-xAI/RoofNet-Images/StoneSlates/Horsham_England_heightNA_numstoriesNA_roofshapeNA_fpArea1090_imsat_50.9364882-0.27143412.jpg,Horsham_England_heightNA_numstoriesNA_roofshapeNA_fpArea1090_imsat_50.9364882-0.27143412.jpg,holdout,transformer_explainability,Horsham England Heightna Numstoriesna Roofshapena Fparea1090 Imsat 50.9364882,1,StoneSlates,0.5815635919570923,IDEA-Research/grounding-dino-base,facebook/sam-vit-huge,building . rooftop . roof,0.2,0.15,1,1,False,369841,80.0,0.0731843605637551,0.20000049134737277,224,224,638,638,0.9287299984146048,0.07127000158539518,0.2039112107144763,0.9388396860298002,0.2066563739552943,81409,76430,374820,369841,0.453,success
StoneSlates__Horsham_England_heightNA_numstoriesNA_roofshapeNA_fpArea1637_imsat_50.91698482-0.45486084.jpg,/scratch/yd3288/RoofNet-xAI/RoofNet-Images/StoneSlates/Horsham_England_heightNA_numstoriesNA_roofshapeNA_fpArea1637_imsat_50.91698482-0.45486084.jpg,Horsham_England_heightNA_numstoriesNA_roofshapeNA_fpArea1637_imsat_50.91698482-0.45486084.jpg,holdout,transformer_explainability,Horsham England Heightna Numstoriesna Roofshapena Fparea1637 Imsat 50.91698482,1,StoneSlates,0.6082381010055542,IDEA-Research/grounding-dino-base,facebook/sam-vit-huge,building . rooftop . roof,0.2,0.15,3,3,False,392799,80.0,0.12148055434226991,0.20000049134737277,224,224,638,638,0.9805539654374781,0.019446034562521957,0.20439895359764307,0.988563917994325,0.20488341365431176,81409,80478,393730,392799,0.451,success
StoneSlates__Horsham_England_heightNA_numstoriesNA_roofshapeNA_fpArea912_imsat_50.92282272-0.44392646.jpg,/scratch/yd3288/RoofNet-xAI/RoofNet-Images/StoneSlates/Horsham_England_heightNA_numstoriesNA_roofshapeNA_fpArea912_imsat_50.92282272-0.44392646.jpg,Horsham_England_heightNA_numstoriesNA_roofshapeNA_fpArea912_imsat_50.92282272-0.44392646.jpg,holdout,transformer_explainability,Horsham England Heightna Numstoriesna Roofshapena Fparea912 Imsat 50.92282272,1,StoneSlates,0.44067439436912537,IDEA-Research/grounding-dino-base,facebook/sam-vit-huge,building . rooftop . roof,0.2,0.15,7,7,False,362229,80.0,0.08707678616046911,0.20000098578498057,224,224,638,636,0.9647736620321455,0.03522633796785448,0.21898600889118608,0.9814919782142593,0.21989404492738018,81154,79652,363731,362229,0.47,success
StoneSlates__Tokyo_Japan_heightNA_numstoriesNA_roofshapeNA_fpArea452_imsat_35.74236551139.75975172.jpg,/scratch/yd3288/RoofNet-xAI/RoofNet-Images/StoneSlates/Tokyo_Japan_heightNA_numstoriesNA_roofshapeNA_fpArea452_imsat_35.74236551139.75975172.jpg,Tokyo_Japan_heightNA_numstoriesNA_roofshapeNA_fpArea452_imsat_35.74236551139.75975172.jpg,holdout,transformer_explainability,Tokyo Japan,10,AmorphousAsphalt,0.8342539668083191,IDEA-Research/grounding-dino-base,facebook/sam-vit-huge,building . rooftop . roof,0.2,0.15,3,3,False,366232,80.0,0.06198815032839779,0.20000049134737277,224,224,638,638,0.7805017283097845,0.2194982716902155,0.1834840313028765,0.8524978810696606,0.1895000982983464,81409,69401,378240,366232,0.454,success
StoneSlates__Horsham_England_heightNA_numstoriesNA_roofshapeNA_fpArea1215_imsat_50.91423315-0.45016085.jpg,/scratch/yd3288/RoofNet-xAI/RoofNet-Images/StoneSlates/Horsham_England_heightNA_numstoriesNA_roofshapeNA_fpArea1215_imsat_50.91423315-0.45016085.jpg,Horsham_England_heightNA_numstoriesNA_roofshapeNA_fpArea1215_imsat_50.91423315-0.45016085.jpg,holdout,transformer_explainability,Horsham England Heightna Numstoriesna Roofshapena Fparea1215 Imsat 50.91423315,1,StoneSlates,0.8436521291732788,IDEA-Research/grounding-dino-base,facebook/sam-vit-huge,building . rooftop . roof,0.2,0.15,5,5,False,345144,80.0,0.0631829857826233,0.2,224,224,638,625,0.9283921802833371,0.07160781971666282,0.20766161122353852,0.9161379310344827,0.21168555733259162,79750,73062,351832,345144,0.46,success
StoneSlates__Horsham_England_heightNA_numstoriesNA_roofshapeNA_fpArea617_imsat_51.06983675-0.33491298.jpg,/scratch/yd3288/RoofNet-xAI/RoofNet-Images/StoneSlates/Horsham_England_heightNA_numstoriesNA_roofshapeNA_fpArea617_imsat_51.06983675-0.33491298.jpg,Horsham_England_heightNA_numstoriesNA_roofshapeNA_fpArea617_imsat_51.06983675-0.33491298.jpg,holdout,transformer_explainability,Horsham England Heightna Numstoriesna Roofshapena Fparea617 Imsat 51.06983675,1,StoneSlates,0.6963042616844177,IDEA-Research/grounding-dino-base,facebook/sam-vit-huge,building . rooftop . roof,0.2,0.15,2,2,False,359830,80.0,0.07863288372755052,0.20000049134737277,224,224,638,638,0.9528592359618298,0.04714076403817022,0.2180981459600923,0.9704455281357098,0.21955645721590752,81409,79003,362236,359830,0.455,success
StoneSlates__Horsham_England_heightNA_numstoriesNA_roofshapeNA_fpArea435_imsat_50.94688485-0.46552968.jpg,/scratch/yd3288/RoofNet-xAI/RoofNet-Images/StoneSlates/Horsham_England_heightNA_numstoriesNA_roofshapeNA_fpArea435_imsat_50.94688485-0.46552968.jpg,Horsham_England_heightNA_numstoriesNA_roofshapeNA_fpArea435_imsat_50.94688485-0.46552968.jpg,holdout,transformer_explainability,Horsham England Heightna Numstoriesna Roofshapena Fparea435 Imsat 50.94688485,1,StoneSlates,0.4998916685581207,IDEA-Research/grounding-dino-base,facebook/sam-vit-huge,building . rooftop . roof,0.2,0.15,1,1,False,167918,80.0,0.05983864143490791,0.20000049134737277,224,224,638,638,0.4018410137232416,0.5981589862767583,0.18633930483191777,0.48105246348683806,0.2332209769053943,81409,39162,210165,167918,0.46,success
StoneSlates__Horsham_England_heightNA_numstoriesNA_roofshapeNA_fpArea1462_imsat_50.92629342-0.27091986.jpg,/scratch/yd3288/RoofNet-xAI/RoofNet-Images/StoneSlates/Horsham_England_heightNA_numstoriesNA_roofshapeNA_fpArea1462_imsat_50.92629342-0.27091986.jpg,Horsham_England_heightNA_numstoriesNA_roofshapeNA_fpArea1462_imsat_50.92629342-0.27091986.jpg,holdout,transformer_explainability,Horsham England Heightna Numstoriesna Roofshapena Fparea1462 Imsat 50.92629342,4,ConcreteTiles,0.7218641042709351,IDEA-Research/grounding-dino-base,facebook/sam-vit-huge,building . rooftop . roof,0.2,0.15,7,7,False,399601,80.0,0.04605617225170136,0.20000049134737277,224,224,638,638,0.994626406664873,0.005373593335126958,0.20312355396809914,0.9975432691717132,0.20322521715411124,81409,81209,399801,399601,0.462,success
StoneSlates__Kyoto_Japan_heightNA_numstoriesNA_roofshapeNA_fpArea601_imsat_35.02379166135.79488246.jpg,/scratch/yd3288/RoofNet-xAI/RoofNet-Images/StoneSlates/Kyoto_Japan_heightNA_numstoriesNA_roofshapeNA_fpArea601_imsat_35.02379166135.79488246.jpg,Kyoto_Japan_heightNA_numstoriesNA_roofshapeNA_fpArea601_imsat_35.02379166135.79488246.jpg,holdout,transformer_explainability,Kyoto Japan,6,MetalSheetMaterials,0.9429365992546082,IDEA-Research/grounding-dino-base,facebook/sam-vit-huge,building . rooftop . roof,0.2,0.15,2,2,False,297622,80.0,0.03270351514220238,0.200002271591477,224,224,552,638,0.6151529399688743,0.38484706003112573,0.13415772785120222,0.6181072178999375,0.14628286887394076,70436,43537,324521,297622,0.462,success
StoneSlates__Horsham_England_heightNA_numstoriesNA_roofshapeNA_fpArea1323_imsat_50.9258371-0.46437327.jpg,/scratch/yd3288/RoofNet-xAI/RoofNet-Images/StoneSlates/Horsham_England_heightNA_numstoriesNA_roofshapeNA_fpArea1323_imsat_50.9258371-0.46437327.jpg,Horsham_England_heightNA_numstoriesNA_roofshapeNA_fpArea1323_imsat_50.9258371-0.46437327.jpg,holdout,transformer_explainability,Horsham England Heightna Numstoriesna Roofshapena Fparea1323 Imsat 50.9258371,4,ConcreteTiles,0.4718306362628937,IDEA-Research/grounding-dino-base,facebook/sam-vit-huge,building . rooftop . roof,0.2,0.15,5,5,False,361364,80.0,0.08007546067237856,0.20000049134737277,224,224,638,638,0.9177151481352446,0.08228485186475538,0.20186479553751985,0.9135107911901632,0.20579803190135154,81409,74368,368405,361364,0.457,success
StoneSlates__Minsk_Belarus_heightNA_numstories5_roofshapehipped_fpArea2676_imsat_53.8638072927.53084698.jpg,/scratch/yd3288/RoofNet-xAI/RoofNet-Images/StoneSlates/Minsk_Belarus_heightNA_numstories5_roofshapehipped_fpArea2676_imsat_53.8638072927.53084698.jpg,Minsk_Belarus_heightNA_numstories5_roofshapehipped_fpArea2676_imsat_53.8638072927.53084698.jpg,holdout,transformer_explainability,Minsk Belarus,4,ConcreteTiles,0.5939739346504211,IDEA-Research/grounding-dino-base,facebook/sam-vit-huge,building . rooftop . roof,0.2,0.15,2,2,False,369457,80.0,0.11576575189828872,0.2,224,224,604,635,0.978463657864546,0.021536342135453915,0.20347367768004293,0.9833915628096157,0.20417531674863382,76708,75434,370731,369457,0.457,success
StoneSlates__Horsham_England_heightNA_numstoriesNA_roofshapeNA_fpArea773_imsat_51.0743417-0.31747404.jpg,/scratch/yd3288/RoofNet-xAI/RoofNet-Images/StoneSlates/Horsham_England_heightNA_numstoriesNA_roofshapeNA_fpArea773_imsat_51.0743417-0.31747404.jpg,Horsham_England_heightNA_numstoriesNA_roofshapeNA_fpArea773_imsat_51.0743417-0.31747404.jpg,holdout,transformer_explainability,Horsham England Heightna Numstoriesna Roofshapena Fparea773 Imsat 51.0743417,6,MetalSheetMaterials,0.29262638092041016,IDEA-Research/grounding-dino-base,facebook/sam-vit-huge,building . rooftop . roof,0.2,0.15,3,3,False,298981,80.0,0.05020475387573242,0.2,224,224,638,555,0.8726786363691135,0.12732136363088647,0.1970975646864975,0.8597531700979977,0.20364504767861502,70818,60886,308913,298981,0.461,success
StoneSlates__Horsham_England_heightNA_numstoriesNA_roofshapeNA_fpArea1225_imsat_50.95901211-0.30195879.jpg,/scratch/yd3288/RoofNet-xAI/RoofNet-Images/StoneSlates/Horsham_England_heightNA_numstoriesNA_roofshapeNA_fpArea1225_imsat_50.95901211-0.30195879.jpg,Horsham_England_heightNA_numstoriesNA_roofshapeNA_fpArea1225_imsat_50.95901211-0.30195879.jpg,holdout,transformer_explainability,Horsham England Heightna Numstoriesna Roofshapena Fparea1225 Imsat 50.95901211,4,ConcreteTiles,0.6045495271682739,IDEA-Research/grounding-dino-base,facebook/sam-vit-huge,building . rooftop . roof,0.2,0.15,4,4,False,329219,80.0,0.08338150382041931,0.20000203228281246,224,224,638,617,0.7360326420466798,0.26396735795332016,0.1767307026652821,0.778216689953004,0.1861040826926757,78730,61269,346680,329219,0.461,success
StoneSlates__Horsham_England_heightNA_numstoriesNA_roofshapeNA_fpArea2086_imsat_50.92420269-0.46647148.jpg,/scratch/yd3288/RoofNet-xAI/RoofNet-Images/StoneSlates/Horsham_England_heightNA_numstoriesNA_roofshapeNA_fpArea2086_imsat_50.92420269-0.46647148.jpg,Horsham_England_heightNA_numstoriesNA_roofshapeNA_fpArea2086_imsat_50.92420269-0.46647148.jpg,holdout,transformer_explainability,Horsham England Heightna Numstoriesna Roofshapena Fparea2086 Imsat 50.92420269,1,StoneSlates,0.5989168882369995,IDEA-Research/grounding-dino-base,facebook/sam-vit-huge,building . rooftop . roof,0.2,0.15,2,2,False,350272,80.0,0.04277629405260086,0.2000019684748749,224,224,638,637,0.6992587070294812,0.3007412929705188,0.1668131196651679,0.7590487438793336,0.17614025671478165,81282,61697,369857,350272,0.464,success
StoneSlates__Horsham_England_heightNA_numstoriesNA_roofshapeNA_fpArea2318_imsat_50.94746137-0.47181749.jpg,/scratch/yd3288/RoofNet-xAI/RoofNet-Images/StoneSlates/Horsham_England_heightNA_numstoriesNA_roofshapeNA_fpArea2318_imsat_50.94746137-0.47181749.jpg,Horsham_England_heightNA_numstoriesNA_roofshapeNA_fpArea2318_imsat_50.94746137-0.47181749.jpg,holdout,transformer_explainability,Horsham England Heightna Numstoriesna Roofshapena Fparea2318 Imsat 50.94746137,4,ConcreteTiles,0.3989817798137665,IDEA-Research/grounding-dino-base,facebook/sam-vit-huge,building . rooftop . roof,0.2,0.15,8,8,False,309808,80.0,0.06882164329290391,0.2000011175744165,224,224,638,561,0.9031969325530916,0.09680306744690834,0.20120816233972794,0.8924480330800179,0.2062083613076486,71584,63885,317507,309808,0.47,success
StoneSlates__Horsham_England_heightNA_numstoriesNA_roofshapeNA_fpArea826_imsat_50.93266206-0.2754284.jpg,/scratch/yd3288/RoofNet-xAI/RoofNet-Images/StoneSlates/Horsham_England_heightNA_numstoriesNA_roofshapeNA_fpArea826_imsat_50.93266206-0.2754284.jpg,Horsham_England_heightNA_numstoriesNA_roofshapeNA_fpArea826_imsat_50.93266206-0.2754284.jpg,holdout,transformer_explainability,Horsham England Heightna Numstoriesna Roofshapena Fparea826 Imsat 50.93266206,1,StoneSlates,0.5852509140968323,IDEA-Research/grounding-dino-base,facebook/sam-vit-huge,building . rooftop . roof,0.2,0.15,3,3,False,73232,80.0,0.0741973325610161,0.20000472294050275,224,224,259,327,0.9317604793048148,0.06823952069518523,0.214866011883109,0.9414959560776905,0.2177736508630107,16939,15948,74223,73232,0.463,success
StoneSlates__Horsham_England_heightNA_numstoriesNA_roofshapeNA_fpArea1293_imsat_51.08687099-0.31706109.jpg,/scratch/yd3288/RoofNet-xAI/RoofNet-Images/StoneSlates/Horsham_England_heightNA_numstoriesNA_roofshapeNA_fpArea1293_imsat_51.08687099-0.31706109.jpg,Horsham_England_heightNA_numstoriesNA_roofshapeNA_fpArea1293_imsat_51.08687099-0.31706109.jpg,holdout,transformer_explainability,Horsham England Heightna Numstoriesna Roofshapena Fparea1293 Imsat 51.08687099,1,StoneSlates,0.6639514565467834,IDEA-Research/grounding-dino-base,facebook/sam-vit-huge,building . rooftop . roof,0.2,0.15,1,1,False,282765,80.0,0.0350102223455906,0.20000060517301896,224,224,518,638,0.5785385780596749,0.4214614219403251,0.1504826353506073,0.6903641617622585,0.16137428606793627,66097,45631,303231,282765,0.478,success
StoneSlates__Horsham_England_heightNA_numstoriesNA_roofshapeNA_fpArea967_imsat_50.92290468-0.42315883.jpg,/scratch/yd3288/RoofNet-xAI/RoofNet-Images/StoneSlates/Horsham_England_heightNA_numstoriesNA_roofshapeNA_fpArea967_imsat_50.92290468-0.42315883.jpg,Horsham_England_heightNA_numstoriesNA_roofshapeNA_fpArea967_imsat_50.92290468-0.42315883.jpg,holdout,transformer_explainability,Horsham England Heightna Numstoriesna Roofshapena Fparea967 Imsat 50.92290468,1,StoneSlates,0.8183667659759521,IDEA-Research/grounding-dino-base,facebook/sam-vit-huge,building . rooftop . roof,0.2,0.15,7,7,False,221147,80.0,0.0784579873085022,0.20000130327970336,224,224,531,578,0.5661396692040175,0.4338603307959826,0.17247861758151464,0.6770819757591555,0.18793833965642762,61384,41562,240969,221147,0.458,success
StoneSlates__Horsham_England_heightNA_numstoriesNA_roofshapeNA_fpArea2494_imsat_50.93244228-0.39218454.jpg,/scratch/yd3288/RoofNet-xAI/RoofNet-Images/StoneSlates/Horsham_England_heightNA_numstoriesNA_roofshapeNA_fpArea2494_imsat_50.93244228-0.39218454.jpg,Horsham_England_heightNA_numstoriesNA_roofshapeNA_fpArea2494_imsat_50.93244228-0.39218454.jpg,holdout,transformer_explainability,Horsham England Heightna Numstoriesna Roofshapena Fparea2494 Imsat 50.93244228,1,StoneSlates,0.5568525791168213,IDEA-Research/grounding-dino-base,facebook/sam-vit-huge,building . rooftop . roof,0.2,0.15,3,3,False,292336,80.0,0.06074361875653267,0.20000231350275885,224,224,638,542,0.727342613403239,0.27265738659676103,0.17870930717863104,0.7924812030075188,0.1874828963931914,69160,54808,306688,292336,0.469,success
StoneSlates__Horsham_England_heightNA_numstoriesNA_roofshapeNA_fpArea580_imsat_51.06947093-0.31066907.jpg,/scratch/yd3288/RoofNet-xAI/RoofNet-Images/StoneSlates/Horsham_England_heightNA_numstoriesNA_roofshapeNA_fpArea580_imsat_51.06947093-0.31066907.jpg,Horsham_England_heightNA_numstoriesNA_roofshapeNA_fpArea580_imsat_51.06947093-0.31066907.jpg,holdout,transformer_explainability,Horsham England Heightna Numstoriesna Roofshapena Fparea580 Imsat 51.06947093,6,MetalSheetMaterials,0.4811214804649353,IDEA-Research/grounding-dino-base,facebook/sam-vit-huge,building . rooftop . roof,0.2,0.15,1,1,False,395138,80.0,0.0400880053639412,0.20000049134737277,224,224,638,638,0.9830284798844081,0.016971520115591898,0.2013779820353092,0.9812182928177474,0.20215722102151654,81409,79880,396667,395138,0.455,success
StoneSlates__Horsham_England_heightNA_numstoriesNA_roofshapeNA_fpArea954_imsat_51.07831531-0.31473698.jpg,/scratch/yd3288/RoofNet-xAI/RoofNet-Images/StoneSlates/Horsham_England_heightNA_numstoriesNA_roofshapeNA_fpArea954_imsat_51.07831531-0.31473698.jpg,Horsham_England_heightNA_numstoriesNA_roofshapeNA_fpArea954_imsat_51.07831531-0.31473698.jpg,holdout,transformer_explainability,Horsham England Heightna Numstoriesna Roofshapena Fparea954 Imsat 51.07831531,0,Thatch,0.49748846888542175,IDEA-Research/grounding-dino-base,facebook/sam-vit-huge,building . rooftop . roof,0.2,0.15,1,1,False,370386,80.0,0.038316696882247946,0.20000049134737277,224,224,638,638,0.9051298202590494,0.09487017974095062,0.19858280208308463,0.9194806471029001,0.2020972714951429,81409,74854,376941,370386,0.455,success
StoneSlates__Horsham_England_heightNA_numstoriesNA_roofshapeNA_fpArea839_imsat_51.07790831-0.31926689.jpg,/scratch/yd3288/RoofNet-xAI/RoofNet-Images/StoneSlates/Horsham_England_heightNA_numstoriesNA_roofshapeNA_fpArea839_imsat_51.07790831-0.31926689.jpg,Horsham_England_heightNA_numstoriesNA_roofshapeNA_fpArea839_imsat_51.07790831-0.31926689.jpg,holdout,transformer_explainability,Horsham England Heightna Numstoriesna Roofshapena Fparea839 Imsat 51.07790831,1,StoneSlates,0.4700801372528076,IDEA-Research/grounding-dino-base,facebook/sam-vit-huge,building . rooftop . roof,0.2,0.15,2,2,False,353165,80.0,0.04580610617995262,0.2000019684748749,224,224,638,637,0.7379110172216816,0.26208898277831844,0.18368898285689375,0.8294456337196427,0.19089943793977318,81282,67419,367028,353165,0.462,success
StoneSlates__Horsham_England_heightNA_numstoriesNA_roofshapeNA_fpArea1648_imsat_50.91923113-0.24543947.jpg,/scratch/yd3288/RoofNet-xAI/RoofNet-Images/StoneSlates/Horsham_England_heightNA_numstoriesNA_roofshapeNA_fpArea1648_imsat_50.91923113-0.24543947.jpg,Horsham_England_heightNA_numstoriesNA_roofshapeNA_fpArea1648_imsat_50.91923113-0.24543947.jpg,holdout,transformer_explainability,Horsham England Heightna Numstoriesna Roofshapena Fparea1648 Imsat 50.91923113,1,StoneSlates,0.29988396167755127,IDEA-Research/grounding-dino-base,facebook/sam-vit-huge,building . rooftop . roof,0.2,0.15,6,6,False,300365,80.0,0.06074153855443001,0.2000006232199281,224,224,503,638,0.8140124422815966,0.18598755771840333,0.17574131291564804,0.8489787015253261,0.18141261465217318,64183,54490,310058,300365,0.472,success
StoneSlates__Horsham_England_heightNA_numstoriesNA_roofshapeNA_fpArea1349_imsat_51.11960894-0.28328623.jpg,/scratch/yd3288/RoofNet-xAI/RoofNet-Images/StoneSlates/Horsham_England_heightNA_numstoriesNA_roofshapeNA_fpArea1349_imsat_51.11960894-0.28328623.jpg,Horsham_England_heightNA_numstoriesNA_roofshapeNA_fpArea1349_imsat_51.11960894-0.28328623.jpg,holdout,transformer_explainability,Horsham England Heightna Numstoriesna Roofshapena Fparea1349 Imsat 51.11960894,4,ConcreteTiles,0.4236118793487549,IDEA-Research/grounding-dino-base,facebook/sam-vit-huge,building . rooftop . roof,0.2,0.15,4,4,False,301518,80.0,0.04254110008478165,0.2,224,224,633,550,0.7705626048354837,0.22943739516451636,0.18195482975172925,0.8205658480539997,0.18949449120782175,69630,57136,314012,301518,0.465,success
StoneSlates__Horsham_England_heightNA_numstoriesNA_roofshapeNA_fpArea845_imsat_50.91775835-0.46546725.jpg,/scratch/yd3288/RoofNet-xAI/RoofNet-Images/StoneSlates/Horsham_England_heightNA_numstoriesNA_roofshapeNA_fpArea845_imsat_50.91775835-0.46546725.jpg,Horsham_England_heightNA_numstoriesNA_roofshapeNA_fpArea845_imsat_50.91775835-0.46546725.jpg,holdout,transformer_explainability,Horsham England Heightna Numstoriesna Roofshapena Fparea845 Imsat 50.91775835,1,StoneSlates,0.552411675453186,IDEA-Research/grounding-dino-base,facebook/sam-vit-huge,building . rooftop . roof,0.2,0.15,5,5,False,357786,80.0,0.043938841670751586,0.20000049134737277,224,224,638,638,0.8213759174065726,0.1786240825934275,0.1942110558229328,0.877359997051923,0.19963050538590107,81409,71425,367770,357786,0.463,success
StoneSlates__Horsham_England_heightNA_numstoriesNA_roofshapeNA_fpArea661_imsat_50.94555695-0.42471904.jpg,/scratch/yd3288/RoofNet-xAI/RoofNet-Images/StoneSlates/Horsham_England_heightNA_numstoriesNA_roofshapeNA_fpArea661_imsat_50.94555695-0.42471904.jpg,Horsham_England_heightNA_numstoriesNA_roofshapeNA_fpArea661_imsat_50.94555695-0.42471904.jpg,holdout,transformer_explainability,Horsham England Heightna Numstoriesna Roofshapena Fparea661 Imsat 50.94555695,1,StoneSlates,0.3693675398826599,IDEA-Research/grounding-dino-base,facebook/sam-vit-huge,building . rooftop . roof,0.2,0.15,3,3,False,385887,80.0,0.05798157155513771,0.20000049134737277,224,224,638,638,0.9430597417116712,0.05694025828832878,0.19854521578102316,0.9508776670884055,0.20060276713131045,81409,77410,389886,385887,0.457,success
StoneSlates__Horsham_England_heightNA_numstoriesNA_roofshapeNA_fpArea1569_imsat_50.96172762-0.4957246.jpg,/scratch/yd3288/RoofNet-xAI/RoofNet-Images/StoneSlates/Horsham_England_heightNA_numstoriesNA_roofshapeNA_fpArea1569_imsat_50.96172762-0.4957246.jpg,Horsham_England_heightNA_numstoriesNA_roofshapeNA_fpArea1569_imsat_50.96172762-0.4957246.jpg,holdout,transformer_explainability,Horsham England Heightna Numstoriesna Roofshapena Fparea1569 Imsat 50.96172762,10,AmorphousAsphalt,0.4106055498123169,IDEA-Research/grounding-dino-base,facebook/sam-vit-huge,building . rooftop . roof,0.2,0.15,4,4,False,194964,80.0,0.07935347408056262,0.20000305791694697,224,224,394,498,0.9946552866407936,0.005344713359206412,0.20047053758149833,0.9966363427872487,0.20060626577214255,39243,39111,195096,194964,0.484,success
Thatch__Bandar_Seri_Begawan_Brunei_heightNA_numstoriesNA_roofshapeNA_fpArea2530_imsat_4.94381072114.95968821.jpg,/scratch/yd3288/RoofNet-xAI/RoofNet-Images/Thatch/Bandar_Seri_Begawan_Brunei_heightNA_numstoriesNA_roofshapeNA_fpArea2530_imsat_4.94381072114.95968821.jpg,Bandar_Seri_Begawan_Brunei_heightNA_numstoriesNA_roofshapeNA_fpArea2530_imsat_4.94381072114.95968821.jpg,holdout,transformer_explainability,Bandar Seri Begawan Brunei,6,MetalSheetMaterials,0.9704956412315369,IDEA-Research/grounding-dino-base,facebook/sam-vit-huge,building . rooftop . roof,0.2,0.15,1,1,False,287744,80.0,0.06887179911136627,0.20000058814188335,224,224,638,533,0.8354554406893905,0.16454455931060954,0.1954976661659593,0.8553910396847568,0.2021797153024911,68011,58176,297579,287744,0.464,success
Thatch__Horsham_England_heightNA_numstoriesNA_roofshapeNA_fpArea736_imsat_50.93814827-0.43109272.jpg,/scratch/yd3288/RoofNet-xAI/RoofNet-Images/Thatch/Horsham_England_heightNA_numstoriesNA_roofshapeNA_fpArea736_imsat_50.93814827-0.43109272.jpg,Horsham_England_heightNA_numstoriesNA_roofshapeNA_fpArea736_imsat_50.93814827-0.43109272.jpg,holdout,transformer_explainability,Horsham England Heightna Numstoriesna Roofshapena Fparea736 Imsat 50.93814827,4,ConcreteTiles,0.6840888261795044,IDEA-Research/grounding-dino-base,facebook/sam-vit-huge,building . rooftop . roof,0.2,0.15,1,1,False,331343,80.0,0.044153331965208056,0.20000155701799913,224,224,604,638,0.6370761673732672,0.3629238326267328,0.1409263982434135,0.6545522959349171,0.15225008525908199,77071,50447,357967,331343,0.458,success
Thatch__Bangkok_Thailand_heightNA_numstoriesNA_roofshapeNA_fpArea1349_imsat_13.73618679100.41947497.jpg,/scratch/yd3288/RoofNet-xAI/RoofNet-Images/Thatch/Bangkok_Thailand_heightNA_numstoriesNA_roofshapeNA_fpArea1349_imsat_13.73618679100.41947497.jpg,Bangkok_Thailand_heightNA_numstoriesNA_roofshapeNA_fpArea1349_imsat_13.73618679100.41947497.jpg,holdout,transformer_explainability,Bangkok Thailand,4,ConcreteTiles,0.42562296986579895,IDEA-Research/grounding-dino-base,facebook/sam-vit-huge,building . rooftop . roof,0.2,0.15,2,2,False,374673,80.0,0.08486892879009249,0.20000049134737277,224,224,638,638,0.95151776498909,0.04848223501091001,0.20662359583260578,0.9593533884459949,0.2084484337008538,81409,78100,377982,374673,0.447,success
Thatch__Dodoma_Tanzania_heightNA_numstoriesNA_roofshapeNA_fpArea780_imsat_-6.1525432435.70811354.jpg,/scratch/yd3288/RoofNet-xAI/RoofNet-Images/Thatch/Dodoma_Tanzania_heightNA_numstoriesNA_roofshapeNA_fpArea780_imsat_-6.1525432435.70811354.jpg,Dodoma_Tanzania_heightNA_numstoriesNA_roofshapeNA_fpArea780_imsat_-6.1525432435.70811354.jpg,holdout,transformer_explainability,Dodoma Tanzania Heightna Numstoriesna Roofshapena Fparea780 Imsat ,6,MetalSheetMaterials,0.9098073244094849,IDEA-Research/grounding-dino-base,facebook/sam-vit-huge,building . rooftop . roof,0.2,0.15,1,1,False,273076,80.0,0.10131809115409854,0.2,224,224,638,515,0.8840346112205575,0.11596538877944254,0.2100809720937376,0.8950451958486776,0.21538692525157832,65714,58817,279973,273076,0.466,success
Thatch__Dodoma_Tanzania_heightNA_numstoriesNA_roofshapeNA_fpArea374_imsat_-6.1491510435.70997743.jpg,/scratch/yd3288/RoofNet-xAI/RoofNet-Images/Thatch/Dodoma_Tanzania_heightNA_numstoriesNA_roofshapeNA_fpArea374_imsat_-6.1491510435.70997743.jpg,Dodoma_Tanzania_heightNA_numstoriesNA_roofshapeNA_fpArea374_imsat_-6.1491510435.70997743.jpg,holdout,transformer_explainability,Dodoma Tanzania Heightna Numstoriesna Roofshapena Fparea374 Imsat ,6,MetalSheetMaterials,0.3518475890159607,IDEA-Research/grounding-dino-base,facebook/sam-vit-huge,building . rooftop . roof,0.2,0.15,3,3,False,401722,80.0,0.09595612585544587,0.20000049134737277,224,224,638,638,0.9799603847612659,0.020039615238734154,0.19859829314280045,0.9833187976759327,0.19926964418179735,81409,80051,403080,401722,0.459,success
Thatch__Dodoma_Tanzania_heightNA_numstoriesNA_roofshapeNA_fpArea662_imsat_-6.4669402836.29163673.jpg,/scratch/yd3288/RoofNet-xAI/RoofNet-Images/Thatch/Dodoma_Tanzania_heightNA_numstoriesNA_roofshapeNA_fpArea662_imsat_-6.4669402836.29163673.jpg,Dodoma_Tanzania_heightNA_numstoriesNA_roofshapeNA_fpArea662_imsat_-6.4669402836.29163673.jpg,holdout,transformer_explainability,Dodoma Tanzania Heightna Numstoriesna Roofshapena Fparea662 Imsat ,2,ClayTiles,0.5452775359153748,IDEA-Research/grounding-dino-base,facebook/sam-vit-huge,building . rooftop . roof,0.2,0.15,2,2,False,231617,80.0,0.09416108131408692,0.2,224,224,638,465,0.8110145300490507,0.18898546995094934,0.20350025232260893,0.829153605015674,0.2124066886282095,59334,49197,241754,231617,0.478,success
Unknown__Westport_Oklahoma-midwest-flooding_00000196_pre_disaster_0276ade0-6525-44d3-a3e1-7bfd20e8b40f.png,/scratch/yd3288/RoofNet-xAI/RoofNet-Images/Unknown/Westport_Oklahoma-midwest-flooding_00000196_pre_disaster_0276ade0-6525-44d3-a3e1-7bfd20e8b40f.png,Westport_Oklahoma-midwest-flooding_00000196_pre_disaster_0276ade0-6525-44d3-a3e1-7bfd20e8b40f.png,holdout,transformer_explainability,Westport Oklahoma,10,AmorphousAsphalt,0.7113885879516602,IDEA-Research/grounding-dino-base,facebook/sam-vit-huge,building . rooftop . roof,0.2,0.15,2,2,False,4565,80.0,0.04553519487380985,0.2,224,224,55,83,1.0,0.0,0.2,1.0,0.2,913,913,4565,4565,4.364,success
Unknown__Westport_Oklahoma-midwest-flooding_00000206_pre_disaster_0bec24c3-63c9-4f73-b148-f666fdb6e348.png,/scratch/yd3288/RoofNet-xAI/RoofNet-Images/Unknown/Westport_Oklahoma-midwest-flooding_00000206_pre_disaster_0bec24c3-63c9-4f73-b148-f666fdb6e348.png,Westport_Oklahoma-midwest-flooding_00000206_pre_disaster_0bec24c3-63c9-4f73-b148-f666fdb6e348.png,holdout,transformer_explainability,Westport Oklahoma,6,MetalSheetMaterials,0.9969053864479065,IDEA-Research/grounding-dino-base,facebook/sam-vit-huge,building . rooftop . roof,0.2,0.15,3,3,False,3695,80.0,0.07447770684957504,0.20016142050040356,224,224,59,63,0.9952212291050094,0.00477877089499061,0.20102813852813853,0.9986559139784946,0.20108254397834913,744,743,3696,3695,0.476,success
Unknown__Slick_Oklahoma-midwest-flooding_00000219_pre_disaster_657d20bc-5b37-468e-971a-130adabe31c6.png,/scratch/yd3288/RoofNet-xAI/RoofNet-Images/Unknown/Slick_Oklahoma-midwest-flooding_00000219_pre_disaster_657d20bc-5b37-468e-971a-130adabe31c6.png,Slick_Oklahoma-midwest-flooding_00000219_pre_disaster_657d20bc-5b37-468e-971a-130adabe31c6.png,holdout,transformer_explainability,Slick Oklahoma,11,AmorphousMembrane,0.9979275465011597,IDEA-Research/grounding-dino-base,facebook/sam-vit-huge,building . rooftop . roof,0.2,0.15,3,3,False,878,80.0,0.07069579511880875,0.2002997002997003,224,224,77,52,0.32183004221463785,0.6781699577853622,0.2453669384729429,0.41271820448877805,0.37699316628701596,802,331,1349,878,0.511,success
Unknown__Westport_Oklahoma-midwest-flooding_00000223_pre_disaster_9e554c0f-47b4-47b2-b763-977e7266e545.png,/scratch/yd3288/RoofNet-xAI/RoofNet-Images/Unknown/Westport_Oklahoma-midwest-flooding_00000223_pre_disaster_9e554c0f-47b4-47b2-b763-977e7266e545.png,Westport_Oklahoma-midwest-flooding_00000223_pre_disaster_9e554c0f-47b4-47b2-b763-977e7266e545.png,holdout,transformer_explainability,Westport Oklahoma,6,MetalSheetMaterials,0.911994457244873,IDEA-Research/grounding-dino-base,facebook/sam-vit-huge,building . rooftop . roof,0.2,0.15,3,3,False,4032,80.0,0.033418624103069304,0.20014880952380953,224,224,63,64,1.0,0.0,0.20014880952380953,1.0,0.20014880952380953,807,807,4032,4032,0.469,success
Unknown__Westport_Oklahoma-midwest-flooding_00000223_pre_disaster_9aabcff9-9c45-4731-a10b-733b5e77d048.png,/scratch/yd3288/RoofNet-xAI/RoofNet-Images/Unknown/Westport_Oklahoma-midwest-flooding_00000223_pre_disaster_9aabcff9-9c45-4731-a10b-733b5e77d048.png,Westport_Oklahoma-midwest-flooding_00000223_pre_disaster_9aabcff9-9c45-4731-a10b-733b5e77d048.png,holdout,transformer_explainability,Westport Oklahoma,2,ClayTiles,0.6288889646530151,IDEA-Research/grounding-dino-base,facebook/sam-vit-huge,building . rooftop . roof,0.2,0.15,2,2,False,5624,80.0,0.05571126565337184,0.20003556187766713,224,224,74,76,1.0,0.0,0.20003556187766713,1.0,0.20003556187766713,1125,1125,5624,5624,0.473,success
Unknown__Westport_Oklahoma-midwest-flooding_00000237_pre_disaster_1b3d0c58-a65e-41af-9bfe-a38962091bc3.png,/scratch/yd3288/RoofNet-xAI/RoofNet-Images/Unknown/Westport_Oklahoma-midwest-flooding_00000237_pre_disaster_1b3d0c58-a65e-41af-9bfe-a38962091bc3.png,Westport_Oklahoma-midwest-flooding_00000237_pre_disaster_1b3d0c58-a65e-41af-9bfe-a38962091bc3.png,holdout,transformer_explainability,Westport Oklahoma,13,Unknown,0.6389618515968323,IDEA-Research/grounding-dino-base,facebook/sam-vit-huge,building . rooftop . roof,0.2,0.15,2,2,False,725,80.0,0.09610094875097279,0.2000387672029463,224,224,77,67,0.3157588393210139,0.6842411606789861,0.4366312346688471,0.5174418604651163,0.736551724137931,1032,534,1223,725,0.479,success
Unknown__Westport_Oklahoma-midwest-flooding_00000249_pre_disaster_11386888-cbf3-4918-b01d-00b271e88c09.png,/scratch/yd3288/RoofNet-xAI/RoofNet-Images/Unknown/Westport_Oklahoma-midwest-flooding_00000249_pre_disaster_11386888-cbf3-4918-b01d-00b271e88c09.png,Westport_Oklahoma-midwest-flooding_00000249_pre_disaster_11386888-cbf3-4918-b01d-00b271e88c09.png,holdout,transformer_explainability,Westport Oklahoma,6,MetalSheetMaterials,0.9952168464660645,IDEA-Research/grounding-dino-base,facebook/sam-vit-huge,building . rooftop . roof,0.2,0.15,2,2,False,3834,80.0,0.08696345239877701,0.20005216484089725,224,224,54,71,1.0,0.0,0.20005216484089725,1.0,0.20005216484089725,767,767,3834,3834,0.5,success
Unknown__Slick_Oklahoma-midwest-flooding_00000252_pre_disaster_c525fd77-e289-4567-bf00-f17cd9b2aa29.png,/scratch/yd3288/RoofNet-xAI/RoofNet-Images/Unknown/Slick_Oklahoma-midwest-flooding_00000252_pre_disaster_c525fd77-e289-4567-bf00-f17cd9b2aa29.png,Slick_Oklahoma-midwest-flooding_00000252_pre_disaster_c525fd77-e289-4567-bf00-f17cd9b2aa29.png,holdout,transformer_explainability,Slick Oklahoma,6,MetalSheetMaterials,0.9936807155609131,IDEA-Research/grounding-dino-base,facebook/sam-vit-huge,building . rooftop . roof,0.2,0.15,1,1,False,505,80.0,0.06478414982557297,0.2001180637544274,224,224,66,77,0.19663799119729067,0.8033620088027094,0.35048802129547474,0.38839724680432647,0.7821782178217822,1017,395,1127,505,0.482,success
Unknown__Westport_Oklahoma-midwest-flooding_00000259_pre_disaster_156bb18c-3bd7-42e4-8fe4-ad578799d3e2.png,/scratch/yd3288/RoofNet-xAI/RoofNet-Images/Unknown/Westport_Oklahoma-midwest-flooding_00000259_pre_disaster_156bb18c-3bd7-42e4-8fe4-ad578799d3e2.png,Westport_Oklahoma-midwest-flooding_00000259_pre_disaster_156bb18c-3bd7-42e4-8fe4-ad578799d3e2.png,holdout,transformer_explainability,Westport Oklahoma,6,MetalSheetMaterials,0.9980260729789734,IDEA-Research/grounding-dino-base,facebook/sam-vit-huge,building . rooftop . roof,0.2,0.15,3,3,False,4705,80.0,0.024808411300182357,0.2,224,224,86,55,0.9979330260711619,0.002066973928838092,0.20029736618521665,0.9968287526427061,0.20042507970244422,946,943,4708,4705,0.509,success
Unknown__Slick_Oklahoma-midwest-flooding_00000267_pre_disaster_7bd02089-1100-4837-ba18-22db7e8896c9.png,/scratch/yd3288/RoofNet-xAI/RoofNet-Images/Unknown/Slick_Oklahoma-midwest-flooding_00000267_pre_disaster_7bd02089-1100-4837-ba18-22db7e8896c9.png,Slick_Oklahoma-midwest-flooding_00000267_pre_disaster_7bd02089-1100-4837-ba18-22db7e8896c9.png,holdout,transformer_explainability,Slick Oklahoma,10,AmorphousAsphalt,0.38675200939178467,IDEA-Research/grounding-dino-base,facebook/sam-vit-huge,building . rooftop . roof,0.2,0.15,7,7,False,4690,80.0,0.054570271074771914,0.2,224,224,67,70,1.0,0.0,0.2,1.0,0.2,938,938,4690,4690,0.512,success
Unknown__Westport_Oklahoma-midwest-flooding_00000285_pre_disaster_753eb128-6f2a-409b-a94a-1d3ed69fb7be.png,/scratch/yd3288/RoofNet-xAI/RoofNet-Images/Unknown/Westport_Oklahoma-midwest-flooding_00000285_pre_disaster_753eb128-6f2a-409b-a94a-1d3ed69fb7be.png,Westport_Oklahoma-midwest-flooding_00000285_pre_disaster_753eb128-6f2a-409b-a94a-1d3ed69fb7be.png,holdout,transformer_explainability,Westport Oklahoma,9,AmorphousConcrete,0.8578827977180481,IDEA-Research/grounding-dino-base,facebook/sam-vit-huge,building . rooftop . roof,0.2,0.15,2,2,False,5625,80.0,0.09974331855773924,0.2,224,224,75,75,1.0,0.0,0.2,1.0,0.2,1125,1125,5625,5625,0.473,success
Unknown__Westport_Oklahoma-midwest-flooding_00000285_pre_disaster_2440807e-8c03-492e-883f-e75c17901bba.png,/scratch/yd3288/RoofNet-xAI/RoofNet-Images/Unknown/Westport_Oklahoma-midwest-flooding_00000285_pre_disaster_2440807e-8c03-492e-883f-e75c17901bba.png,Westport_Oklahoma-midwest-flooding_00000285_pre_disaster_2440807e-8c03-492e-883f-e75c17901bba.png,holdout,transformer_explainability,Westport Oklahoma,6,MetalSheetMaterials,0.5819978713989258,IDEA-Research/grounding-dino-base,facebook/sam-vit-huge,building . rooftop . roof,0.2,0.15,6,6,False,3660,80.0,0.05515636727213862,0.2,224,224,60,61,1.0,0.0,0.2,1.0,0.2,732,732,3660,3660,0.479,success
Unknown__Westport_Oklahoma-midwest-flooding_00000289_pre_disaster_9c45607c-c898-47f8-9f05-83de99f5f50c.png,/scratch/yd3288/RoofNet-xAI/RoofNet-Images/Unknown/Westport_Oklahoma-midwest-flooding_00000289_pre_disaster_9c45607c-c898-47f8-9f05-83de99f5f50c.png,Westport_Oklahoma-midwest-flooding_00000289_pre_disaster_9c45607c-c898-47f8-9f05-83de99f5f50c.png,holdout,transformer_explainability,Westport Oklahoma,6,MetalSheetMaterials,0.9168771505355835,IDEA-Research/grounding-dino-base,facebook/sam-vit-huge,building . rooftop . roof,0.2,0.15,2,2,False,3978,80.0,0.08882807344198228,0.20010055304172952,224,224,51,78,1.0,0.0,0.20010055304172952,1.0,0.20010055304172952,796,796,3978,3978,0.522,success
Unknown__Slick_Oklahoma-midwest-flooding_00000304_pre_disaster_65747bb5-92dd-457f-abda-4040ea4f7781.png,/scratch/yd3288/RoofNet-xAI/RoofNet-Images/Unknown/Slick_Oklahoma-midwest-flooding_00000304_pre_disaster_65747bb5-92dd-457f-abda-4040ea4f7781.png,Slick_Oklahoma-midwest-flooding_00000304_pre_disaster_65747bb5-92dd-457f-abda-4040ea4f7781.png,holdout,transformer_explainability,Slick Oklahoma,12,AmorphousFabric,0.7410720586776733,IDEA-Research/grounding-dino-base,facebook/sam-vit-huge,building . rooftop . roof,0.2,0.15,4,4,False,5146,80.0,0.08766423165798187,0.20033482142857142,224,224,84,64,0.932676992891268,0.06732300710873193,0.18804887361588393,0.914577530176416,0.19141080450835601,1077,985,5238,5146,0.502,success
Unknown__Slick_Oklahoma-midwest-flooding_00000313_pre_disaster_05fa5949-e3ed-476c-902e-e2057f621f57.png,/scratch/yd3288/RoofNet-xAI/RoofNet-Images/Unknown/Slick_Oklahoma-midwest-flooding_00000313_pre_disaster_05fa5949-e3ed-476c-902e-e2057f621f57.png,Slick_Oklahoma-midwest-flooding_00000313_pre_disaster_05fa5949-e3ed-476c-902e-e2057f621f57.png,holdout,transformer_explainability,Slick Oklahoma,6,MetalSheetMaterials,0.9945937991142273,IDEA-Research/grounding-dino-base,facebook/sam-vit-huge,building . rooftop . roof,0.2,0.15,1,1,False,3717,80.0,0.03862417712807655,0.20016142050040356,224,224,63,59,1.0,0.0,0.20016142050040356,1.0,0.20016142050040356,744,744,3717,3717,0.47,success
Unknown__Slick_Oklahoma-midwest-flooding_00000313_pre_disaster_38ac1180-1df1-46dc-9069-ff98ed3141c0.png,/scratch/yd3288/RoofNet-xAI/RoofNet-Images/Unknown/Slick_Oklahoma-midwest-flooding_00000313_pre_disaster_38ac1180-1df1-46dc-9069-ff98ed3141c0.png,Slick_Oklahoma-midwest-flooding_00000313_pre_disaster_38ac1180-1df1-46dc-9069-ff98ed3141c0.png,holdout,transformer_explainability,Slick Oklahoma,6,MetalSheetMaterials,0.9959509372711182,IDEA-Research/grounding-dino-base,facebook/sam-vit-huge,building . rooftop . roof,0.2,0.15,5,5,False,4550,80.0,0.02913891859352589,0.2,224,224,65,70,1.0,0.0,0.2,1.0,0.2,910,910,4550,4550,0.473,success
Unknown__Westport_Oklahoma-midwest-flooding_00000322_pre_disaster_48ab38ec-8a19-4ede-9732-641e769e021e.png,/scratch/yd3288/RoofNet-xAI/RoofNet-Images/Unknown/Westport_Oklahoma-midwest-flooding_00000322_pre_disaster_48ab38ec-8a19-4ede-9732-641e769e021e.png,Westport_Oklahoma-midwest-flooding_00000322_pre_disaster_48ab38ec-8a19-4ede-9732-641e769e021e.png,holdout,transformer_explainability,Westport Oklahoma,6,MetalSheetMaterials,0.9875842928886414,IDEA-Research/grounding-dino-base,facebook/sam-vit-huge,building . rooftop . roof,0.2,0.15,1,1,False,5073,80.0,0.02576942034065725,0.20007884880741178,224,224,89,57,1.0,0.0,0.20007884880741178,1.0,0.20007884880741178,1015,1015,5073,5073,0.519,success
Unknown__Slick_Oklahoma-midwest-flooding_00000355_pre_disaster_b5c28723-5954-45f9-b39e-a54e83285e2f.png,/scratch/yd3288/RoofNet-xAI/RoofNet-Images/Unknown/Slick_Oklahoma-midwest-flooding_00000355_pre_disaster_b5c28723-5954-45f9-b39e-a54e83285e2f.png,Slick_Oklahoma-midwest-flooding_00000355_pre_disaster_b5c28723-5954-45f9-b39e-a54e83285e2f.png,holdout,transformer_explainability,Slick Oklahoma,11,AmorphousMembrane,0.9917791485786438,IDEA-Research/grounding-dino-base,facebook/sam-vit-huge,building . rooftop . roof,0.2,0.15,2,2,False,4729,80.0,0.05329150408506396,0.200082850041425,224,224,71,68,0.9715155482581311,0.028484451741868852,0.19291998324256387,0.953416149068323,0.1947557623176147,966,921,4774,4729,0.474,success
Unknown__Westport_Oklahoma-midwest-flooding_00000359_pre_disaster_36d6e4ed-1051-411f-b168-30f5eb6c3858.png,/scratch/yd3288/RoofNet-xAI/RoofNet-Images/Unknown/Westport_Oklahoma-midwest-flooding_00000359_pre_disaster_36d6e4ed-1051-411f-b168-30f5eb6c3858.png,Westport_Oklahoma-midwest-flooding_00000359_pre_disaster_36d6e4ed-1051-411f-b168-30f5eb6c3858.png,holdout,transformer_explainability,Westport Oklahoma,6,MetalSheetMaterials,0.9261754155158997,IDEA-Research/grounding-dino-base,facebook/sam-vit-huge,building . rooftop . roof,0.2,0.15,1,1,False,4130,80.0,0.07845829129219056,0.2,224,224,70,59,1.0,0.0,0.2,1.0,0.2,826,826,4130,4130,0.49,success
Unknown__Westport_Oklahoma-midwest-flooding_00000359_pre_disaster_8babb876-eed9-4c8f-ada6-d0b83d5b6f95.png,/scratch/yd3288/RoofNet-xAI/RoofNet-Images/Unknown/Westport_Oklahoma-midwest-flooding_00000359_pre_disaster_8babb876-eed9-4c8f-ada6-d0b83d5b6f95.png,Westport_Oklahoma-midwest-flooding_00000359_pre_disaster_8babb876-eed9-4c8f-ada6-d0b83d5b6f95.png,holdout,transformer_explainability,Westport Oklahoma,11,AmorphousMembrane,0.9936956763267517,IDEA-Research/grounding-dino-base,facebook/sam-vit-huge,building . rooftop . roof,0.2,0.15,0,1,True,4256,80.0,0.046181682497262955,0.20018796992481203,224,224,56,76,1.0,0.0,0.20018796992481203,1.0,0.20018796992481203,852,852,4256,4256,0.497,success
Unknown__Slick_Oklahoma-midwest-flooding_00000367_pre_disaster_5d299d2b-01d1-4400-bac8-0b7fcbe44104.png,/scratch/yd3288/RoofNet-xAI/RoofNet-Images/Unknown/Slick_Oklahoma-midwest-flooding_00000367_pre_disaster_5d299d2b-01d1-4400-bac8-0b7fcbe44104.png,Slick_Oklahoma-midwest-flooding_00000367_pre_disaster_5d299d2b-01d1-4400-bac8-0b7fcbe44104.png,holdout,transformer_explainability,Slick Oklahoma,6,MetalSheetMaterials,0.3370917737483978,IDEA-Research/grounding-dino-base,facebook/sam-vit-huge,building . rooftop . roof,0.2,0.15,7,7,False,1362,80.0,0.07474603354930878,0.20004288164665524,224,224,53,88,0.44580310793721345,0.5541968920627866,0.2995469988674972,0.5669882100750268,0.38839941262848754,933,529,1766,1362,0.54,success
Unknown__Slick_Oklahoma-midwest-flooding_00000401_pre_disaster_a05f613c-a963-4993-9f31-620df1a28676.png,/scratch/yd3288/RoofNet-xAI/RoofNet-Images/Unknown/Slick_Oklahoma-midwest-flooding_00000401_pre_disaster_a05f613c-a963-4993-9f31-620df1a28676.png,Slick_Oklahoma-midwest-flooding_00000401_pre_disaster_a05f613c-a963-4993-9f31-620df1a28676.png,holdout,transformer_explainability,Slick Oklahoma,6,MetalSheetMaterials,0.9981971383094788,IDEA-Research/grounding-dino-base,facebook/sam-vit-huge,building . rooftop . roof,0.2,0.15,2,2,False,1735,80.0,0.05298560783267021,0.2,224,224,55,102,0.3296590386982682,0.6703409613017318,0.19639865996649916,0.4180035650623886,0.2703170028818444,1122,469,2388,1735,0.506,success
Unknown__Slick_Oklahoma-midwest-flooding_00000408_pre_disaster_524c4cda-8d5d-4652-ac52-b6e858c45bca.png,/scratch/yd3288/RoofNet-xAI/RoofNet-Images/Unknown/Slick_Oklahoma-midwest-flooding_00000408_pre_disaster_524c4cda-8d5d-4652-ac52-b6e858c45bca.png,Slick_Oklahoma-midwest-flooding_00000408_pre_disaster_524c4cda-8d5d-4652-ac52-b6e858c45bca.png,holdout,transformer_explainability,Slick Oklahoma,6,MetalSheetMaterials,0.931292712688446,IDEA-Research/grounding-dino-base,facebook/sam-vit-huge,building . rooftop . roof,0.2,0.15,1,1,False,4030,80.0,0.06159966588020326,0.2,224,224,62,65,1.0,0.0,0.2,1.0,0.2,806,806,4030,4030,0.478,success
Unknown__Slick_Oklahoma-midwest-flooding_00000411_pre_disaster_21aea257-a467-4186-be62-1384abb7ceb5.png,/scratch/yd3288/RoofNet-xAI/RoofNet-Images/Unknown/Slick_Oklahoma-midwest-flooding_00000411_pre_disaster_21aea257-a467-4186-be62-1384abb7ceb5.png,Slick_Oklahoma-midwest-flooding_00000411_pre_disaster_21aea257-a467-4186-be62-1384abb7ceb5.png,holdout,transformer_explainability,Slick Oklahoma,6,MetalSheetMaterials,0.9877358078956604,IDEA-Research/grounding-dino-base,facebook/sam-vit-huge,building . rooftop . roof,0.2,0.15,4,4,False,4620,80.0,0.06505394279956818,0.2,224,224,66,70,1.0,0.0,0.2,1.0,0.2,924,924,4620,4620,0.479,success
Unknown__Slick_Oklahoma-midwest-flooding_00000435_pre_disaster_6ccdcfa7-d56e-463f-9bcc-a7306b72212e.png,/scratch/yd3288/RoofNet-xAI/RoofNet-Images/Unknown/Slick_Oklahoma-midwest-flooding_00000435_pre_disaster_6ccdcfa7-d56e-463f-9bcc-a7306b72212e.png,Slick_Oklahoma-midwest-flooding_00000435_pre_disaster_6ccdcfa7-d56e-463f-9bcc-a7306b72212e.png,holdout,transformer_explainability,Slick Oklahoma,10,AmorphousAsphalt,0.8574117422103882,IDEA-Research/grounding-dino-base,facebook/sam-vit-huge,building . rooftop . roof,0.2,0.15,5,5,False,2177,80.0,0.07739333361387253,0.20003770739064858,224,224,78,68,0.5468998566210229,0.45310014337897714,0.29158356601515756,0.6889726672950047,0.33578318787322003,1061,731,2507,2177,0.494,success
Thatch__Kampala_Uganda_heightNA_numstoriesNA_roofshapeNA_fpArea672_imsat_0.2560191232.61915075.jpg,/scratch/yd3288/RoofNet-xAI/RoofNet-Images/Thatch/Kampala_Uganda_heightNA_numstoriesNA_roofshapeNA_fpArea672_imsat_0.2560191232.61915075.jpg,Kampala_Uganda_heightNA_numstoriesNA_roofshapeNA_fpArea672_imsat_0.2560191232.61915075.jpg,holdout,transformer_explainability,Kampala Uganda,6,MetalSheetMaterials,0.9609566926956177,IDEA-Research/grounding-dino-base,facebook/sam-vit-huge,building . rooftop . roof,0.2,0.15,2,2,False,259453,80.0,0.0824838325381279,0.20000126403074123,224,224,638,496,0.8643245685577542,0.13567543144224584,0.20866211028929876,0.8803602464844367,0.21475180475847264,63290,55718,267025,259453,1.041,success
Thatch__Kuala_Lumpur_Malaysia_heightNA_numstoriesNA_roofshapeNA_fpArea2156_imsat_3.1059712101.7516927.jpg,/scratch/yd3288/RoofNet-xAI/RoofNet-Images/Thatch/Kuala_Lumpur_Malaysia_heightNA_numstoriesNA_roofshapeNA_fpArea2156_imsat_3.1059712101.7516927.jpg,Kuala_Lumpur_Malaysia_heightNA_numstoriesNA_roofshapeNA_fpArea2156_imsat_3.1059712101.7516927.jpg,holdout,transformer_explainability,Kuala Lumpur Malaysia,6,MetalSheetMaterials,0.9430525302886963,IDEA-Research/grounding-dino-base,facebook/sam-vit-huge,building . rooftop . roof,0.2,0.15,6,6,False,383461,80.0,0.04430093243718147,0.2000127750316919,224,224,638,638,0.927673421276717,0.07232657872328292,0.1897388780688801,0.9106296214410298,0.19333908793853874,81414,74138,390737,383461,0.441,success
WoodTiles__Zurich_Switzerland_heightNA_numstoriesNA_roofshapeNA_fpArea549_imsat_47.38137228.50197665.jpg,/scratch/yd3288/RoofNet-xAI/RoofNet-Images/WoodTiles/Zurich_Switzerland_heightNA_numstoriesNA_roofshapeNA_fpArea549_imsat_47.38137228.50197665.jpg,Zurich_Switzerland_heightNA_numstoriesNA_roofshapeNA_fpArea549_imsat_47.38137228.50197665.jpg,holdout,transformer_explainability,Zurich Switzerland,2,ClayTiles,0.9804129004478455,IDEA-Research/grounding-dino-base,facebook/sam-vit-huge,building . rooftop . roof,0.2,0.15,2,2,False,376831,80.0,0.119385926425457,0.20000049134737277,224,224,638,638,0.9734462689935095,0.02655373100649055,0.2157196713439401,0.9987962018941394,0.21577577216311822,81409,81311,376929,376831,0.437,success
Unknown__Haiti-hurricane-matthew_00000399_pre_disaster_fa96e777-06f7-4a8d-a748-8385c45b29d2.png,/scratch/yd3288/RoofNet-xAI/RoofNet-Images/Unknown/Haiti-hurricane-matthew_00000399_pre_disaster_fa96e777-06f7-4a8d-a748-8385c45b29d2.png,Haiti-hurricane-matthew_00000399_pre_disaster_fa96e777-06f7-4a8d-a748-8385c45b29d2.png,holdout,transformer_explainability,Haiti,9,AmorphousConcrete,0.6403670310974121,IDEA-Research/grounding-dino-base,facebook/sam-vit-huge,building . rooftop . roof,0.2,0.15,3,3,False,3091,80.0,0.07379560619592679,0.2,224,224,63,60,0.8693693642241028,0.13063063577589723,0.21394761754496686,0.8968253968253969,0.21934648980912327,756,678,3169,3091,0.428,success
Unknown__Lynn_Haven_Florida-hurricane-michael_00000014_pre_disaster_559a31de-1d4d-4074-abd9-3a892b42b1cc.png,/scratch/yd3288/RoofNet-xAI/RoofNet-Images/Unknown/Lynn_Haven_Florida-hurricane-michael_00000014_pre_disaster_559a31de-1d4d-4074-abd9-3a892b42b1cc.png,Lynn_Haven_Florida-hurricane-michael_00000014_pre_disaster_559a31de-1d4d-4074-abd9-3a892b42b1cc.png,holdout,transformer_explainability,Lynn Haven Florida,6,MetalSheetMaterials,0.9904990792274475,IDEA-Research/grounding-dino-base,facebook/sam-vit-huge,building . rooftop . roof,0.2,0.15,1,1,False,4154,80.0,0.04473581016063691,0.20004814636494944,224,224,62,67,1.0,0.0,0.20004814636494944,1.0,0.20004814636494944,831,831,4154,4154,0.474,success
Unknown__Lynn_Haven_Florida-hurricane-michael_00000049_pre_disaster_86c29700-a220-4f84-9dd7-35c543b48e76.png,/scratch/yd3288/RoofNet-xAI/RoofNet-Images/Unknown/Lynn_Haven_Florida-hurricane-michael_00000049_pre_disaster_86c29700-a220-4f84-9dd7-35c543b48e76.png,Lynn_Haven_Florida-hurricane-michael_00000049_pre_disaster_86c29700-a220-4f84-9dd7-35c543b48e76.png,holdout,transformer_explainability,Lynn Haven Florida,6,MetalSheetMaterials,0.6455725431442261,IDEA-Research/grounding-dino-base,facebook/sam-vit-huge,building . rooftop . roof,0.2,0.15,2,2,False,3869,80.0,0.02466772720217705,0.20005169294391315,224,224,53,73,1.0,0.0,0.20005169294391315,1.0,0.20005169294391315,774,774,3869,3869,0.495,success
Unknown__Lynn_Haven_Florida-hurricane-michael_00000059_pre_disaster_8ed1574a-39cf-4088-b44c-6bd1af7e42cd.png,/scratch/yd3288/RoofNet-xAI/RoofNet-Images/Unknown/Lynn_Haven_Florida-hurricane-michael_00000059_pre_disaster_8ed1574a-39cf-4088-b44c-6bd1af7e42cd.png,Lynn_Haven_Florida-hurricane-michael_00000059_pre_disaster_8ed1574a-39cf-4088-b44c-6bd1af7e42cd.png,holdout,transformer_explainability,Lynn Haven Florida,9,AmorphousConcrete,0.9901012182235718,IDEA-Research/grounding-dino-base,facebook/sam-vit-huge,building . rooftop . roof,0.2,0.15,4,4,False,2922,80.0,0.059662297368049615,0.2,224,224,79,65,0.6242131293043964,0.3757868706956035,0.22071097372488407,0.6952288218111002,0.24435318275154005,1027,714,3235,2922,0.488,success
Unknown__Lynn_Haven_Florida-hurricane-michael_00000072_pre_disaster_48c52d91-09f2-4444-b4bc-46b134de1a3c.png,/scratch/yd3288/RoofNet-xAI/RoofNet-Images/Unknown/Lynn_Haven_Florida-hurricane-michael_00000072_pre_disaster_48c52d91-09f2-4444-b4bc-46b134de1a3c.png,Lynn_Haven_Florida-hurricane-michael_00000072_pre_disaster_48c52d91-09f2-4444-b4bc-46b134de1a3c.png,holdout,transformer_explainability,Lynn Haven Florida,10,AmorphousAsphalt,0.694911777973175,IDEA-Research/grounding-dino-base,facebook/sam-vit-huge,building . rooftop . roof,0.2,0.15,1,1,False,4640,80.0,0.057467773556709296,0.2,224,224,58,80,1.0,0.0,0.2,1.0,0.2,928,928,4640,4640,0.494,success
Unknown__Lynn_Haven_Florida-hurricane-michael_00000072_pre_disaster_3d26aec9-674c-45ca-aca4-dfa7cd46c964.png,/scratch/yd3288/RoofNet-xAI/RoofNet-Images/Unknown/Lynn_Haven_Florida-hurricane-michael_00000072_pre_disaster_3d26aec9-674c-45ca-aca4-dfa7cd46c964.png,Lynn_Haven_Florida-hurricane-michael_00000072_pre_disaster_3d26aec9-674c-45ca-aca4-dfa7cd46c964.png,holdout,transformer_explainability,Lynn Haven Florida,6,MetalSheetMaterials,0.8268813490867615,IDEA-Research/grounding-dino-base,facebook/sam-vit-huge,building . rooftop . roof,0.2,0.15,0,1,True,4160,80.0,0.045632474869489695,0.2,224,224,64,65,1.0,0.0,0.2,1.0,0.2,832,832,4160,4160,0.47,success
Unknown__Lynn_Haven_Florida-hurricane-michael_00000077_pre_disaster_b119f1d8-8854-45a0-8acd-f071bf601b7e.png,/scratch/yd3288/RoofNet-xAI/RoofNet-Images/Unknown/Lynn_Haven_Florida-hurricane-michael_00000077_pre_disaster_b119f1d8-8854-45a0-8acd-f071bf601b7e.png,Lynn_Haven_Florida-hurricane-michael_00000077_pre_disaster_b119f1d8-8854-45a0-8acd-f071bf601b7e.png,holdout,transformer_explainability,Lynn Haven Florida,6,MetalSheetMaterials,0.9864488244056702,IDEA-Research/grounding-dino-base,facebook/sam-vit-huge,building . rooftop . roof,0.2,0.15,1,1,False,3869,80.0,0.09065112918615342,0.20005169294391315,224,224,53,73,1.0,0.0,0.20005169294391315,1.0,0.20005169294391315,774,774,3869,3869,0.487,success
Unknown__Lynn_Haven_Florida-hurricane-michael_00000085_pre_disaster_e75b09c3-862b-43ad-92a5-2c20833f86fe.png,/scratch/yd3288/RoofNet-xAI/RoofNet-Images/Unknown/Lynn_Haven_Florida-hurricane-michael_00000085_pre_disaster_e75b09c3-862b-43ad-92a5-2c20833f86fe.png,Lynn_Haven_Florida-hurricane-michael_00000085_pre_disaster_e75b09c3-862b-43ad-92a5-2c20833f86fe.png,holdout,transformer_explainability,Lynn Haven Florida,3,AsphaltTiles,0.3718302547931671,IDEA-Research/grounding-dino-base,facebook/sam-vit-huge,building . rooftop . roof,0.2,0.15,1,1,False,4864,80.0,0.038603171706199646,0.2002467105263158,224,224,64,76,1.0,0.0,0.2002467105263158,1.0,0.2002467105263158,974,974,4864,4864,0.48,success
Unknown__Lynn_Haven_Florida-hurricane-michael_00000090_pre_disaster_5608e48e-112a-42b8-b916-3e78d3596dbe.png,/scratch/yd3288/RoofNet-xAI/RoofNet-Images/Unknown/Lynn_Haven_Florida-hurricane-michael_00000090_pre_disaster_5608e48e-112a-42b8-b916-3e78d3596dbe.png,Lynn_Haven_Florida-hurricane-michael_00000090_pre_disaster_5608e48e-112a-42b8-b916-3e78d3596dbe.png,holdout,transformer_explainability,Lynn Haven Florida,10,AmorphousAsphalt,0.5012445449829102,IDEA-Research/grounding-dino-base,facebook/sam-vit-huge,building . rooftop . roof,0.2,0.15,5,5,False,5255,80.0,0.04388187453150749,0.20015220700152206,224,224,72,73,0.9999890556280676,1.0944371932389178e-05,0.20019029495718363,1.0,0.20019029495718363,1052,1052,5255,5255,0.473,success
Unknown__Lynn_Haven_Florida-hurricane-michael_00000092_pre_disaster_5f679bcf-d7fb-46ea-89c7-ba940be98943.png,/scratch/yd3288/RoofNet-xAI/RoofNet-Images/Unknown/Lynn_Haven_Florida-hurricane-michael_00000092_pre_disaster_5f679bcf-d7fb-46ea-89c7-ba940be98943.png,Lynn_Haven_Florida-hurricane-michael_00000092_pre_disaster_5f679bcf-d7fb-46ea-89c7-ba940be98943.png,holdout,transformer_explainability,Lynn Haven Florida,6,MetalSheetMaterials,0.9630481600761414,IDEA-Research/grounding-dino-base,facebook/sam-vit-huge,building . rooftop . roof,0.2,0.15,2,2,False,3710,80.0,0.03361722752451897,0.2,224,224,70,53,1.0,0.0,0.2,1.0,0.2,742,742,3710,3710,0.495,success
Unknown__Lynn_Haven_Florida-hurricane-michael_00000109_pre_disaster_a2c729a0-91d3-4fc1-9b69-799edbb167ab.png,/scratch/yd3288/RoofNet-xAI/RoofNet-Images/Unknown/Lynn_Haven_Florida-hurricane-michael_00000109_pre_disaster_a2c729a0-91d3-4fc1-9b69-799edbb167ab.png,Lynn_Haven_Florida-hurricane-michael_00000109_pre_disaster_a2c729a0-91d3-4fc1-9b69-799edbb167ab.png,holdout,transformer_explainability,Lynn Haven Florida,6,MetalSheetMaterials,0.9957142472267151,IDEA-Research/grounding-dino-base,facebook/sam-vit-huge,building . rooftop . roof,0.2,0.15,1,1,False,3176,80.0,0.023749535530805596,0.2,224,224,39,85,0.947066574690658,0.052933425309341926,0.19334783960211377,0.9381598793363499,0.19584382871536524,663,622,3217,3176,0.49,success
Unknown__Lynn_Haven_Florida-hurricane-michael_00000112_pre_disaster_ce8d2e26-1dfc-40fb-93c7-b0bd06a24d06.png,/scratch/yd3288/RoofNet-xAI/RoofNet-Images/Unknown/Lynn_Haven_Florida-hurricane-michael_00000112_pre_disaster_ce8d2e26-1dfc-40fb-93c7-b0bd06a24d06.png,Lynn_Haven_Florida-hurricane-michael_00000112_pre_disaster_ce8d2e26-1dfc-40fb-93c7-b0bd06a24d06.png,holdout,transformer_explainability,Lynn Haven Florida,10,AmorphousAsphalt,0.8224133849143982,IDEA-Research/grounding-dino-base,facebook/sam-vit-huge,building . rooftop . roof,0.2,0.15,3,3,False,5184,80.0,0.04490064457058908,0.20003858024691357,224,224,72,72,1.0,0.0,0.20003858024691357,1.0,0.20003858024691357,1037,1037,5184,5184,0.467,success
Unknown__Lynn_Haven_Florida-hurricane-michael_00000147_pre_disaster_269c4b43-a30d-4405-9aea-1ce58d0c1ffd.png,/scratch/yd3288/RoofNet-xAI/RoofNet-Images/Unknown/Lynn_Haven_Florida-hurricane-michael_00000147_pre_disaster_269c4b43-a30d-4405-9aea-1ce58d0c1ffd.png,Lynn_Haven_Florida-hurricane-michael_00000147_pre_disaster_269c4b43-a30d-4405-9aea-1ce58d0c1ffd.png,holdout,transformer_explainability,Lynn Haven Florida,6,MetalSheetMaterials,0.7164143919944763,IDEA-Research/grounding-dino-base,facebook/sam-vit-huge,building . rooftop . roof,0.2,0.15,4,4,False,4480,80.0,0.039814745634794244,0.2,224,224,64,70,1.0,0.0,0.2,1.0,0.2,896,896,4480,4480,0.481,success
Unknown__Lynn_Haven_Florida-hurricane-michael_00000162_pre_disaster_ec4bfae1-d627-4012-9207-5e4470ecff4d.png,/scratch/yd3288/RoofNet-xAI/RoofNet-Images/Unknown/Lynn_Haven_Florida-hurricane-michael_00000162_pre_disaster_ec4bfae1-d627-4012-9207-5e4470ecff4d.png,Lynn_Haven_Florida-hurricane-michael_00000162_pre_disaster_ec4bfae1-d627-4012-9207-5e4470ecff4d.png,holdout,transformer_explainability,Lynn Haven Florida,6,MetalSheetMaterials,0.575031042098999,IDEA-Research/grounding-dino-base,facebook/sam-vit-huge,building . rooftop . roof,0.2,0.15,5,5,False,5043,80.0,0.03147471323609352,0.2001585414189457,224,224,87,58,0.9995367013354397,0.00046329866456025243,0.20027761253222287,1.0,0.20027761253222287,1010,1010,5043,5043,0.512,success
Unknown__Lynn_Haven_Florida-hurricane-michael_00000206_pre_disaster_91ed7ee0-f88a-420c-8741-2c6d38e94e44.png,/scratch/yd3288/RoofNet-xAI/RoofNet-Images/Unknown/Lynn_Haven_Florida-hurricane-michael_00000206_pre_disaster_91ed7ee0-f88a-420c-8741-2c6d38e94e44.png,Lynn_Haven_Florida-hurricane-michael_00000206_pre_disaster_91ed7ee0-f88a-420c-8741-2c6d38e94e44.png,holdout,transformer_explainability,Lynn Haven Florida,6,MetalSheetMaterials,0.974170446395874,IDEA-Research/grounding-dino-base,facebook/sam-vit-huge,building . rooftop . roof,0.2,0.15,2,2,False,4575,80.0,0.05532415360212328,0.2,224,224,75,61,1.0,0.0,0.2,1.0,0.2,915,915,4575,4575,0.484,success
Unknown__Lynn_Haven_Florida-hurricane-michael_00000271_pre_disaster_376fb906-b6a4-4d95-b3e0-2308b3f0fffa.png,/scratch/yd3288/RoofNet-xAI/RoofNet-Images/Unknown/Lynn_Haven_Florida-hurricane-michael_00000271_pre_disaster_376fb906-b6a4-4d95-b3e0-2308b3f0fffa.png,Lynn_Haven_Florida-hurricane-michael_00000271_pre_disaster_376fb906-b6a4-4d95-b3e0-2308b3f0fffa.png,holdout,transformer_explainability,Lynn Haven Florida,11,AmorphousMembrane,0.9998248219490051,IDEA-Research/grounding-dino-base,facebook/sam-vit-huge,building . rooftop . roof,0.2,0.15,2,2,False,3266,80.0,0.03481578677892686,0.2,224,224,74,65,0.6419136991779705,0.3580863008220295,0.1319946452476573,0.5124740124740125,0.15094917330067362,962,493,3735,3266,0.486,success
Unknown__Lynn_Haven_Florida-hurricane-michael_00000287_pre_disaster_4652f9cc-e7b5-47d9-ad0d-4013db1f2d38.png,/scratch/yd3288/RoofNet-xAI/RoofNet-Images/Unknown/Lynn_Haven_Florida-hurricane-michael_00000287_pre_disaster_4652f9cc-e7b5-47d9-ad0d-4013db1f2d38.png,Lynn_Haven_Florida-hurricane-michael_00000287_pre_disaster_4652f9cc-e7b5-47d9-ad0d-4013db1f2d38.png,holdout,transformer_explainability,Lynn Haven Florida,2,ClayTiles,0.738918662071228,IDEA-Research/grounding-dino-base,facebook/sam-vit-huge,building . rooftop . roof,0.2,0.15,2,2,False,4020,80.0,0.037693670392036444,0.2,224,224,67,60,1.0,0.0,0.2,1.0,0.2,804,804,4020,4020,0.481,success
Unknown__Lynn_Haven_Florida-hurricane-michael_00000289_pre_disaster_291c9ce6-3625-4996-9a3e-93dee080ca42.png,/scratch/yd3288/RoofNet-xAI/RoofNet-Images/Unknown/Lynn_Haven_Florida-hurricane-michael_00000289_pre_disaster_291c9ce6-3625-4996-9a3e-93dee080ca42.png,Lynn_Haven_Florida-hurricane-michael_00000289_pre_disaster_291c9ce6-3625-4996-9a3e-93dee080ca42.png,holdout,transformer_explainability,Lynn Haven Florida,6,MetalSheetMaterials,0.9826854467391968,IDEA-Research/grounding-dino-base,facebook/sam-vit-huge,building . rooftop . roof,0.2,0.15,5,5,False,820,80.0,0.04032028988003731,0.20004145936981757,224,224,67,72,0.32330081630933816,0.6766991836906618,0.35329795299469297,0.48290155440414506,0.5682926829268292,965,466,1319,820,0.489,success
Unknown__Lynn_Haven_Florida-hurricane-michael_00000443_pre_disaster_3a60f076-be97-48f3-9ff9-41b98aae5099.png,/scratch/yd3288/RoofNet-xAI/RoofNet-Images/Unknown/Lynn_Haven_Florida-hurricane-michael_00000443_pre_disaster_3a60f076-be97-48f3-9ff9-41b98aae5099.png,Lynn_Haven_Florida-hurricane-michael_00000443_pre_disaster_3a60f076-be97-48f3-9ff9-41b98aae5099.png,holdout,transformer_explainability,Lynn Haven Florida,10,AmorphousAsphalt,0.9353430271148682,IDEA-Research/grounding-dino-base,facebook/sam-vit-huge,building . rooftop . roof,0.2,0.15,2,2,False,4096,80.0,0.09528067708015442,0.2001953125,224,224,64,64,1.0,0.0,0.2001953125,1.0,0.2001953125,820,820,4096,4096,0.472,success
Unknown__Lynn_Haven_Florida-hurricane-michael_00000501_pre_disaster_5c70d0a5-06a3-400c-86e9-8f4eda97384f.png,/scratch/yd3288/RoofNet-xAI/RoofNet-Images/Unknown/Lynn_Haven_Florida-hurricane-michael_00000501_pre_disaster_5c70d0a5-06a3-400c-86e9-8f4eda97384f.png,Lynn_Haven_Florida-hurricane-michael_00000501_pre_disaster_5c70d0a5-06a3-400c-86e9-8f4eda97384f.png,holdout,transformer_explainability,Lynn Haven Florida,11,AmorphousMembrane,0.6373544335365295,IDEA-Research/grounding-dino-base,facebook/sam-vit-huge,building . rooftop . roof,0.2,0.15,3,3,False,147,80.0,0.048807154595851915,0.2,224,224,80,51,0.06782508815712704,0.9321749118428729,0.10309278350515463,0.11029411764705882,0.6122448979591837,816,90,873,147,0.521,success
Unknown__Lynn_Haven_Florida-hurricane-michael_00000517_pre_disaster_5195ec4a-9e32-40d8-b906-7e35f210df2b.png,/scratch/yd3288/RoofNet-xAI/RoofNet-Images/Unknown/Lynn_Haven_Florida-hurricane-michael_00000517_pre_disaster_5195ec4a-9e32-40d8-b906-7e35f210df2b.png,Lynn_Haven_Florida-hurricane-michael_00000517_pre_disaster_5195ec4a-9e32-40d8-b906-7e35f210df2b.png,holdout,transformer_explainability,Lynn Haven Florida,6,MetalSheetMaterials,0.8324497938156128,IDEA-Research/grounding-dino-base,facebook/sam-vit-huge,building . rooftop . roof,0.2,0.15,4,4,False,1354,80.0,0.05137689337134362,0.20013630168105406,224,224,71,62,0.4469387241857783,0.5530612758142217,0.28448275862068967,0.5618615209988649,0.3655834564254062,881,495,1740,1354,0.485,success
Unknown__Lynn_Haven_Florida-hurricane-michael_00000521_pre_disaster_83bfe937-15eb-4121-aaa4-dc5a892f214c.png,/scratch/yd3288/RoofNet-xAI/RoofNet-Images/Unknown/Lynn_Haven_Florida-hurricane-michael_00000521_pre_disaster_83bfe937-15eb-4121-aaa4-dc5a892f214c.png,Lynn_Haven_Florida-hurricane-michael_00000521_pre_disaster_83bfe937-15eb-4121-aaa4-dc5a892f214c.png,holdout,transformer_explainability,Lynn Haven Florida,10,AmorphousAsphalt,0.9580399394035339,IDEA-Research/grounding-dino-base,facebook/sam-vit-huge,building . rooftop . roof,0.2,0.15,2,2,False,4224,80.0,0.06310645490884782,0.20004734848484848,224,224,66,64,1.0,0.0,0.20004734848484848,1.0,0.20004734848484848,845,845,4224,4224,0.486,success
Unknown__Lynn_Haven_Florida-hurricane-michael_00000523_pre_disaster_1f6d0e13-0444-462c-a624-f96b0ce20add.png,/scratch/yd3288/RoofNet-xAI/RoofNet-Images/Unknown/Lynn_Haven_Florida-hurricane-michael_00000523_pre_disaster_1f6d0e13-0444-462c-a624-f96b0ce20add.png,Lynn_Haven_Florida-hurricane-michael_00000523_pre_disaster_1f6d0e13-0444-462c-a624-f96b0ce20add.png,holdout,transformer_explainability,Lynn Haven Florida,10,AmorphousAsphalt,0.7173255085945129,IDEA-Research/grounding-dino-base,facebook/sam-vit-huge,building . rooftop . roof,0.2,0.15,1,1,False,3920,80.0,0.05911322385072709,0.2,224,224,70,56,1.0,0.0,0.2,1.0,0.2,784,784,3920,3920,0.487,success
Unknown__Mexico_City_Mexico-mexico-earthquake_00000007_pre_disaster_d4956bb9-ae7e-455f-aff1-5fe1ffeae014.png,/scratch/yd3288/RoofNet-xAI/RoofNet-Images/Unknown/Mexico_City_Mexico-mexico-earthquake_00000007_pre_disaster_d4956bb9-ae7e-455f-aff1-5fe1ffeae014.png,Mexico_City_Mexico-mexico-earthquake_00000007_pre_disaster_d4956bb9-ae7e-455f-aff1-5fe1ffeae014.png,holdout,transformer_explainability,Mexico City Mexico,11,AmorphousMembrane,0.773145854473114,IDEA-Research/grounding-dino-base,facebook/sam-vit-huge,building . rooftop . roof,0.2,0.15,5,5,False,5808,80.0,0.060567127913236644,0.200068870523416,224,224,88,66,1.0,0.0,0.200068870523416,1.0,0.200068870523416,1162,1162,5808,5808,0.513,success
Unknown__Mexico_City_Mexico-mexico-earthquake_00000100_pre_disaster_95a7c428-6e75-4050-9e01-f8be28f87c48.png,/scratch/yd3288/RoofNet-xAI/RoofNet-Images/Unknown/Mexico_City_Mexico-mexico-earthquake_00000100_pre_disaster_95a7c428-6e75-4050-9e01-f8be28f87c48.png,Mexico_City_Mexico-mexico-earthquake_00000100_pre_disaster_95a7c428-6e75-4050-9e01-f8be28f87c48.png,holdout,transformer_explainability,Mexico City Mexico,9,AmorphousConcrete,0.4834432601928711,IDEA-Research/grounding-dino-base,facebook/sam-vit-huge,building . rooftop . roof,0.2,0.15,5,5,False,3564,80.0,0.08900681585073474,0.20015991471215352,224,224,56,67,0.9486296171923938,0.05137038280760618,0.1962850013861935,0.9427430093209055,0.19865319865319866,751,708,3607,3564,0.488,success
Unknown__Osage_Oklahoma-midwest-flooding_00000077_pre_disaster_aefbe509-5ddf-4b16-9ecb-51b5ec5fae6a.png,/scratch/yd3288/RoofNet-xAI/RoofNet-Images/Unknown/Osage_Oklahoma-midwest-flooding_00000077_pre_disaster_aefbe509-5ddf-4b16-9ecb-51b5ec5fae6a.png,Osage_Oklahoma-midwest-flooding_00000077_pre_disaster_aefbe509-5ddf-4b16-9ecb-51b5ec5fae6a.png,holdout,transformer_explainability,Osage Oklahoma,11,AmorphousMembrane,0.9999727010726929,IDEA-Research/grounding-dino-base,facebook/sam-vit-huge,building . rooftop . roof,0.2,0.15,4,4,False,4519,80.0,0.07312221080064774,0.20017559262510976,224,224,67,68,0.9879891945521171,0.012010805447882958,0.19572875385292823,0.9747807017543859,0.19672493914582873,912,889,4542,4519,0.477,success
Unknown__Osage_Oklahoma-midwest-flooding_00000077_pre_disaster_78d4fdaf-bf44-4083-a2f9-693b0e78a1f0.png,/scratch/yd3288/RoofNet-xAI/RoofNet-Images/Unknown/Osage_Oklahoma-midwest-flooding_00000077_pre_disaster_78d4fdaf-bf44-4083-a2f9-693b0e78a1f0.png,Osage_Oklahoma-midwest-flooding_00000077_pre_disaster_78d4fdaf-bf44-4083-a2f9-693b0e78a1f0.png,holdout,transformer_explainability,Osage Oklahoma,2,ClayTiles,0.9999641180038452,IDEA-Research/grounding-dino-base,facebook/sam-vit-huge,building . rooftop . roof,0.2,0.15,3,3,False,3589,80.0,0.03754911720752716,0.2000555709919422,224,224,59,61,0.9958816963807565,0.004118303619243495,0.19894268224819142,0.9930555555555556,0.19921983839509613,720,715,3594,3589,0.478,success
Unknown__Osage_Oklahoma-midwest-flooding_00000103_pre_disaster_07a2b920-7e36-4b99-8077-6c8e3c744645.png,/scratch/yd3288/RoofNet-xAI/RoofNet-Images/Unknown/Osage_Oklahoma-midwest-flooding_00000103_pre_disaster_07a2b920-7e36-4b99-8077-6c8e3c744645.png,Osage_Oklahoma-midwest-flooding_00000103_pre_disaster_07a2b920-7e36-4b99-8077-6c8e3c744645.png,holdout,transformer_explainability,Osage Oklahoma,10,AmorphousAsphalt,0.9429739713668823,IDEA-Research/grounding-dino-base,facebook/sam-vit-huge,building . rooftop . roof,0.2,0.15,0,1,True,4998,80.0,0.04732264652848249,0.2,224,224,85,59,0.9938187811557155,0.0061812188442844675,0.19780439121756488,0.9880358923230309,0.19827931172468988,1003,991,5010,4998,0.509,success
Unknown__Osage_Oklahoma-midwest-flooding_00000109_pre_disaster_8f308553-e5b9-45e5-ba2b-0b116f0dc1d4.png,/scratch/yd3288/RoofNet-xAI/RoofNet-Images/Unknown/Osage_Oklahoma-midwest-flooding_00000109_pre_disaster_8f308553-e5b9-45e5-ba2b-0b116f0dc1d4.png,Osage_Oklahoma-midwest-flooding_00000109_pre_disaster_8f308553-e5b9-45e5-ba2b-0b116f0dc1d4.png,holdout,transformer_explainability,Osage Oklahoma,6,MetalSheetMaterials,0.9989033937454224,IDEA-Research/grounding-dino-base,facebook/sam-vit-huge,building . rooftop . roof,0.2,0.15,2,2,False,4428,80.0,0.04359530061483383,0.2000903342366757,224,224,54,82,1.0,0.0,0.2000903342366757,1.0,0.2000903342366757,886,886,4428,4428,0.512,success
Unknown__Osage_Oklahoma-midwest-flooding_00000109_pre_disaster_4e6e69eb-b3a4-4e0a-84cf-4cab9e9784a9.png,/scratch/yd3288/RoofNet-xAI/RoofNet-Images/Unknown/Osage_Oklahoma-midwest-flooding_00000109_pre_disaster_4e6e69eb-b3a4-4e0a-84cf-4cab9e9784a9.png,Osage_Oklahoma-midwest-flooding_00000109_pre_disaster_4e6e69eb-b3a4-4e0a-84cf-4cab9e9784a9.png,holdout,transformer_explainability,Osage Oklahoma,6,MetalSheetMaterials,0.3377615809440613,IDEA-Research/grounding-dino-base,facebook/sam-vit-huge,building . rooftop . roof,0.2,0.15,1,1,False,946,80.0,0.02894266955554486,0.2,224,224,60,65,0.16287922585353146,0.8371207741464686,0.04606060606060606,0.09743589743589744,0.080338266384778,780,76,1650,946,0.489,success
Unknown__Osage_Oklahoma-midwest-flooding_00000113_pre_disaster_12dd638f-3427-433f-b42d-eb629772200f.png,/scratch/yd3288/RoofNet-xAI/RoofNet-Images/Unknown/Osage_Oklahoma-midwest-flooding_00000113_pre_disaster_12dd638f-3427-433f-b42d-eb629772200f.png,Osage_Oklahoma-midwest-flooding_00000113_pre_disaster_12dd638f-3427-433f-b42d-eb629772200f.png,holdout,transformer_explainability,Osage Oklahoma,11,AmorphousMembrane,0.9991550445556641,IDEA-Research/grounding-dino-base,facebook/sam-vit-huge,building . rooftop . roof,0.2,0.15,4,4,False,4542,80.0,0.052394740283489255,0.20008804754567466,224,224,77,59,0.9997752101573797,0.00022478984262025783,0.2001321003963012,1.0,0.2001321003963012,909,909,4542,4542,0.509,success
Unknown__Osage_Oklahoma-midwest-flooding_00000114_pre_disaster_3654f0a1-ddc4-428d-a6c9-323a9bd41391.png,/scratch/yd3288/RoofNet-xAI/RoofNet-Images/Unknown/Osage_Oklahoma-midwest-flooding_00000114_pre_disaster_3654f0a1-ddc4-428d-a6c9-323a9bd41391.png,Osage_Oklahoma-midwest-flooding_00000114_pre_disaster_3654f0a1-ddc4-428d-a6c9-323a9bd41391.png,holdout,transformer_explainability,Osage Oklahoma,6,MetalSheetMaterials,0.9025429487228394,IDEA-Research/grounding-dino-base,facebook/sam-vit-huge,building . rooftop . roof,0.2,0.15,1,1,False,4900,80.0,0.03407879397273066,0.2,224,224,70,70,1.0,0.0,0.2,1.0,0.2,980,980,4900,4900,0.492,success
Unknown__Osage_Oklahoma-midwest-flooding_00000120_pre_disaster_3fb115c7-3db2-4a45-be7a-70cc454417b6.png,/scratch/yd3288/RoofNet-xAI/RoofNet-Images/Unknown/Osage_Oklahoma-midwest-flooding_00000120_pre_disaster_3fb115c7-3db2-4a45-be7a-70cc454417b6.png,Osage_Oklahoma-midwest-flooding_00000120_pre_disaster_3fb115c7-3db2-4a45-be7a-70cc454417b6.png,holdout,transformer_explainability,Osage Oklahoma,11,AmorphousMembrane,0.8138996362686157,IDEA-Research/grounding-dino-base,facebook/sam-vit-huge,building . rooftop . roof,0.2,0.15,2,2,False,2834,80.0,0.07615604847669602,0.20021037868162692,224,224,46,62,0.9922783612755153,0.007721638724484703,0.19936597393448396,0.9912434325744308,0.19971771347918138,571,566,2839,2834,0.505,success
Unknown__Osage_Oklahoma-midwest-flooding_00000130_pre_disaster_fd1b2c9c-5c15-490e-a042-0bbe826f57f8.png,/scratch/yd3288/RoofNet-xAI/RoofNet-Images/Unknown/Osage_Oklahoma-midwest-flooding_00000130_pre_disaster_fd1b2c9c-5c15-490e-a042-0bbe826f57f8.png,Osage_Oklahoma-midwest-flooding_00000130_pre_disaster_fd1b2c9c-5c15-490e-a042-0bbe826f57f8.png,holdout,transformer_explainability,Osage Oklahoma,6,MetalSheetMaterials,0.8859463930130005,IDEA-Research/grounding-dino-base,facebook/sam-vit-huge,building . rooftop . roof,0.2,0.15,1,1,False,717,80.0,0.04282693564891815,0.2001799370220423,224,224,57,78,0.1831265387884508,0.8168734612115491,0.20014936519790888,0.30112359550561796,0.3737796373779637,890,268,1339,717,0.51,success
Unknown__Osage_Oklahoma-midwest-flooding_00000130_pre_disaster_a0872260-81c5-47a2-81b8-ec0abe03df55.png,/scratch/yd3288/RoofNet-xAI/RoofNet-Images/Unknown/Osage_Oklahoma-midwest-flooding_00000130_pre_disaster_a0872260-81c5-47a2-81b8-ec0abe03df55.png,Osage_Oklahoma-midwest-flooding_00000130_pre_disaster_a0872260-81c5-47a2-81b8-ec0abe03df55.png,holdout,transformer_explainability,Osage Oklahoma,14,GreenVegetative,0.5330133438110352,IDEA-Research/grounding-dino-base,facebook/sam-vit-huge,building . rooftop . roof,0.2,0.15,5,5,False,769,80.0,0.06686872094869618,0.2,224,224,76,60,0.2956685745291562,0.7043314254708438,0.3589329021827001,0.4868421052631579,0.577373211963589,912,444,1237,769,0.493,success
Unknown__Westport_Oklahoma-midwest-flooding_00000166_pre_disaster_ab22f2f9-3d7a-4037-90a1-9bb8581356db.png,/scratch/yd3288/RoofNet-xAI/RoofNet-Images/Unknown/Westport_Oklahoma-midwest-flooding_00000166_pre_disaster_ab22f2f9-3d7a-4037-90a1-9bb8581356db.png,Westport_Oklahoma-midwest-flooding_00000166_pre_disaster_ab22f2f9-3d7a-4037-90a1-9bb8581356db.png,holdout,transformer_explainability,Westport Oklahoma,14,GreenVegetative,0.9207003116607666,IDEA-Research/grounding-dino-base,facebook/sam-vit-huge,building . rooftop . roof,0.2,0.15,2,2,False,131,80.0,0.05086666718125344,0.20004420866489833,224,224,58,78,0.04377886988964232,0.9562211301103577,0.10095642933049948,0.10497237569060773,0.7251908396946565,905,95,941,131,0.499,success
Unknown__Osage_Oklahoma-midwest-flooding_00000170_pre_disaster_706d98d8-f41f-48bb-a6f0-be6ddf5a1e03.png,/scratch/yd3288/RoofNet-xAI/RoofNet-Images/Unknown/Osage_Oklahoma-midwest-flooding_00000170_pre_disaster_706d98d8-f41f-48bb-a6f0-be6ddf5a1e03.png,Osage_Oklahoma-midwest-flooding_00000170_pre_disaster_706d98d8-f41f-48bb-a6f0-be6ddf5a1e03.png,holdout,transformer_explainability,Osage Oklahoma,11,AmorphousMembrane,0.9999557733535767,IDEA-Research/grounding-dino-base,facebook/sam-vit-huge,building . rooftop . roof,0.2,0.15,4,4,False,4570,80.0,0.05631834343075753,0.2,224,224,67,70,0.9716328898130228,0.02836711018697722,0.19713105846555096,0.9669509594882729,0.1984682713347921,938,907,4601,4570,0.477,success
